Using pre-set license
Built from '6000.0/staging' branch; Version is '6000.0.60f1 (f02d6f9f9009) revision 15740271'; Using compiler version '193933523'; Build Type 'Release'
OS: 'Windows 11  (10.0.26200) 64bit Professional' Language: 'ru' Physical Memory: 32090 MB
BatchMode: 1, IsHumanControllingUs: 0, StartBugReporterOnCrash: 0, Is64bit: 1
Date: 2026-08-09T17:32:17Z

COMMAND LINE ARGUMENTS:
C:\Program Files\Unity\Hub\Editor\6000.0.60f1\Editor\Unity.exe
-adb2
-batchMode
-noUpm
-name
AssetImportWorker11
-projectPath
C:/Users/step2/Desktop/Walk to biome
-logFile
Logs/AssetImportWorker11.log
-srvPort
52701
-job-worker-count
5
-background-job-worker-count
8
-gc-helper-count
1
-name
AssetImport
Successfully changed project path to: C:/Users/step2/Desktop/Walk to biome
C:/Users/step2/Desktop/Walk to biome
[UnityMemory] Configuration Parameters - Can be set up in boot.config
    "memorysetup-bucket-allocator-granularity=16"
    "memorysetup-bucket-allocator-bucket-count=8"
    "memorysetup-bucket-allocator-block-size=33554432"
    "memorysetup-bucket-allocator-block-count=8"
    "memorysetup-main-allocator-block-size=16777216"
    "memorysetup-thread-allocator-block-size=16777216"
    "memorysetup-gfx-main-allocator-block-size=16777216"
    "memorysetup-gfx-thread-allocator-block-size=16777216"
    "memorysetup-cache-allocator-block-size=4194304"
    "memorysetup-typetree-allocator-block-size=2097152"
    "memorysetup-profiler-bucket-allocator-granularity=16"
    "memorysetup-profiler-bucket-allocator-bucket-count=8"
    "memorysetup-profiler-bucket-allocator-block-size=33554432"
    "memorysetup-profiler-bucket-allocator-block-count=8"
    "memorysetup-profiler-allocator-block-size=16777216"
    "memorysetup-profiler-editor-allocator-block-size=1048576"
    "memorysetup-temp-allocator-size-main=16777216"
    "memorysetup-job-temp-allocator-block-size=2097152"
    "memorysetup-job-temp-allocator-block-size-background=1048576"
    "memorysetup-job-temp-allocator-reduction-small-platforms=262144"
    "memorysetup-allocator-temp-initial-block-size-main=262144"
    "memorysetup-allocator-temp-initial-block-size-worker=262144"
    "memorysetup-temp-allocator-size-background-worker=32768"
    "memorysetup-temp-allocator-size-job-worker=262144"
    "memorysetup-temp-allocator-size-preload-manager=33554432"
    "memorysetup-temp-allocator-size-nav-mesh-worker=65536"
    "memorysetup-temp-allocator-size-audio-worker=65536"
    "memorysetup-temp-allocator-size-cloud-worker=32768"
    "memorysetup-temp-allocator-size-gi-baking-worker=262144"
    "memorysetup-temp-allocator-size-gi-baking-worker=262144"
    "memorysetup-temp-allocator-size-gi-baking-worker=262144"
    "memorysetup-temp-allocator-size-gi-baking-worker=262144"
    "memorysetup-temp-allocator-size-gi-baking-worker=262144"
    "memorysetup-temp-allocator-size-gfx=262144"
Player connection [16764]  Target information:

Player connection [16764]  * "[IP] 192.168.0.16 [Port] 0 [Flags] 2 [Guid] 1628247224 [EditorId] 1628247224 [Version] 1048832 [Id] WindowsEditor(7,step) [Debug] 1 [PackageName] WindowsEditor [ProjectName] Editor" 

Player connection [16764]  * "[IP] 26.183.195.198 [Port] 0 [Flags] 2 [Guid] 1628247224 [EditorId] 1628247224 [Version] 1048832 [Id] WindowsEditor(7,step) [Debug] 1 [PackageName] WindowsEditor [ProjectName] Editor" 

Player connection [16764]  * "[IP] 198.18.0.1 [Port] 0 [Flags] 2 [Guid] 1628247224 [EditorId] 1628247224 [Version] 1048832 [Id] WindowsEditor(7,step) [Debug] 1 [PackageName] WindowsEditor [ProjectName] Editor" 

Player connection [16764] Host joined multi-casting on [225.0.0.222:54997]...
Player connection [16764] Host joined alternative multi-casting on [225.0.0.222:34997]...
JobSystem: Creating JobQueue using job-worker-count value 5
Input System module state changed to: Initialized.
[Physics::Module] Initialized fallback backend.
[Physics::Module] Id: 0xdecafbad
Library Redirect Path: Library/
[Physics::Module] Selected backend.
[Physics::Module] Name: PhysX
[Physics::Module] Id: 0xf2b8ea05
[Physics::Module] SDK Version: 4.1.2
[Physics::Module] Integration Version: 1.0.0
[Physics::Module] Threading Mode: Multi-Threaded
Refreshing native plugins compatible for Editor in 2.90 ms, found 3 plugins.
Preloading 0 native plugins for Editor in 0.00 ms.
Initialize engine version: 6000.0.60f1 (f02d6f9f9009)
[Subsystems] Discovering subsystems at path C:/Program Files/Unity/Hub/Editor/6000.0.60f1/Editor/Data/Resources/UnitySubsystems
[Subsystems] Discovering subsystems at path C:/Users/step2/Desktop/Walk to biome/Assets
GfxDevice: creating device client; kGfxThreadingModeNonThreaded
Direct3D:
    Version:  Direct3D 11.0 [level 11.1]
    Renderer: NVIDIA GeForce GTX 1650 (ID=0x1f9d)
    Vendor:   NVIDIA
    VRAM:     3935 MB
    Driver:   32.0.16.1062
Initialize mono
Mono path[0] = 'C:/Program Files/Unity/Hub/Editor/6000.0.60f1/Editor/Data/Managed'
Mono path[1] = 'C:/Program Files/Unity/Hub/Editor/6000.0.60f1/Editor/Data/MonoBleedingEdge/lib/mono/unityjit-win32'
Mono config path = 'C:/Program Files/Unity/Hub/Editor/6000.0.60f1/Editor/Data/MonoBleedingEdge/etc'
Using monoOptions --debugger-agent=transport=dt_socket,embedding=1,server=y,suspend=n,address=127.0.0.1:56252
Begin MonoManager ReloadAssembly
Registering precompiled unity dll's ...
Register platform support module: C:/Program Files/Unity/Hub/Editor/6000.0.60f1/Editor/Data/PlaybackEngines/WindowsStandaloneSupport/UnityEditor.WindowsStandalone.Extensions.dll
Register platform support module: C:/Program Files/Unity/Hub/Editor/6000.0.60f1/Editor/Data/PlaybackEngines/AndroidPlayer/UnityEditor.Android.Extensions.dll
Register platform support module: C:/Program Files/Unity/Hub/Editor/6000.0.60f1/Editor/Data/PlaybackEngines/iOSSupport/UnityEditor.iOS.Extensions.dll
Registered in 0.007332 seconds.
- Loaded All Assemblies, in  0.525 seconds
[usbmuxd] Start listen thread
[usbmuxd] Listen thread started
[usbmuxd] Send listen message
Native extension for iOS target not found
Native extension for Android target not found
Android Extension - Scanning For ADB Devices 320 ms
Native extension for WindowsStandalone target not found
Mono: successfully reloaded assembly
- Finished resetting the current domain, in  0.825 seconds
Domain Reload Profiling: 1346ms
	BeginReloadAssembly (177ms)
		ExecutionOrderSort (0ms)
		DisableScriptedObjects (0ms)
		BackupInstance (0ms)
		ReleaseScriptingObjects (0ms)
		CreateAndSetChildDomain (1ms)
	RebuildCommonClasses (47ms)
	RebuildNativeTypeToScriptingClass (16ms)
	initialDomainReloadingComplete (73ms)
	LoadAllAssembliesAndSetupDomain (208ms)
		LoadAssemblies (174ms)
		RebuildTransferFunctionScriptingTraits (0ms)
		AnalyzeDomain (203ms)
			TypeCache.Refresh (201ms)
				TypeCache.ScanAssembly (185ms)
			BuildScriptInfoCaches (0ms)
			ResolveRequiredComponents (1ms)
	FinalizeReload (826ms)
		ReleaseScriptCaches (0ms)
		RebuildScriptCaches (0ms)
		SetupLoadedEditorAssemblies (773ms)
			LogAssemblyErrors (0ms)
			InitializePlatformSupportModulesInManaged (439ms)
			SetLoadedEditorAssemblies (7ms)
			BeforeProcessingInitializeOnLoad (86ms)
			ProcessInitializeOnLoadAttributes (171ms)
			ProcessInitializeOnLoadMethodAttributes (70ms)
			AfterProcessingInitializeOnLoad (0ms)
			EditorAssembliesLoaded (0ms)
		ExecutionOrderSort2 (0ms)
		AwakeInstancesAfterBackupRestoration (0ms)
========================================================================
Worker process is ready to serve import requests
Import Worker Mode flag is 0x00
Begin MonoManager ReloadAssembly
- Loaded All Assemblies, in  1.001 seconds
Refreshing native plugins compatible for Editor in 1.61 ms, found 3 plugins.
Native extension for iOS target not found
Native extension for Android target not found
Native extension for WindowsStandalone target not found
Package Manager log level set to [2]
[Package Manager] Failed to launch server process. Reason: Unity was launched with the -noUpm command-line argument
[Package Manager] Unable to send message (not connected to server process).
[Package Manager] Cannot connect to Unity Package Manager local server
Mono: successfully reloaded assembly
- Finished resetting the current domain, in  0.900 seconds
Domain Reload Profiling: 1894ms
	BeginReloadAssembly (228ms)
		ExecutionOrderSort (0ms)
		DisableScriptedObjects (8ms)
		BackupInstance (0ms)
		ReleaseScriptingObjects (0ms)
		CreateAndSetChildDomain (38ms)
	RebuildCommonClasses (47ms)
	RebuildNativeTypeToScriptingClass (14ms)
	initialDomainReloadingComplete (55ms)
	LoadAllAssembliesAndSetupDomain (649ms)
		LoadAssemblies (507ms)
		RebuildTransferFunctionScriptingTraits (0ms)
		AnalyzeDomain (272ms)
			TypeCache.Refresh (222ms)
				TypeCache.ScanAssembly (203ms)
			BuildScriptInfoCaches (39ms)
			ResolveRequiredComponents (6ms)
	FinalizeReload (901ms)
		ReleaseScriptCaches (0ms)
		RebuildScriptCaches (0ms)
		SetupLoadedEditorAssemblies (758ms)
			LogAssemblyErrors (0ms)
			InitializePlatformSupportModulesInManaged (20ms)
			SetLoadedEditorAssemblies (8ms)
			BeforeProcessingInitializeOnLoad (201ms)
			ProcessInitializeOnLoadAttributes (485ms)
			ProcessInitializeOnLoadMethodAttributes (35ms)
			AfterProcessingInitializeOnLoad (9ms)
			EditorAssembliesLoaded (0ms)
		ExecutionOrderSort2 (0ms)
		AwakeInstancesAfterBackupRestoration (7ms)
Launched and connected shader compiler UnityShaderCompiler.exe after 0.02 seconds
Refreshing native plugins compatible for Editor in 1.73 ms, found 3 plugins.
Preloading 0 native plugins for Editor in 0.00 ms.
Unloading 0 Unused Serialized files (Serialized files now loaded: 0)
Unloading 3951 unused Assets / (1.2 MB). Loaded Objects now: 4460.
Memory consumption went from 95.3 MB to 94.1 MB.
Total: 8.309700 ms (FindLiveObjects: 0.741600 ms CreateObjectMapping: 0.835000 ms MarkObjects: 5.234300 ms  DeleteObjects: 1.496500 ms)

========================================================================
Received Import Request.
  Time since last request: 213958.180256 seconds.
  path: Assets/ScriptableObjects/recipes/CooperIngotRecipe 1.asset
  artifactKey: Guid(381105f3eae4e0d4ea85f7ad6a9c4f6b) Importer(815301076,1909f56bfc062723c751e8b465ee728b)
Start importing Assets/ScriptableObjects/recipes/CooperIngotRecipe 1.asset using Guid(381105f3eae4e0d4ea85f7ad6a9c4f6b) Importer(815301076,1909f56bfc062723c751e8b465ee728b) (PreviewImporter) -> (artifact id: 'a2b07328bf36e22060ff23172d5d5d1c') in 0.0457355 seconds
Number of updated asset objects reloaded before import = 0Number of asset objects unloaded after import = 152

========================================================================
Received Import Request.
  Time since last request: 50.837741 seconds.
  path: Assets/ScriptableObjects/Builders/Assembler.asset
  artifactKey: Guid(a6f6efc8d7ff3de4d88c3e747f9532ef) Importer(815301076,1909f56bfc062723c751e8b465ee728b)
Start importing Assets/ScriptableObjects/Builders/Assembler.asset using Guid(a6f6efc8d7ff3de4d88c3e747f9532ef) Importer(815301076,1909f56bfc062723c751e8b465ee728b) (PreviewImporter) -> (artifact id: '8a6970b9eaf6fce3af7ba88c6e85f9cc') in 0.0064666 seconds
Number of updated asset objects reloaded before import = 0Number of asset objects unloaded after import = 107

========================================================================
Received Import Request.
  Time since last request: 69.162608 seconds.
  path: Assets/ScriptableObjects/items/Cooper ore.asset
  artifactKey: Guid(43ec0e9396945c64bbd4da95fb1e7f16) Importer(815301076,1909f56bfc062723c751e8b465ee728b)
Start importing Assets/ScriptableObjects/items/Cooper ore.asset using Guid(43ec0e9396945c64bbd4da95fb1e7f16) Importer(815301076,1909f56bfc062723c751e8b465ee728b) (PreviewImporter) -> (artifact id: '90bc0b3d928df4ac46d5181fa387f215') in 0.0038437 seconds
Number of updated asset objects reloaded before import = 0Number of asset objects unloaded after import = 35

========================================================================
Received Import Request.
  Time since last request: 0.940092 seconds.
  path: Assets/ScriptableObjects/items/Cooper ore.asset
  artifactKey: Guid(43ec0e9396945c64bbd4da95fb1e7f16) Importer(2089858483,192608db42251d675da83286b1cce702)
Start importing Assets/ScriptableObjects/items/Cooper ore.asset using Guid(43ec0e9396945c64bbd4da95fb1e7f16) Importer(2089858483,192608db42251d675da83286b1cce702) (ScriptedImporter) -> (artifact id: '56f701fa20dbf8c389ced08e3c2f35bf') in 0.1313839 seconds
Number of updated asset objects reloaded before import = 0Number of asset objects unloaded after import = 35

========================================================================
Received Prepare
Refreshing native plugins compatible for Editor in 1.63 ms, found 3 plugins.
Preloading 0 native plugins for Editor in 0.00 ms.
Unloading 0 Unused Serialized files (Serialized files now loaded: 0)
Unloading 3943 unused Assets / (1.0 MB). Loaded Objects now: 4465.
Memory consumption went from 94.9 MB to 93.9 MB.
Total: 8.936200 ms (FindLiveObjects: 0.664200 ms CreateObjectMapping: 0.467500 ms MarkObjects: 5.717800 ms  DeleteObjects: 2.084300 ms)

Prepare: number of updated asset objects reloaded= 0
========================================================================
Received Import Request.
  Time since last request: 188.967493 seconds.
  path: Assets/Script/Core/Buildings/Smelter.cs
  artifactKey: Guid(6afc8c0e73735494d82233da157298f0) Importer(815301076,1909f56bfc062723c751e8b465ee728b)
Start importing Assets/Script/Core/Buildings/Smelter.cs using Guid(6afc8c0e73735494d82233da157298f0) Importer(815301076,1909f56bfc062723c751e8b465ee728b) (PreviewImporter) -> (artifact id: 'd2b2790511f0f3a2171b11364e2e244a') in 0.0021761 seconds
Number of updated asset objects reloaded before import = 0Number of asset objects unloaded after import = 0

========================================================================
Received Import Request.
  Time since last request: 0.075762 seconds.
  path: Assets/Script/Core/Buildings/Smelter.cs
  artifactKey: Guid(6afc8c0e73735494d82233da157298f0) Importer(2089858483,192608db42251d675da83286b1cce702)
Start importing Assets/Script/Core/Buildings/Smelter.cs using Guid(6afc8c0e73735494d82233da157298f0) Importer(2089858483,192608db42251d675da83286b1cce702) (ScriptedImporter) -> (artifact id: '837f21d3e584754a6b2bb233540093cb') in 0.0326769 seconds
Number of updated asset objects reloaded before import = 0Number of asset objects unloaded after import = 0

========================================================================
Received Prepare
Begin MonoManager ReloadAssembly
- Loaded All Assemblies, in  0.943 seconds
Refreshing native plugins compatible for Editor in 1.56 ms, found 3 plugins.
Native extension for iOS target not found
Native extension for Android target not found
Native extension for WindowsStandalone target not found
[Package Manager] Failed to launch server process. Reason: Unity was launched with the -noUpm command-line argument
[Package Manager] Unable to send message (not connected to server process).
[Package Manager] Cannot connect to Unity Package Manager local server
Mono: successfully reloaded assembly
- Finished resetting the current domain, in  0.934 seconds
Domain Reload Profiling: 1873ms
	BeginReloadAssembly (269ms)
		ExecutionOrderSort (0ms)
		DisableScriptedObjects (7ms)
		BackupInstance (0ms)
		ReleaseScriptingObjects (0ms)
		CreateAndSetChildDomain (59ms)
	RebuildCommonClasses (43ms)
	RebuildNativeTypeToScriptingClass (15ms)
	initialDomainReloadingComplete (45ms)
	LoadAllAssembliesAndSetupDomain (568ms)
		LoadAssemblies (512ms)
		RebuildTransferFunctionScriptingTraits (0ms)
		AnalyzeDomain (198ms)
			TypeCache.Refresh (10ms)
				TypeCache.ScanAssembly (1ms)
			BuildScriptInfoCaches (174ms)
			ResolveRequiredComponents (8ms)
	FinalizeReload (934ms)
		ReleaseScriptCaches (0ms)
		RebuildScriptCaches (0ms)
		SetupLoadedEditorAssemblies (787ms)
			LogAssemblyErrors (0ms)
			InitializePlatformSupportModulesInManaged (22ms)
			SetLoadedEditorAssemblies (9ms)
			BeforeProcessingInitializeOnLoad (217ms)
			ProcessInitializeOnLoadAttributes (498ms)
			ProcessInitializeOnLoadMethodAttributes (31ms)
			AfterProcessingInitializeOnLoad (9ms)
			EditorAssembliesLoaded (0ms)
		ExecutionOrderSort2 (0ms)
		AwakeInstancesAfterBackupRestoration (7ms)
Refreshing native plugins compatible for Editor in 1.88 ms, found 3 plugins.
Preloading 0 native plugins for Editor in 0.00 ms.
Unloading 0 Unused Serialized files (Serialized files now loaded: 0)
Unloading 3950 unused Assets / (1.1 MB). Loaded Objects now: 4466.
Memory consumption went from 96.3 MB to 95.2 MB.
Total: 8.222300 ms (FindLiveObjects: 0.682600 ms CreateObjectMapping: 0.597500 ms MarkObjects: 4.952200 ms  DeleteObjects: 1.987600 ms)

Prepare: number of updated asset objects reloaded= 0
========================================================================
Received Import Request.
  Time since last request: 23.342772 seconds.
  path: Assets/Script/Core/Buildings/Smelter.cs
  artifactKey: Guid(6afc8c0e73735494d82233da157298f0) Importer(815301076,1909f56bfc062723c751e8b465ee728b)
Start importing Assets/Script/Core/Buildings/Smelter.cs using Guid(6afc8c0e73735494d82233da157298f0) Importer(815301076,1909f56bfc062723c751e8b465ee728b) (PreviewImporter) -> (artifact id: '00000000000000000000000000000000') in 0.0032492 seconds
Import Error Code:(4)
Message: Build asset version error: assets/script/core/buildings/smelter.cs in SourceAssetDB has modification time of '2026-08-09T17:44:54.2783371Z' while content on disk has modification time of '2026-08-09T17:45:01.6310169Z'
  ERROR: Build asset version error: assets/script/core/buildings/smelter.cs in SourceAssetDB has modification time of '2026-08-09T17:44:54.2783371Z' while content on disk has modification time of '2026-08-09T17:45:01.6310169Z'
Number of updated asset objects reloaded before import = 0Number of asset objects unloaded after import = 0

========================================================================
Received Import Request.
  Time since last request: 0.024712 seconds.
  path: Assets/Script/Core/Buildings/Smelter.cs
  artifactKey: Guid(6afc8c0e73735494d82233da157298f0) Importer(815301076,1909f56bfc062723c751e8b465ee728b)
Start importing Assets/Script/Core/Buildings/Smelter.cs using Guid(6afc8c0e73735494d82233da157298f0) Importer(815301076,1909f56bfc062723c751e8b465ee728b) (PreviewImporter) -> (artifact id: '00000000000000000000000000000000') in 0.0008845 seconds
Import Error Code:(4)
Message: Build asset version error: assets/script/core/buildings/smelter.cs in SourceAssetDB has modification time of '2026-08-09T17:44:54.2783371Z' while content on disk has modification time of '2026-08-09T17:45:01.6310169Z'
  ERROR: Build asset version error: assets/script/core/buildings/smelter.cs in SourceAssetDB has modification time of '2026-08-09T17:44:54.2783371Z' while content on disk has modification time of '2026-08-09T17:45:01.6310169Z'
Number of updated asset objects reloaded before import = 0Number of asset objects unloaded after import = 0

========================================================================
Received Import Request.
  Time since last request: 0.030770 seconds.
  path: Assets/Script/Core/Buildings/Smelter.cs
  artifactKey: Guid(6afc8c0e73735494d82233da157298f0) Importer(815301076,1909f56bfc062723c751e8b465ee728b)
Start importing Assets/Script/Core/Buildings/Smelter.cs using Guid(6afc8c0e73735494d82233da157298f0) Importer(815301076,1909f56bfc062723c751e8b465ee728b) (PreviewImporter) -> (artifact id: '00000000000000000000000000000000') in 0.0006616 seconds
Import Error Code:(4)
Message: Build asset version error: assets/script/core/buildings/smelter.cs in SourceAssetDB has modification time of '2026-08-09T17:44:54.2783371Z' while content on disk has modification time of '2026-08-09T17:45:01.6310169Z'
  ERROR: Build asset version error: assets/script/core/buildings/smelter.cs in SourceAssetDB has modification time of '2026-08-09T17:44:54.2783371Z' while content on disk has modification time of '2026-08-09T17:45:01.6310169Z'
Number of updated asset objects reloaded before import = 0Number of asset objects unloaded after import = 0

========================================================================
Received Import Request.
  Time since last request: 0.029604 seconds.
  path: Assets/Script/Core/Buildings/Smelter.cs
  artifactKey: Guid(6afc8c0e73735494d82233da157298f0) Importer(815301076,1909f56bfc062723c751e8b465ee728b)
Start importing Assets/Script/Core/Buildings/Smelter.cs using Guid(6afc8c0e73735494d82233da157298f0) Importer(815301076,1909f56bfc062723c751e8b465ee728b) (PreviewImporter) -> (artifact id: '00000000000000000000000000000000') in 0.0006546 seconds
Import Error Code:(4)
Message: Build asset version error: assets/script/core/buildings/smelter.cs in SourceAssetDB has modification time of '2026-08-09T17:44:54.2783371Z' while content on disk has modification time of '2026-08-09T17:45:01.6310169Z'
  ERROR: Build asset version error: assets/script/core/buildings/smelter.cs in SourceAssetDB has modification time of '2026-08-09T17:44:54.2783371Z' while content on disk has modification time of '2026-08-09T17:45:01.6310169Z'
Number of updated asset objects reloaded before import = 0Number of asset objects unloaded after import = 0

========================================================================
Received Import Request.
  Time since last request: 0.032451 seconds.
  path: Assets/Script/Core/Buildings/Smelter.cs
  artifactKey: Guid(6afc8c0e73735494d82233da157298f0) Importer(815301076,1909f56bfc062723c751e8b465ee728b)
Start importing Assets/Script/Core/Buildings/Smelter.cs using Guid(6afc8c0e73735494d82233da157298f0) Importer(815301076,1909f56bfc062723c751e8b465ee728b) (PreviewImporter) -> (artifact id: '00000000000000000000000000000000') in 0.0005864 seconds
Import Error Code:(4)
Message: Build asset version error: assets/script/core/buildings/smelter.cs in SourceAssetDB has modification time of '2026-08-09T17:44:54.2783371Z' while content on disk has modification time of '2026-08-09T17:45:01.6310169Z'
  ERROR: Build asset version error: assets/script/core/buildings/smelter.cs in SourceAssetDB has modification time of '2026-08-09T17:44:54.2783371Z' while content on disk has modification time of '2026-08-09T17:45:01.6310169Z'
Number of updated asset objects reloaded before import = 0Number of asset objects unloaded after import = 0

========================================================================
Received Import Request.
  Time since last request: 0.031805 seconds.
  path: Assets/Script/Core/Buildings/Smelter.cs
  artifactKey: Guid(6afc8c0e73735494d82233da157298f0) Importer(815301076,1909f56bfc062723c751e8b465ee728b)
Start importing Assets/Script/Core/Buildings/Smelter.cs using Guid(6afc8c0e73735494d82233da157298f0) Importer(815301076,1909f56bfc062723c751e8b465ee728b) (PreviewImporter) -> (artifact id: '00000000000000000000000000000000') in 0.0008216 seconds
Import Error Code:(4)
Message: Build asset version error: assets/script/core/buildings/smelter.cs in SourceAssetDB has modification time of '2026-08-09T17:44:54.2783371Z' while content on disk has modification time of '2026-08-09T17:45:01.6310169Z'
  ERROR: Build asset version error: assets/script/core/buildings/smelter.cs in SourceAssetDB has modification time of '2026-08-09T17:44:54.2783371Z' while content on disk has modification time of '2026-08-09T17:45:01.6310169Z'
Number of updated asset objects reloaded before import = 0Number of asset objects unloaded after import = 0

========================================================================
Received Import Request.
  Time since last request: 0.030934 seconds.
  path: Assets/Script/Core/Buildings/Smelter.cs
  artifactKey: Guid(6afc8c0e73735494d82233da157298f0) Importer(815301076,1909f56bfc062723c751e8b465ee728b)
Start importing Assets/Script/Core/Buildings/Smelter.cs using Guid(6afc8c0e73735494d82233da157298f0) Importer(815301076,1909f56bfc062723c751e8b465ee728b) (PreviewImporter) -> (artifact id: '00000000000000000000000000000000') in 0.0009178 seconds
Import Error Code:(4)
Message: Build asset version error: assets/script/core/buildings/smelter.cs in SourceAssetDB has modification time of '2026-08-09T17:44:54.2783371Z' while content on disk has modification time of '2026-08-09T17:45:01.6310169Z'
  ERROR: Build asset version error: assets/script/core/buildings/smelter.cs in SourceAssetDB has modification time of '2026-08-09T17:44:54.2783371Z' while content on disk has modification time of '2026-08-09T17:45:01.6310169Z'
Number of updated asset objects reloaded before import = 0Number of asset objects unloaded after import = 0

========================================================================
Received Import Request.
  Time since last request: 0.032982 seconds.
  path: Assets/Script/Core/Buildings/Smelter.cs
  artifactKey: Guid(6afc8c0e73735494d82233da157298f0) Importer(815301076,1909f56bfc062723c751e8b465ee728b)
Start importing Assets/Script/Core/Buildings/Smelter.cs using Guid(6afc8c0e73735494d82233da157298f0) Importer(815301076,1909f56bfc062723c751e8b465ee728b) (PreviewImporter) -> (artifact id: '00000000000000000000000000000000') in 0.00062 seconds
Import Error Code:(4)
Message: Build asset version error: assets/script/core/buildings/smelter.cs in SourceAssetDB has modification time of '2026-08-09T17:44:54.2783371Z' while content on disk has modification time of '2026-08-09T17:45:01.6310169Z'
  ERROR: Build asset version error: assets/script/core/buildings/smelter.cs in SourceAssetDB has modification time of '2026-08-09T17:44:54.2783371Z' while content on disk has modification time of '2026-08-09T17:45:01.6310169Z'
Number of updated asset objects reloaded before import = 0Number of asset objects unloaded after import = 0

========================================================================
Received Import Request.
  Time since last request: 0.031158 seconds.
  path: Assets/Script/Core/Buildings/Smelter.cs
  artifactKey: Guid(6afc8c0e73735494d82233da157298f0) Importer(815301076,1909f56bfc062723c751e8b465ee728b)
Start importing Assets/Script/Core/Buildings/Smelter.cs using Guid(6afc8c0e73735494d82233da157298f0) Importer(815301076,1909f56bfc062723c751e8b465ee728b) (PreviewImporter) -> (artifact id: '00000000000000000000000000000000') in 0.0006202 seconds
Import Error Code:(4)
Message: Build asset version error: assets/script/core/buildings/smelter.cs in SourceAssetDB has modification time of '2026-08-09T17:44:54.2783371Z' while content on disk has modification time of '2026-08-09T17:45:01.6310169Z'
  ERROR: Build asset version error: assets/script/core/buildings/smelter.cs in SourceAssetDB has modification time of '2026-08-09T17:44:54.2783371Z' while content on disk has modification time of '2026-08-09T17:45:01.6310169Z'
Number of updated asset objects reloaded before import = 0Number of asset objects unloaded after import = 0

========================================================================
Received Import Request.
  Time since last request: 0.030052 seconds.
  path: Assets/Script/Core/Buildings/Smelter.cs
  artifactKey: Guid(6afc8c0e73735494d82233da157298f0) Importer(815301076,1909f56bfc062723c751e8b465ee728b)
Start importing Assets/Script/Core/Buildings/Smelter.cs using Guid(6afc8c0e73735494d82233da157298f0) Importer(815301076,1909f56bfc062723c751e8b465ee728b) (PreviewImporter) -> (artifact id: '00000000000000000000000000000000') in 0.0006212 seconds
Import Error Code:(4)
Message: Build asset version error: assets/script/core/buildings/smelter.cs in SourceAssetDB has modification time of '2026-08-09T17:44:54.2783371Z' while content on disk has modification time of '2026-08-09T17:45:01.6310169Z'
  ERROR: Build asset version error: assets/script/core/buildings/smelter.cs in SourceAssetDB has modification time of '2026-08-09T17:44:54.2783371Z' while content on disk has modification time of '2026-08-09T17:45:01.6310169Z'
Number of updated asset objects reloaded before import = 0Number of asset objects unloaded after import = 0

========================================================================
Received Import Request.
  Time since last request: 0.029963 seconds.
  path: Assets/Script/Core/Buildings/Smelter.cs
  artifactKey: Guid(6afc8c0e73735494d82233da157298f0) Importer(815301076,1909f56bfc062723c751e8b465ee728b)
Start importing Assets/Script/Core/Buildings/Smelter.cs using Guid(6afc8c0e73735494d82233da157298f0) Importer(815301076,1909f56bfc062723c751e8b465ee728b) (PreviewImporter) -> (artifact id: '00000000000000000000000000000000') in 0.0006581 seconds
Import Error Code:(4)
Message: Build asset version error: assets/script/core/buildings/smelter.cs in SourceAssetDB has modification time of '2026-08-09T17:44:54.2783371Z' while content on disk has modification time of '2026-08-09T17:45:01.6310169Z'
  ERROR: Build asset version error: assets/script/core/buildings/smelter.cs in SourceAssetDB has modification time of '2026-08-09T17:44:54.2783371Z' while content on disk has modification time of '2026-08-09T17:45:01.6310169Z'
Number of updated asset objects reloaded before import = 0Number of asset objects unloaded after import = 0

========================================================================
Received Import Request.
  Time since last request: 0.031246 seconds.
  path: Assets/Script/Core/Buildings/Smelter.cs
  artifactKey: Guid(6afc8c0e73735494d82233da157298f0) Importer(815301076,1909f56bfc062723c751e8b465ee728b)
Start importing Assets/Script/Core/Buildings/Smelter.cs using Guid(6afc8c0e73735494d82233da157298f0) Importer(815301076,1909f56bfc062723c751e8b465ee728b) (PreviewImporter) -> (artifact id: '00000000000000000000000000000000') in 0.0005871 seconds
Import Error Code:(4)
Message: Build asset version error: assets/script/core/buildings/smelter.cs in SourceAssetDB has modification time of '2026-08-09T17:44:54.2783371Z' while content on disk has modification time of '2026-08-09T17:45:01.6310169Z'
  ERROR: Build asset version error: assets/script/core/buildings/smelter.cs in SourceAssetDB has modification time of '2026-08-09T17:44:54.2783371Z' while content on disk has modification time of '2026-08-09T17:45:01.6310169Z'
Number of updated asset objects reloaded before import = 0Number of asset objects unloaded after import = 0

========================================================================
Received Import Request.
  Time since last request: 0.030827 seconds.
  path: Assets/Script/Core/Buildings/Smelter.cs
  artifactKey: Guid(6afc8c0e73735494d82233da157298f0) Importer(815301076,1909f56bfc062723c751e8b465ee728b)
Start importing Assets/Script/Core/Buildings/Smelter.cs using Guid(6afc8c0e73735494d82233da157298f0) Importer(815301076,1909f56bfc062723c751e8b465ee728b) (PreviewImporter) -> (artifact id: '00000000000000000000000000000000') in 0.000661 seconds
Import Error Code:(4)
Message: Build asset version error: assets/script/core/buildings/smelter.cs in SourceAssetDB has modification time of '2026-08-09T17:44:54.2783371Z' while content on disk has modification time of '2026-08-09T17:45:01.6310169Z'
  ERROR: Build asset version error: assets/script/core/buildings/smelter.cs in SourceAssetDB has modification time of '2026-08-09T17:44:54.2783371Z' while content on disk has modification time of '2026-08-09T17:45:01.6310169Z'
Number of updated asset objects reloaded before import = 0Number of asset objects unloaded after import = 0

========================================================================
Received Import Request.
  Time since last request: 0.029470 seconds.
  path: Assets/Script/Core/Buildings/Smelter.cs
  artifactKey: Guid(6afc8c0e73735494d82233da157298f0) Importer(815301076,1909f56bfc062723c751e8b465ee728b)
Start importing Assets/Script/Core/Buildings/Smelter.cs using Guid(6afc8c0e73735494d82233da157298f0) Importer(815301076,1909f56bfc062723c751e8b465ee728b) (PreviewImporter) -> (artifact id: '00000000000000000000000000000000') in 0.0006636 seconds
Import Error Code:(4)
Message: Build asset version error: assets/script/core/buildings/smelter.cs in SourceAssetDB has modification time of '2026-08-09T17:44:54.2783371Z' while content on disk has modification time of '2026-08-09T17:45:01.6310169Z'
  ERROR: Build asset version error: assets/script/core/buildings/smelter.cs in SourceAssetDB has modification time of '2026-08-09T17:44:54.2783371Z' while content on disk has modification time of '2026-08-09T17:45:01.6310169Z'
Number of updated asset objects reloaded before import = 0Number of asset objects unloaded after import = 0

========================================================================
Received Import Request.
  Time since last request: 0.031757 seconds.
  path: Assets/Script/Core/Buildings/Smelter.cs
  artifactKey: Guid(6afc8c0e73735494d82233da157298f0) Importer(815301076,1909f56bfc062723c751e8b465ee728b)
Start importing Assets/Script/Core/Buildings/Smelter.cs using Guid(6afc8c0e73735494d82233da157298f0) Importer(815301076,1909f56bfc062723c751e8b465ee728b) (PreviewImporter) -> (artifact id: '00000000000000000000000000000000') in 0.0005885 seconds
Import Error Code:(4)
Message: Build asset version error: assets/script/core/buildings/smelter.cs in SourceAssetDB has modification time of '2026-08-09T17:44:54.2783371Z' while content on disk has modification time of '2026-08-09T17:45:01.6310169Z'
  ERROR: Build asset version error: assets/script/core/buildings/smelter.cs in SourceAssetDB has modification time of '2026-08-09T17:44:54.2783371Z' while content on disk has modification time of '2026-08-09T17:45:01.6310169Z'
Number of updated asset objects reloaded before import = 0Number of asset objects unloaded after import = 0

========================================================================
Received Import Request.
  Time since last request: 0.030748 seconds.
  path: Assets/Script/Core/Buildings/Smelter.cs
  artifactKey: Guid(6afc8c0e73735494d82233da157298f0) Importer(815301076,1909f56bfc062723c751e8b465ee728b)
Start importing Assets/Script/Core/Buildings/Smelter.cs using Guid(6afc8c0e73735494d82233da157298f0) Importer(815301076,1909f56bfc062723c751e8b465ee728b) (PreviewImporter) -> (artifact id: '00000000000000000000000000000000') in 0.0006303 seconds
Import Error Code:(4)
Message: Build asset version error: assets/script/core/buildings/smelter.cs in SourceAssetDB has modification time of '2026-08-09T17:44:54.2783371Z' while content on disk has modification time of '2026-08-09T17:45:01.6310169Z'
  ERROR: Build asset version error: assets/script/core/buildings/smelter.cs in SourceAssetDB has modification time of '2026-08-09T17:44:54.2783371Z' while content on disk has modification time of '2026-08-09T17:45:01.6310169Z'
Number of updated asset objects reloaded before import = 0Number of asset objects unloaded after import = 0

========================================================================
Received Import Request.
  Time since last request: 0.030965 seconds.
  path: Assets/Script/Core/Buildings/Smelter.cs
  artifactKey: Guid(6afc8c0e73735494d82233da157298f0) Importer(815301076,1909f56bfc062723c751e8b465ee728b)
Start importing Assets/Script/Core/Buildings/Smelter.cs using Guid(6afc8c0e73735494d82233da157298f0) Importer(815301076,1909f56bfc062723c751e8b465ee728b) (PreviewImporter) -> (artifact id: '00000000000000000000000000000000') in 0.0006623 seconds
Import Error Code:(4)
Message: Build asset version error: assets/script/core/buildings/smelter.cs in SourceAssetDB has modification time of '2026-08-09T17:44:54.2783371Z' while content on disk has modification time of '2026-08-09T17:45:01.6310169Z'
  ERROR: Build asset version error: assets/script/core/buildings/smelter.cs in SourceAssetDB has modification time of '2026-08-09T17:44:54.2783371Z' while content on disk has modification time of '2026-08-09T17:45:01.6310169Z'
Number of updated asset objects reloaded before import = 0Number of asset objects unloaded after import = 0

========================================================================
Received Import Request.
  Time since last request: 0.029978 seconds.
  path: Assets/Script/Core/Buildings/Smelter.cs
  artifactKey: Guid(6afc8c0e73735494d82233da157298f0) Importer(815301076,1909f56bfc062723c751e8b465ee728b)
Start importing Assets/Script/Core/Buildings/Smelter.cs using Guid(6afc8c0e73735494d82233da157298f0) Importer(815301076,1909f56bfc062723c751e8b465ee728b) (PreviewImporter) -> (artifact id: '00000000000000000000000000000000') in 0.000619 seconds
Import Error Code:(4)
Message: Build asset version error: assets/script/core/buildings/smelter.cs in SourceAssetDB has modification time of '2026-08-09T17:44:54.2783371Z' while content on disk has modification time of '2026-08-09T17:45:01.6310169Z'
  ERROR: Build asset version error: assets/script/core/buildings/smelter.cs in SourceAssetDB has modification time of '2026-08-09T17:44:54.2783371Z' while content on disk has modification time of '2026-08-09T17:45:01.6310169Z'
Number of updated asset objects reloaded before import = 0Number of asset objects unloaded after import = 0

========================================================================
Received Import Request.
  Time since last request: 0.029180 seconds.
  path: Assets/Script/Core/Buildings/Smelter.cs
  artifactKey: Guid(6afc8c0e73735494d82233da157298f0) Importer(815301076,1909f56bfc062723c751e8b465ee728b)
Start importing Assets/Script/Core/Buildings/Smelter.cs using Guid(6afc8c0e73735494d82233da157298f0) Importer(815301076,1909f56bfc062723c751e8b465ee728b) (PreviewImporter) -> (artifact id: '00000000000000000000000000000000') in 0.00061 seconds
Import Error Code:(4)
Message: Build asset version error: assets/script/core/buildings/smelter.cs in SourceAssetDB has modification time of '2026-08-09T17:44:54.2783371Z' while content on disk has modification time of '2026-08-09T17:45:01.6310169Z'
  ERROR: Build asset version error: assets/script/core/buildings/smelter.cs in SourceAssetDB has modification time of '2026-08-09T17:44:54.2783371Z' while content on disk has modification time of '2026-08-09T17:45:01.6310169Z'
Number of updated asset objects reloaded before import = 0Number of asset objects unloaded after import = 0

========================================================================
Received Import Request.
  Time since last request: 0.029717 seconds.
  path: Assets/Script/Core/Buildings/Smelter.cs
  artifactKey: Guid(6afc8c0e73735494d82233da157298f0) Importer(815301076,1909f56bfc062723c751e8b465ee728b)
Start importing Assets/Script/Core/Buildings/Smelter.cs using Guid(6afc8c0e73735494d82233da157298f0) Importer(815301076,1909f56bfc062723c751e8b465ee728b) (PreviewImporter) -> (artifact id: '00000000000000000000000000000000') in 0.0006264 seconds
Import Error Code:(4)
Message: Build asset version error: assets/script/core/buildings/smelter.cs in SourceAssetDB has modification time of '2026-08-09T17:44:54.2783371Z' while content on disk has modification time of '2026-08-09T17:45:01.6310169Z'
  ERROR: Build asset version error: assets/script/core/buildings/smelter.cs in SourceAssetDB has modification time of '2026-08-09T17:44:54.2783371Z' while content on disk has modification time of '2026-08-09T17:45:01.6310169Z'
Number of updated asset objects reloaded before import = 0Number of asset objects unloaded after import = 0

========================================================================
Received Import Request.
  Time since last request: 0.030920 seconds.
  path: Assets/Script/Core/Buildings/Smelter.cs
  artifactKey: Guid(6afc8c0e73735494d82233da157298f0) Importer(815301076,1909f56bfc062723c751e8b465ee728b)
Start importing Assets/Script/Core/Buildings/Smelter.cs using Guid(6afc8c0e73735494d82233da157298f0) Importer(815301076,1909f56bfc062723c751e8b465ee728b) (PreviewImporter) -> (artifact id: '00000000000000000000000000000000') in 0.0007954 seconds
Import Error Code:(4)
Message: Build asset version error: assets/script/core/buildings/smelter.cs in SourceAssetDB has modification time of '2026-08-09T17:44:54.2783371Z' while content on disk has modification time of '2026-08-09T17:45:01.6310169Z'
  ERROR: Build asset version error: assets/script/core/buildings/smelter.cs in SourceAssetDB has modification time of '2026-08-09T17:44:54.2783371Z' while content on disk has modification time of '2026-08-09T17:45:01.6310169Z'
Number of updated asset objects reloaded before import = 0Number of asset objects unloaded after import = 0

========================================================================
Received Import Request.
  Time since last request: 0.031954 seconds.
  path: Assets/Script/Core/Buildings/Smelter.cs
  artifactKey: Guid(6afc8c0e73735494d82233da157298f0) Importer(815301076,1909f56bfc062723c751e8b465ee728b)
Start importing Assets/Script/Core/Buildings/Smelter.cs using Guid(6afc8c0e73735494d82233da157298f0) Importer(815301076,1909f56bfc062723c751e8b465ee728b) (PreviewImporter) -> (artifact id: '00000000000000000000000000000000') in 0.0007552 seconds
Import Error Code:(4)
Message: Build asset version error: assets/script/core/buildings/smelter.cs in SourceAssetDB has modification time of '2026-08-09T17:44:54.2783371Z' while content on disk has modification time of '2026-08-09T17:45:01.6310169Z'
  ERROR: Build asset version error: assets/script/core/buildings/smelter.cs in SourceAssetDB has modification time of '2026-08-09T17:44:54.2783371Z' while content on disk has modification time of '2026-08-09T17:45:01.6310169Z'
Number of updated asset objects reloaded before import = 0Number of asset objects unloaded after import = 0

========================================================================
Received Import Request.
  Time since last request: 0.038812 seconds.
  path: Assets/Script/Core/Buildings/Smelter.cs
  artifactKey: Guid(6afc8c0e73735494d82233da157298f0) Importer(815301076,1909f56bfc062723c751e8b465ee728b)
Start importing Assets/Script/Core/Buildings/Smelter.cs using Guid(6afc8c0e73735494d82233da157298f0) Importer(815301076,1909f56bfc062723c751e8b465ee728b) (PreviewImporter) -> (artifact id: '00000000000000000000000000000000') in 0.0006519 seconds
Import Error Code:(4)
Message: Build asset version error: assets/script/core/buildings/smelter.cs in SourceAssetDB has modification time of '2026-08-09T17:44:54.2783371Z' while content on disk has modification time of '2026-08-09T17:45:01.6310169Z'
  ERROR: Build asset version error: assets/script/core/buildings/smelter.cs in SourceAssetDB has modification time of '2026-08-09T17:44:54.2783371Z' while content on disk has modification time of '2026-08-09T17:45:01.6310169Z'
Number of updated asset objects reloaded before import = 0Number of asset objects unloaded after import = 0

========================================================================
Received Import Request.
  Time since last request: 0.029078 seconds.
  path: Assets/Script/Core/Buildings/Smelter.cs
  artifactKey: Guid(6afc8c0e73735494d82233da157298f0) Importer(815301076,1909f56bfc062723c751e8b465ee728b)
Start importing Assets/Script/Core/Buildings/Smelter.cs using Guid(6afc8c0e73735494d82233da157298f0) Importer(815301076,1909f56bfc062723c751e8b465ee728b) (PreviewImporter) -> (artifact id: '00000000000000000000000000000000') in 0.0005806 seconds
Import Error Code:(4)
Message: Build asset version error: assets/script/core/buildings/smelter.cs in SourceAssetDB has modification time of '2026-08-09T17:44:54.2783371Z' while content on disk has modification time of '2026-08-09T17:45:01.6310169Z'
  ERROR: Build asset version error: assets/script/core/buildings/smelter.cs in SourceAssetDB has modification time of '2026-08-09T17:44:54.2783371Z' while content on disk has modification time of '2026-08-09T17:45:01.6310169Z'
Number of updated asset objects reloaded before import = 0Number of asset objects unloaded after import = 0

========================================================================
Received Import Request.
  Time since last request: 0.030293 seconds.
  path: Assets/Script/Core/Buildings/Smelter.cs
  artifactKey: Guid(6afc8c0e73735494d82233da157298f0) Importer(815301076,1909f56bfc062723c751e8b465ee728b)
Start importing Assets/Script/Core/Buildings/Smelter.cs using Guid(6afc8c0e73735494d82233da157298f0) Importer(815301076,1909f56bfc062723c751e8b465ee728b) (PreviewImporter) -> (artifact id: '00000000000000000000000000000000') in 0.0007357 seconds
Import Error Code:(4)
Message: Build asset version error: assets/script/core/buildings/smelter.cs in SourceAssetDB has modification time of '2026-08-09T17:44:54.2783371Z' while content on disk has modification time of '2026-08-09T17:45:01.6310169Z'
  ERROR: Build asset version error: assets/script/core/buildings/smelter.cs in SourceAssetDB has modification time of '2026-08-09T17:44:54.2783371Z' while content on disk has modification time of '2026-08-09T17:45:01.6310169Z'
Number of updated asset objects reloaded before import = 0Number of asset objects unloaded after import = 0

========================================================================
Received Import Request.
  Time since last request: 0.030340 seconds.
  path: Assets/Script/Core/Buildings/Smelter.cs
  artifactKey: Guid(6afc8c0e73735494d82233da157298f0) Importer(815301076,1909f56bfc062723c751e8b465ee728b)
Start importing Assets/Script/Core/Buildings/Smelter.cs using Guid(6afc8c0e73735494d82233da157298f0) Importer(815301076,1909f56bfc062723c751e8b465ee728b) (PreviewImporter) -> (artifact id: '00000000000000000000000000000000') in 0.0009216 seconds
Import Error Code:(4)
Message: Build asset version error: assets/script/core/buildings/smelter.cs in SourceAssetDB has modification time of '2026-08-09T17:44:54.2783371Z' while content on disk has modification time of '2026-08-09T17:45:01.6310169Z'
  ERROR: Build asset version error: assets/script/core/buildings/smelter.cs in SourceAssetDB has modification time of '2026-08-09T17:44:54.2783371Z' while content on disk has modification time of '2026-08-09T17:45:01.6310169Z'
Number of updated asset objects reloaded before import = 0Number of asset objects unloaded after import = 0

========================================================================
Received Import Request.
  Time since last request: 0.029366 seconds.
  path: Assets/Script/Core/Buildings/Smelter.cs
  artifactKey: Guid(6afc8c0e73735494d82233da157298f0) Importer(815301076,1909f56bfc062723c751e8b465ee728b)
Start importing Assets/Script/Core/Buildings/Smelter.cs using Guid(6afc8c0e73735494d82233da157298f0) Importer(815301076,1909f56bfc062723c751e8b465ee728b) (PreviewImporter) -> (artifact id: '00000000000000000000000000000000') in 0.0008129 seconds
Import Error Code:(4)
Message: Build asset version error: assets/script/core/buildings/smelter.cs in SourceAssetDB has modification time of '2026-08-09T17:44:54.2783371Z' while content on disk has modification time of '2026-08-09T17:45:01.6310169Z'
  ERROR: Build asset version error: assets/script/core/buildings/smelter.cs in SourceAssetDB has modification time of '2026-08-09T17:44:54.2783371Z' while content on disk has modification time of '2026-08-09T17:45:01.6310169Z'
Number of updated asset objects reloaded before import = 0Number of asset objects unloaded after import = 0

========================================================================
Received Import Request.
  Time since last request: 0.030155 seconds.
  path: Assets/Script/Core/Buildings/Smelter.cs
  artifactKey: Guid(6afc8c0e73735494d82233da157298f0) Importer(815301076,1909f56bfc062723c751e8b465ee728b)
Start importing Assets/Script/Core/Buildings/Smelter.cs using Guid(6afc8c0e73735494d82233da157298f0) Importer(815301076,1909f56bfc062723c751e8b465ee728b) (PreviewImporter) -> (artifact id: '00000000000000000000000000000000') in 0.0006415 seconds
Import Error Code:(4)
Message: Build asset version error: assets/script/core/buildings/smelter.cs in SourceAssetDB has modification time of '2026-08-09T17:44:54.2783371Z' while content on disk has modification time of '2026-08-09T17:45:01.6310169Z'
  ERROR: Build asset version error: assets/script/core/buildings/smelter.cs in SourceAssetDB has modification time of '2026-08-09T17:44:54.2783371Z' while content on disk has modification time of '2026-08-09T17:45:01.6310169Z'
Number of updated asset objects reloaded before import = 0Number of asset objects unloaded after import = 0

========================================================================
Received Import Request.
  Time since last request: 0.030119 seconds.
  path: Assets/Script/Core/Buildings/Smelter.cs
  artifactKey: Guid(6afc8c0e73735494d82233da157298f0) Importer(815301076,1909f56bfc062723c751e8b465ee728b)
Start importing Assets/Script/Core/Buildings/Smelter.cs using Guid(6afc8c0e73735494d82233da157298f0) Importer(815301076,1909f56bfc062723c751e8b465ee728b) (PreviewImporter) -> (artifact id: '00000000000000000000000000000000') in 0.0007865 seconds
Import Error Code:(4)
Message: Build asset version error: assets/script/core/buildings/smelter.cs in SourceAssetDB has modification time of '2026-08-09T17:44:54.2783371Z' while content on disk has modification time of '2026-08-09T17:45:01.6310169Z'
  ERROR: Build asset version error: assets/script/core/buildings/smelter.cs in SourceAssetDB has modification time of '2026-08-09T17:44:54.2783371Z' while content on disk has modification time of '2026-08-09T17:45:01.6310169Z'
Number of updated asset objects reloaded before import = 0Number of asset objects unloaded after import = 0

========================================================================
Received Import Request.
  Time since last request: 0.029244 seconds.
  path: Assets/Script/Core/Buildings/Smelter.cs
  artifactKey: Guid(6afc8c0e73735494d82233da157298f0) Importer(815301076,1909f56bfc062723c751e8b465ee728b)
Start importing Assets/Script/Core/Buildings/Smelter.cs using Guid(6afc8c0e73735494d82233da157298f0) Importer(815301076,1909f56bfc062723c751e8b465ee728b) (PreviewImporter) -> (artifact id: '00000000000000000000000000000000') in 0.0006345 seconds
Import Error Code:(4)
Message: Build asset version error: assets/script/core/buildings/smelter.cs in SourceAssetDB has modification time of '2026-08-09T17:44:54.2783371Z' while content on disk has modification time of '2026-08-09T17:45:01.6310169Z'
  ERROR: Build asset version error: assets/script/core/buildings/smelter.cs in SourceAssetDB has modification time of '2026-08-09T17:44:54.2783371Z' while content on disk has modification time of '2026-08-09T17:45:01.6310169Z'
Number of updated asset objects reloaded before import = 0Number of asset objects unloaded after import = 0

========================================================================
Received Import Request.
  Time since last request: 0.029188 seconds.
  path: Assets/Script/Core/Buildings/Smelter.cs
  artifactKey: Guid(6afc8c0e73735494d82233da157298f0) Importer(815301076,1909f56bfc062723c751e8b465ee728b)
Start importing Assets/Script/Core/Buildings/Smelter.cs using Guid(6afc8c0e73735494d82233da157298f0) Importer(815301076,1909f56bfc062723c751e8b465ee728b) (PreviewImporter) -> (artifact id: '00000000000000000000000000000000') in 0.000758 seconds
Import Error Code:(4)
Message: Build asset version error: assets/script/core/buildings/smelter.cs in SourceAssetDB has modification time of '2026-08-09T17:44:54.2783371Z' while content on disk has modification time of '2026-08-09T17:45:01.6310169Z'
  ERROR: Build asset version error: assets/script/core/buildings/smelter.cs in SourceAssetDB has modification time of '2026-08-09T17:44:54.2783371Z' while content on disk has modification time of '2026-08-09T17:45:01.6310169Z'
Number of updated asset objects reloaded before import = 0Number of asset objects unloaded after import = 0

========================================================================
Received Import Request.
  Time since last request: 0.029885 seconds.
  path: Assets/Script/Core/Buildings/Smelter.cs
  artifactKey: Guid(6afc8c0e73735494d82233da157298f0) Importer(815301076,1909f56bfc062723c751e8b465ee728b)
Start importing Assets/Script/Core/Buildings/Smelter.cs using Guid(6afc8c0e73735494d82233da157298f0) Importer(815301076,1909f56bfc062723c751e8b465ee728b) (PreviewImporter) -> (artifact id: '00000000000000000000000000000000') in 0.0009004 seconds
Import Error Code:(4)
Message: Build asset version error: assets/script/core/buildings/smelter.cs in SourceAssetDB has modification time of '2026-08-09T17:44:54.2783371Z' while content on disk has modification time of '2026-08-09T17:45:01.6310169Z'
  ERROR: Build asset version error: assets/script/core/buildings/smelter.cs in SourceAssetDB has modification time of '2026-08-09T17:44:54.2783371Z' while content on disk has modification time of '2026-08-09T17:45:01.6310169Z'
Number of updated asset objects reloaded before import = 0Number of asset objects unloaded after import = 0

========================================================================
Received Import Request.
  Time since last request: 0.028366 seconds.
  path: Assets/Script/Core/Buildings/Smelter.cs
  artifactKey: Guid(6afc8c0e73735494d82233da157298f0) Importer(815301076,1909f56bfc062723c751e8b465ee728b)
Start importing Assets/Script/Core/Buildings/Smelter.cs using Guid(6afc8c0e73735494d82233da157298f0) Importer(815301076,1909f56bfc062723c751e8b465ee728b) (PreviewImporter) -> (artifact id: '00000000000000000000000000000000') in 0.0007911 seconds
Import Error Code:(4)
Message: Build asset version error: assets/script/core/buildings/smelter.cs in SourceAssetDB has modification time of '2026-08-09T17:44:54.2783371Z' while content on disk has modification time of '2026-08-09T17:45:01.6310169Z'
  ERROR: Build asset version error: assets/script/core/buildings/smelter.cs in SourceAssetDB has modification time of '2026-08-09T17:44:54.2783371Z' while content on disk has modification time of '2026-08-09T17:45:01.6310169Z'
Number of updated asset objects reloaded before import = 0Number of asset objects unloaded after import = 0

========================================================================
Received Import Request.
  Time since last request: 0.029028 seconds.
  path: Assets/Script/Core/Buildings/Smelter.cs
  artifactKey: Guid(6afc8c0e73735494d82233da157298f0) Importer(815301076,1909f56bfc062723c751e8b465ee728b)
Start importing Assets/Script/Core/Buildings/Smelter.cs using Guid(6afc8c0e73735494d82233da157298f0) Importer(815301076,1909f56bfc062723c751e8b465ee728b) (PreviewImporter) -> (artifact id: '00000000000000000000000000000000') in 0.0005881 seconds
Import Error Code:(4)
Message: Build asset version error: assets/script/core/buildings/smelter.cs in SourceAssetDB has modification time of '2026-08-09T17:44:54.2783371Z' while content on disk has modification time of '2026-08-09T17:45:01.6310169Z'
  ERROR: Build asset version error: assets/script/core/buildings/smelter.cs in SourceAssetDB has modification time of '2026-08-09T17:44:54.2783371Z' while content on disk has modification time of '2026-08-09T17:45:01.6310169Z'
Number of updated asset objects reloaded before import = 0Number of asset objects unloaded after import = 0

========================================================================
Received Import Request.
  Time since last request: 0.031191 seconds.
  path: Assets/Script/Core/Buildings/Smelter.cs
  artifactKey: Guid(6afc8c0e73735494d82233da157298f0) Importer(815301076,1909f56bfc062723c751e8b465ee728b)
Start importing Assets/Script/Core/Buildings/Smelter.cs using Guid(6afc8c0e73735494d82233da157298f0) Importer(815301076,1909f56bfc062723c751e8b465ee728b) (PreviewImporter) -> (artifact id: '00000000000000000000000000000000') in 0.0006244 seconds
Import Error Code:(4)
Message: Build asset version error: assets/script/core/buildings/smelter.cs in SourceAssetDB has modification time of '2026-08-09T17:44:54.2783371Z' while content on disk has modification time of '2026-08-09T17:45:01.6310169Z'
  ERROR: Build asset version error: assets/script/core/buildings/smelter.cs in SourceAssetDB has modification time of '2026-08-09T17:44:54.2783371Z' while content on disk has modification time of '2026-08-09T17:45:01.6310169Z'
Number of updated asset objects reloaded before import = 0Number of asset objects unloaded after import = 0

========================================================================
Received Import Request.
  Time since last request: 0.030891 seconds.
  path: Assets/Script/Core/Buildings/Smelter.cs
  artifactKey: Guid(6afc8c0e73735494d82233da157298f0) Importer(815301076,1909f56bfc062723c751e8b465ee728b)
Start importing Assets/Script/Core/Buildings/Smelter.cs using Guid(6afc8c0e73735494d82233da157298f0) Importer(815301076,1909f56bfc062723c751e8b465ee728b) (PreviewImporter) -> (artifact id: '00000000000000000000000000000000') in 0.0008158 seconds
Import Error Code:(4)
Message: Build asset version error: assets/script/core/buildings/smelter.cs in SourceAssetDB has modification time of '2026-08-09T17:44:54.2783371Z' while content on disk has modification time of '2026-08-09T17:45:01.6310169Z'
  ERROR: Build asset version error: assets/script/core/buildings/smelter.cs in SourceAssetDB has modification time of '2026-08-09T17:44:54.2783371Z' while content on disk has modification time of '2026-08-09T17:45:01.6310169Z'
Number of updated asset objects reloaded before import = 0Number of asset objects unloaded after import = 0

========================================================================
Received Import Request.
  Time since last request: 0.029791 seconds.
  path: Assets/Script/Core/Buildings/Smelter.cs
  artifactKey: Guid(6afc8c0e73735494d82233da157298f0) Importer(815301076,1909f56bfc062723c751e8b465ee728b)
Start importing Assets/Script/Core/Buildings/Smelter.cs using Guid(6afc8c0e73735494d82233da157298f0) Importer(815301076,1909f56bfc062723c751e8b465ee728b) (PreviewImporter) -> (artifact id: '00000000000000000000000000000000') in 0.0006186 seconds
Import Error Code:(4)
Message: Build asset version error: assets/script/core/buildings/smelter.cs in SourceAssetDB has modification time of '2026-08-09T17:44:54.2783371Z' while content on disk has modification time of '2026-08-09T17:45:01.6310169Z'
  ERROR: Build asset version error: assets/script/core/buildings/smelter.cs in SourceAssetDB has modification time of '2026-08-09T17:44:54.2783371Z' while content on disk has modification time of '2026-08-09T17:45:01.6310169Z'
Number of updated asset objects reloaded before import = 0Number of asset objects unloaded after import = 0

========================================================================
Received Import Request.
  Time since last request: 0.028806 seconds.
  path: Assets/Script/Core/Buildings/Smelter.cs
  artifactKey: Guid(6afc8c0e73735494d82233da157298f0) Importer(815301076,1909f56bfc062723c751e8b465ee728b)
Start importing Assets/Script/Core/Buildings/Smelter.cs using Guid(6afc8c0e73735494d82233da157298f0) Importer(815301076,1909f56bfc062723c751e8b465ee728b) (PreviewImporter) -> (artifact id: '00000000000000000000000000000000') in 0.0008308 seconds
Import Error Code:(4)
Message: Build asset version error: assets/script/core/buildings/smelter.cs in SourceAssetDB has modification time of '2026-08-09T17:44:54.2783371Z' while content on disk has modification time of '2026-08-09T17:45:01.6310169Z'
  ERROR: Build asset version error: assets/script/core/buildings/smelter.cs in SourceAssetDB has modification time of '2026-08-09T17:44:54.2783371Z' while content on disk has modification time of '2026-08-09T17:45:01.6310169Z'
Number of updated asset objects reloaded before import = 0Number of asset objects unloaded after import = 0

========================================================================
Received Import Request.
  Time since last request: 0.031774 seconds.
  path: Assets/Script/Core/Buildings/Smelter.cs
  artifactKey: Guid(6afc8c0e73735494d82233da157298f0) Importer(815301076,1909f56bfc062723c751e8b465ee728b)
Start importing Assets/Script/Core/Buildings/Smelter.cs using Guid(6afc8c0e73735494d82233da157298f0) Importer(815301076,1909f56bfc062723c751e8b465ee728b) (PreviewImporter) -> (artifact id: '00000000000000000000000000000000') in 0.0010607 seconds
Import Error Code:(4)
Message: Build asset version error: assets/script/core/buildings/smelter.cs in SourceAssetDB has modification time of '2026-08-09T17:44:54.2783371Z' while content on disk has modification time of '2026-08-09T17:45:01.6310169Z'
  ERROR: Build asset version error: assets/script/core/buildings/smelter.cs in SourceAssetDB has modification time of '2026-08-09T17:44:54.2783371Z' while content on disk has modification time of '2026-08-09T17:45:01.6310169Z'
Number of updated asset objects reloaded before import = 0Number of asset objects unloaded after import = 0

========================================================================
Received Import Request.
  Time since last request: 0.029806 seconds.
  path: Assets/Script/Core/Buildings/Smelter.cs
  artifactKey: Guid(6afc8c0e73735494d82233da157298f0) Importer(815301076,1909f56bfc062723c751e8b465ee728b)
Start importing Assets/Script/Core/Buildings/Smelter.cs using Guid(6afc8c0e73735494d82233da157298f0) Importer(815301076,1909f56bfc062723c751e8b465ee728b) (PreviewImporter) -> (artifact id: '00000000000000000000000000000000') in 0.0005808 seconds
Import Error Code:(4)
Message: Build asset version error: assets/script/core/buildings/smelter.cs in SourceAssetDB has modification time of '2026-08-09T17:44:54.2783371Z' while content on disk has modification time of '2026-08-09T17:45:01.6310169Z'
  ERROR: Build asset version error: assets/script/core/buildings/smelter.cs in SourceAssetDB has modification time of '2026-08-09T17:44:54.2783371Z' while content on disk has modification time of '2026-08-09T17:45:01.6310169Z'
Number of updated asset objects reloaded before import = 0Number of asset objects unloaded after import = 0

========================================================================
Received Import Request.
  Time since last request: 0.030246 seconds.
  path: Assets/Script/Core/Buildings/Smelter.cs
  artifactKey: Guid(6afc8c0e73735494d82233da157298f0) Importer(815301076,1909f56bfc062723c751e8b465ee728b)
Start importing Assets/Script/Core/Buildings/Smelter.cs using Guid(6afc8c0e73735494d82233da157298f0) Importer(815301076,1909f56bfc062723c751e8b465ee728b) (PreviewImporter) -> (artifact id: '00000000000000000000000000000000') in 0.0006218 seconds
Import Error Code:(4)
Message: Build asset version error: assets/script/core/buildings/smelter.cs in SourceAssetDB has modification time of '2026-08-09T17:44:54.2783371Z' while content on disk has modification time of '2026-08-09T17:45:01.6310169Z'
  ERROR: Build asset version error: assets/script/core/buildings/smelter.cs in SourceAssetDB has modification time of '2026-08-09T17:44:54.2783371Z' while content on disk has modification time of '2026-08-09T17:45:01.6310169Z'
Number of updated asset objects reloaded before import = 0Number of asset objects unloaded after import = 0

========================================================================
Received Import Request.
  Time since last request: 0.030073 seconds.
  path: Assets/Script/Core/Buildings/Smelter.cs
  artifactKey: Guid(6afc8c0e73735494d82233da157298f0) Importer(815301076,1909f56bfc062723c751e8b465ee728b)
Start importing Assets/Script/Core/Buildings/Smelter.cs using Guid(6afc8c0e73735494d82233da157298f0) Importer(815301076,1909f56bfc062723c751e8b465ee728b) (PreviewImporter) -> (artifact id: '00000000000000000000000000000000') in 0.0005892 seconds
Import Error Code:(4)
Message: Build asset version error: assets/script/core/buildings/smelter.cs in SourceAssetDB has modification time of '2026-08-09T17:44:54.2783371Z' while content on disk has modification time of '2026-08-09T17:45:01.6310169Z'
  ERROR: Build asset version error: assets/script/core/buildings/smelter.cs in SourceAssetDB has modification time of '2026-08-09T17:44:54.2783371Z' while content on disk has modification time of '2026-08-09T17:45:01.6310169Z'
Number of updated asset objects reloaded before import = 0Number of asset objects unloaded after import = 0

========================================================================
Received Import Request.
  Time since last request: 0.029969 seconds.
  path: Assets/Script/Core/Buildings/Smelter.cs
  artifactKey: Guid(6afc8c0e73735494d82233da157298f0) Importer(815301076,1909f56bfc062723c751e8b465ee728b)
Start importing Assets/Script/Core/Buildings/Smelter.cs using Guid(6afc8c0e73735494d82233da157298f0) Importer(815301076,1909f56bfc062723c751e8b465ee728b) (PreviewImporter) -> (artifact id: '00000000000000000000000000000000') in 0.0006729 seconds
Import Error Code:(4)
Message: Build asset version error: assets/script/core/buildings/smelter.cs in SourceAssetDB has modification time of '2026-08-09T17:44:54.2783371Z' while content on disk has modification time of '2026-08-09T17:45:01.6310169Z'
  ERROR: Build asset version error: assets/script/core/buildings/smelter.cs in SourceAssetDB has modification time of '2026-08-09T17:44:54.2783371Z' while content on disk has modification time of '2026-08-09T17:45:01.6310169Z'
Number of updated asset objects reloaded before import = 0Number of asset objects unloaded after import = 0

========================================================================
Received Import Request.
  Time since last request: 0.030628 seconds.
  path: Assets/Script/Core/Buildings/Smelter.cs
  artifactKey: Guid(6afc8c0e73735494d82233da157298f0) Importer(815301076,1909f56bfc062723c751e8b465ee728b)
Start importing Assets/Script/Core/Buildings/Smelter.cs using Guid(6afc8c0e73735494d82233da157298f0) Importer(815301076,1909f56bfc062723c751e8b465ee728b) (PreviewImporter) -> (artifact id: '00000000000000000000000000000000') in 0.0009145 seconds
Import Error Code:(4)
Message: Build asset version error: assets/script/core/buildings/smelter.cs in SourceAssetDB has modification time of '2026-08-09T17:44:54.2783371Z' while content on disk has modification time of '2026-08-09T17:45:01.6310169Z'
  ERROR: Build asset version error: assets/script/core/buildings/smelter.cs in SourceAssetDB has modification time of '2026-08-09T17:44:54.2783371Z' while content on disk has modification time of '2026-08-09T17:45:01.6310169Z'
Number of updated asset objects reloaded before import = 0Number of asset objects unloaded after import = 0

========================================================================
Received Import Request.
  Time since last request: 0.029610 seconds.
  path: Assets/Script/Core/Buildings/Smelter.cs
  artifactKey: Guid(6afc8c0e73735494d82233da157298f0) Importer(815301076,1909f56bfc062723c751e8b465ee728b)
Start importing Assets/Script/Core/Buildings/Smelter.cs using Guid(6afc8c0e73735494d82233da157298f0) Importer(815301076,1909f56bfc062723c751e8b465ee728b) (PreviewImporter) -> (artifact id: '00000000000000000000000000000000') in 0.0010964 seconds
Import Error Code:(4)
Message: Build asset version error: assets/script/core/buildings/smelter.cs in SourceAssetDB has modification time of '2026-08-09T17:44:54.2783371Z' while content on disk has modification time of '2026-08-09T17:45:01.6310169Z'
  ERROR: Build asset version error: assets/script/core/buildings/smelter.cs in SourceAssetDB has modification time of '2026-08-09T17:44:54.2783371Z' while content on disk has modification time of '2026-08-09T17:45:01.6310169Z'
Number of updated asset objects reloaded before import = 0Number of asset objects unloaded after import = 0

========================================================================
Received Import Request.
  Time since last request: 0.030857 seconds.
  path: Assets/Script/Core/Buildings/Smelter.cs
  artifactKey: Guid(6afc8c0e73735494d82233da157298f0) Importer(815301076,1909f56bfc062723c751e8b465ee728b)
Start importing Assets/Script/Core/Buildings/Smelter.cs using Guid(6afc8c0e73735494d82233da157298f0) Importer(815301076,1909f56bfc062723c751e8b465ee728b) (PreviewImporter) -> (artifact id: '00000000000000000000000000000000') in 0.0005503 seconds
Import Error Code:(4)
Message: Build asset version error: assets/script/core/buildings/smelter.cs in SourceAssetDB has modification time of '2026-08-09T17:44:54.2783371Z' while content on disk has modification time of '2026-08-09T17:45:01.6310169Z'
  ERROR: Build asset version error: assets/script/core/buildings/smelter.cs in SourceAssetDB has modification time of '2026-08-09T17:44:54.2783371Z' while content on disk has modification time of '2026-08-09T17:45:01.6310169Z'
Number of updated asset objects reloaded before import = 0Number of asset objects unloaded after import = 0

========================================================================
Received Import Request.
  Time since last request: 0.030146 seconds.
  path: Assets/Script/Core/Buildings/Smelter.cs
  artifactKey: Guid(6afc8c0e73735494d82233da157298f0) Importer(815301076,1909f56bfc062723c751e8b465ee728b)
Start importing Assets/Script/Core/Buildings/Smelter.cs using Guid(6afc8c0e73735494d82233da157298f0) Importer(815301076,1909f56bfc062723c751e8b465ee728b) (PreviewImporter) -> (artifact id: '00000000000000000000000000000000') in 0.0006627 seconds
Import Error Code:(4)
Message: Build asset version error: assets/script/core/buildings/smelter.cs in SourceAssetDB has modification time of '2026-08-09T17:44:54.2783371Z' while content on disk has modification time of '2026-08-09T17:45:01.6310169Z'
  ERROR: Build asset version error: assets/script/core/buildings/smelter.cs in SourceAssetDB has modification time of '2026-08-09T17:44:54.2783371Z' while content on disk has modification time of '2026-08-09T17:45:01.6310169Z'
Number of updated asset objects reloaded before import = 0Number of asset objects unloaded after import = 0

========================================================================
Received Import Request.
  Time since last request: 0.028803 seconds.
  path: Assets/Script/Core/Buildings/Smelter.cs
  artifactKey: Guid(6afc8c0e73735494d82233da157298f0) Importer(815301076,1909f56bfc062723c751e8b465ee728b)
Start importing Assets/Script/Core/Buildings/Smelter.cs using Guid(6afc8c0e73735494d82233da157298f0) Importer(815301076,1909f56bfc062723c751e8b465ee728b) (PreviewImporter) -> (artifact id: '00000000000000000000000000000000') in 0.0010116 seconds
Import Error Code:(4)
Message: Build asset version error: assets/script/core/buildings/smelter.cs in SourceAssetDB has modification time of '2026-08-09T17:44:54.2783371Z' while content on disk has modification time of '2026-08-09T17:45:01.6310169Z'
  ERROR: Build asset version error: assets/script/core/buildings/smelter.cs in SourceAssetDB has modification time of '2026-08-09T17:44:54.2783371Z' while content on disk has modification time of '2026-08-09T17:45:01.6310169Z'
Number of updated asset objects reloaded before import = 0Number of asset objects unloaded after import = 0

========================================================================
Received Import Request.
  Time since last request: 0.028300 seconds.
  path: Assets/Script/Core/Buildings/Smelter.cs
  artifactKey: Guid(6afc8c0e73735494d82233da157298f0) Importer(815301076,1909f56bfc062723c751e8b465ee728b)
Start importing Assets/Script/Core/Buildings/Smelter.cs using Guid(6afc8c0e73735494d82233da157298f0) Importer(815301076,1909f56bfc062723c751e8b465ee728b) (PreviewImporter) -> (artifact id: '00000000000000000000000000000000') in 0.0008742 seconds
Import Error Code:(4)
Message: Build asset version error: assets/script/core/buildings/smelter.cs in SourceAssetDB has modification time of '2026-08-09T17:44:54.2783371Z' while content on disk has modification time of '2026-08-09T17:45:01.6310169Z'
  ERROR: Build asset version error: assets/script/core/buildings/smelter.cs in SourceAssetDB has modification time of '2026-08-09T17:44:54.2783371Z' while content on disk has modification time of '2026-08-09T17:45:01.6310169Z'
Number of updated asset objects reloaded before import = 0Number of asset objects unloaded after import = 0

========================================================================
Received Import Request.
  Time since last request: 0.027651 seconds.
  path: Assets/Script/Core/Buildings/Smelter.cs
  artifactKey: Guid(6afc8c0e73735494d82233da157298f0) Importer(815301076,1909f56bfc062723c751e8b465ee728b)
Start importing Assets/Script/Core/Buildings/Smelter.cs using Guid(6afc8c0e73735494d82233da157298f0) Importer(815301076,1909f56bfc062723c751e8b465ee728b) (PreviewImporter) -> (artifact id: '00000000000000000000000000000000') in 0.0008699 seconds
Import Error Code:(4)
Message: Build asset version error: assets/script/core/buildings/smelter.cs in SourceAssetDB has modification time of '2026-08-09T17:44:54.2783371Z' while content on disk has modification time of '2026-08-09T17:45:01.6310169Z'
  ERROR: Build asset version error: assets/script/core/buildings/smelter.cs in SourceAssetDB has modification time of '2026-08-09T17:44:54.2783371Z' while content on disk has modification time of '2026-08-09T17:45:01.6310169Z'
Number of updated asset objects reloaded before import = 0Number of asset objects unloaded after import = 0

========================================================================
Received Import Request.
  Time since last request: 0.029846 seconds.
  path: Assets/Script/Core/Buildings/Smelter.cs
  artifactKey: Guid(6afc8c0e73735494d82233da157298f0) Importer(815301076,1909f56bfc062723c751e8b465ee728b)
Start importing Assets/Script/Core/Buildings/Smelter.cs using Guid(6afc8c0e73735494d82233da157298f0) Importer(815301076,1909f56bfc062723c751e8b465ee728b) (PreviewImporter) -> (artifact id: '00000000000000000000000000000000') in 0.0005775 seconds
Import Error Code:(4)
Message: Build asset version error: assets/script/core/buildings/smelter.cs in SourceAssetDB has modification time of '2026-08-09T17:44:54.2783371Z' while content on disk has modification time of '2026-08-09T17:45:01.6310169Z'
  ERROR: Build asset version error: assets/script/core/buildings/smelter.cs in SourceAssetDB has modification time of '2026-08-09T17:44:54.2783371Z' while content on disk has modification time of '2026-08-09T17:45:01.6310169Z'
Number of updated asset objects reloaded before import = 0Number of asset objects unloaded after import = 0

========================================================================
Received Import Request.
  Time since last request: 0.028987 seconds.
  path: Assets/Script/Core/Buildings/Smelter.cs
  artifactKey: Guid(6afc8c0e73735494d82233da157298f0) Importer(815301076,1909f56bfc062723c751e8b465ee728b)
Start importing Assets/Script/Core/Buildings/Smelter.cs using Guid(6afc8c0e73735494d82233da157298f0) Importer(815301076,1909f56bfc062723c751e8b465ee728b) (PreviewImporter) -> (artifact id: '00000000000000000000000000000000') in 0.0008466 seconds
Import Error Code:(4)
Message: Build asset version error: assets/script/core/buildings/smelter.cs in SourceAssetDB has modification time of '2026-08-09T17:44:54.2783371Z' while content on disk has modification time of '2026-08-09T17:45:01.6310169Z'
  ERROR: Build asset version error: assets/script/core/buildings/smelter.cs in SourceAssetDB has modification time of '2026-08-09T17:44:54.2783371Z' while content on disk has modification time of '2026-08-09T17:45:01.6310169Z'
Number of updated asset objects reloaded before import = 0Number of asset objects unloaded after import = 0

========================================================================
Received Import Request.
  Time since last request: 0.029125 seconds.
  path: Assets/Script/Core/Buildings/Smelter.cs
  artifactKey: Guid(6afc8c0e73735494d82233da157298f0) Importer(815301076,1909f56bfc062723c751e8b465ee728b)
Start importing Assets/Script/Core/Buildings/Smelter.cs using Guid(6afc8c0e73735494d82233da157298f0) Importer(815301076,1909f56bfc062723c751e8b465ee728b) (PreviewImporter) -> (artifact id: '00000000000000000000000000000000') in 0.0006216 seconds
Import Error Code:(4)
Message: Build asset version error: assets/script/core/buildings/smelter.cs in SourceAssetDB has modification time of '2026-08-09T17:44:54.2783371Z' while content on disk has modification time of '2026-08-09T17:45:01.6310169Z'
  ERROR: Build asset version error: assets/script/core/buildings/smelter.cs in SourceAssetDB has modification time of '2026-08-09T17:44:54.2783371Z' while content on disk has modification time of '2026-08-09T17:45:01.6310169Z'
Number of updated asset objects reloaded before import = 0Number of asset objects unloaded after import = 0

========================================================================
Received Import Request.
  Time since last request: 0.028557 seconds.
  path: Assets/Script/Core/Buildings/Smelter.cs
  artifactKey: Guid(6afc8c0e73735494d82233da157298f0) Importer(815301076,1909f56bfc062723c751e8b465ee728b)
Start importing Assets/Script/Core/Buildings/Smelter.cs using Guid(6afc8c0e73735494d82233da157298f0) Importer(815301076,1909f56bfc062723c751e8b465ee728b) (PreviewImporter) -> (artifact id: '00000000000000000000000000000000') in 0.0006553 seconds
Import Error Code:(4)
Message: Build asset version error: assets/script/core/buildings/smelter.cs in SourceAssetDB has modification time of '2026-08-09T17:44:54.2783371Z' while content on disk has modification time of '2026-08-09T17:45:01.6310169Z'
  ERROR: Build asset version error: assets/script/core/buildings/smelter.cs in SourceAssetDB has modification time of '2026-08-09T17:44:54.2783371Z' while content on disk has modification time of '2026-08-09T17:45:01.6310169Z'
Number of updated asset objects reloaded before import = 0Number of asset objects unloaded after import = 0

========================================================================
Received Import Request.
  Time since last request: 0.026872 seconds.
  path: Assets/Script/Core/Buildings/Smelter.cs
  artifactKey: Guid(6afc8c0e73735494d82233da157298f0) Importer(815301076,1909f56bfc062723c751e8b465ee728b)
Start importing Assets/Script/Core/Buildings/Smelter.cs using Guid(6afc8c0e73735494d82233da157298f0) Importer(815301076,1909f56bfc062723c751e8b465ee728b) (PreviewImporter) -> (artifact id: '00000000000000000000000000000000') in 0.0005953 seconds
Import Error Code:(4)
Message: Build asset version error: assets/script/core/buildings/smelter.cs in SourceAssetDB has modification time of '2026-08-09T17:44:54.2783371Z' while content on disk has modification time of '2026-08-09T17:45:01.6310169Z'
  ERROR: Build asset version error: assets/script/core/buildings/smelter.cs in SourceAssetDB has modification time of '2026-08-09T17:44:54.2783371Z' while content on disk has modification time of '2026-08-09T17:45:01.6310169Z'
Number of updated asset objects reloaded before import = 0Number of asset objects unloaded after import = 0

========================================================================
Received Import Request.
  Time since last request: 0.028785 seconds.
  path: Assets/Script/Core/Buildings/Smelter.cs
  artifactKey: Guid(6afc8c0e73735494d82233da157298f0) Importer(815301076,1909f56bfc062723c751e8b465ee728b)
Start importing Assets/Script/Core/Buildings/Smelter.cs using Guid(6afc8c0e73735494d82233da157298f0) Importer(815301076,1909f56bfc062723c751e8b465ee728b) (PreviewImporter) -> (artifact id: '00000000000000000000000000000000') in 0.0007016 seconds
Import Error Code:(4)
Message: Build asset version error: assets/script/core/buildings/smelter.cs in SourceAssetDB has modification time of '2026-08-09T17:44:54.2783371Z' while content on disk has modification time of '2026-08-09T17:45:01.6310169Z'
  ERROR: Build asset version error: assets/script/core/buildings/smelter.cs in SourceAssetDB has modification time of '2026-08-09T17:44:54.2783371Z' while content on disk has modification time of '2026-08-09T17:45:01.6310169Z'
Number of updated asset objects reloaded before import = 0Number of asset objects unloaded after import = 0

========================================================================
Received Import Request.
  Time since last request: 0.032249 seconds.
  path: Assets/Script/Core/Buildings/Smelter.cs
  artifactKey: Guid(6afc8c0e73735494d82233da157298f0) Importer(815301076,1909f56bfc062723c751e8b465ee728b)
Start importing Assets/Script/Core/Buildings/Smelter.cs using Guid(6afc8c0e73735494d82233da157298f0) Importer(815301076,1909f56bfc062723c751e8b465ee728b) (PreviewImporter) -> (artifact id: '00000000000000000000000000000000') in 0.000744 seconds
Import Error Code:(4)
Message: Build asset version error: assets/script/core/buildings/smelter.cs in SourceAssetDB has modification time of '2026-08-09T17:44:54.2783371Z' while content on disk has modification time of '2026-08-09T17:45:01.6310169Z'
  ERROR: Build asset version error: assets/script/core/buildings/smelter.cs in SourceAssetDB has modification time of '2026-08-09T17:44:54.2783371Z' while content on disk has modification time of '2026-08-09T17:45:01.6310169Z'
Number of updated asset objects reloaded before import = 0Number of asset objects unloaded after import = 0

========================================================================
Received Import Request.
  Time since last request: 0.000240 seconds.
  path: Assets/Script/Core/Buildings/Smelter.cs
  artifactKey: Guid(6afc8c0e73735494d82233da157298f0) Importer(815301076,1909f56bfc062723c751e8b465ee728b)
Start importing Assets/Script/Core/Buildings/Smelter.cs using Guid(6afc8c0e73735494d82233da157298f0) Importer(815301076,1909f56bfc062723c751e8b465ee728b) (PreviewImporter) -> (artifact id: '00000000000000000000000000000000') in 0.0007116 seconds
Import Error Code:(4)
Message: Build asset version error: assets/script/core/buildings/smelter.cs in SourceAssetDB has modification time of '2026-08-09T17:44:54.2783371Z' while content on disk has modification time of '2026-08-09T17:45:01.6310169Z'
  ERROR: Build asset version error: assets/script/core/buildings/smelter.cs in SourceAssetDB has modification time of '2026-08-09T17:44:54.2783371Z' while content on disk has modification time of '2026-08-09T17:45:01.6310169Z'
Number of updated asset objects reloaded before import = 0Number of asset objects unloaded after import = 0

========================================================================
Received Import Request.
  Time since last request: 0.026197 seconds.
  path: Assets/Script/Core/Buildings/Smelter.cs
  artifactKey: Guid(6afc8c0e73735494d82233da157298f0) Importer(815301076,1909f56bfc062723c751e8b465ee728b)
Start importing Assets/Script/Core/Buildings/Smelter.cs using Guid(6afc8c0e73735494d82233da157298f0) Importer(815301076,1909f56bfc062723c751e8b465ee728b) (PreviewImporter) -> (artifact id: '00000000000000000000000000000000') in 0.0007686 seconds
Import Error Code:(4)
Message: Build asset version error: assets/script/core/buildings/smelter.cs in SourceAssetDB has modification time of '2026-08-09T17:44:54.2783371Z' while content on disk has modification time of '2026-08-09T17:45:01.6310169Z'
  ERROR: Build asset version error: assets/script/core/buildings/smelter.cs in SourceAssetDB has modification time of '2026-08-09T17:44:54.2783371Z' while content on disk has modification time of '2026-08-09T17:45:01.6310169Z'
Number of updated asset objects reloaded before import = 0Number of asset objects unloaded after import = 0

========================================================================
Received Import Request.
  Time since last request: 0.027664 seconds.
  path: Assets/Script/Core/Buildings/Smelter.cs
  artifactKey: Guid(6afc8c0e73735494d82233da157298f0) Importer(815301076,1909f56bfc062723c751e8b465ee728b)
Start importing Assets/Script/Core/Buildings/Smelter.cs using Guid(6afc8c0e73735494d82233da157298f0) Importer(815301076,1909f56bfc062723c751e8b465ee728b) (PreviewImporter) -> (artifact id: '00000000000000000000000000000000') in 0.0007839 seconds
Import Error Code:(4)
Message: Build asset version error: assets/script/core/buildings/smelter.cs in SourceAssetDB has modification time of '2026-08-09T17:44:54.2783371Z' while content on disk has modification time of '2026-08-09T17:45:01.6310169Z'
  ERROR: Build asset version error: assets/script/core/buildings/smelter.cs in SourceAssetDB has modification time of '2026-08-09T17:44:54.2783371Z' while content on disk has modification time of '2026-08-09T17:45:01.6310169Z'
Number of updated asset objects reloaded before import = 0Number of asset objects unloaded after import = 0

========================================================================
Received Import Request.
  Time since last request: 0.027979 seconds.
  path: Assets/Script/Core/Buildings/Smelter.cs
  artifactKey: Guid(6afc8c0e73735494d82233da157298f0) Importer(815301076,1909f56bfc062723c751e8b465ee728b)
Start importing Assets/Script/Core/Buildings/Smelter.cs using Guid(6afc8c0e73735494d82233da157298f0) Importer(815301076,1909f56bfc062723c751e8b465ee728b) (PreviewImporter) -> (artifact id: '00000000000000000000000000000000') in 0.0006153 seconds
Import Error Code:(4)
Message: Build asset version error: assets/script/core/buildings/smelter.cs in SourceAssetDB has modification time of '2026-08-09T17:44:54.2783371Z' while content on disk has modification time of '2026-08-09T17:45:01.6310169Z'
  ERROR: Build asset version error: assets/script/core/buildings/smelter.cs in SourceAssetDB has modification time of '2026-08-09T17:44:54.2783371Z' while content on disk has modification time of '2026-08-09T17:45:01.6310169Z'
Number of updated asset objects reloaded before import = 0Number of asset objects unloaded after import = 0

========================================================================
Received Import Request.
  Time since last request: 9.929945 seconds.
  path: Assets/ScriptableObjects/Builders/Smelter.asset
  artifactKey: Guid(fb3560e85bd56c349aa3d7327bd69798) Importer(815301076,1909f56bfc062723c751e8b465ee728b)
Start importing Assets/ScriptableObjects/Builders/Smelter.asset using Guid(fb3560e85bd56c349aa3d7327bd69798) Importer(815301076,1909f56bfc062723c751e8b465ee728b) (PreviewImporter) -> (artifact id: '321c020d70f7472a94ff4c50c2deda47') in 0.0195825 seconds
Number of updated asset objects reloaded before import = 0Number of asset objects unloaded after import = 1

========================================================================
Received Import Request.
  Time since last request: 0.984931 seconds.
  path: Assets/ScriptableObjects/Builders/Smelter.asset
  artifactKey: Guid(fb3560e85bd56c349aa3d7327bd69798) Importer(2089858483,192608db42251d675da83286b1cce702)
Start importing Assets/ScriptableObjects/Builders/Smelter.asset using Guid(fb3560e85bd56c349aa3d7327bd69798) Importer(2089858483,192608db42251d675da83286b1cce702) (ScriptedImporter) -> (artifact id: 'd505429297a130043d27f48024450db8') in 0.1355634 seconds
Number of updated asset objects reloaded before import = 0Number of asset objects unloaded after import = 1

========================================================================
Received Import Request.
  Time since last request: 183.786905 seconds.
  path: Assets/models/Builders/Smelter.prefab
  artifactKey: Guid(08a1fcf64f93e4340b1f5585d7e96d90) Importer(815301076,1909f56bfc062723c751e8b465ee728b)
Start importing Assets/models/Builders/Smelter.prefab using Guid(08a1fcf64f93e4340b1f5585d7e96d90) Importer(815301076,1909f56bfc062723c751e8b465ee728b) (PreviewImporter) -> (artifact id: 'ebeda8fe6fa49dac8de52cb624c33739') in 0.1084056 seconds
Number of updated asset objects reloaded before import = 0Number of asset objects unloaded after import = 22

========================================================================
Received Import Request.
  Time since last request: 0.842700 seconds.
  path: Assets/models/Builders/Smelter.prefab
  artifactKey: Guid(08a1fcf64f93e4340b1f5585d7e96d90) Importer(2089858483,192608db42251d675da83286b1cce702)
Start importing Assets/models/Builders/Smelter.prefab using Guid(08a1fcf64f93e4340b1f5585d7e96d90) Importer(2089858483,192608db42251d675da83286b1cce702) (ScriptedImporter) -> (artifact id: 'c4a242b13f1f7e9704ee295377f4c519') in 0.0581887 seconds
Number of updated asset objects reloaded before import = 0Number of asset objects unloaded after import = 22

========================================================================
Received Import Request.
  Time since last request: 4.548674 seconds.
  path: Assets/models/Builders/Smelter_model.prefab
  artifactKey: Guid(08a1fcf64f93e4340b1f5585d7e96d90) Importer(815301076,1909f56bfc062723c751e8b465ee728b)
Start importing Assets/models/Builders/Smelter_model.prefab using Guid(08a1fcf64f93e4340b1f5585d7e96d90) Importer(815301076,1909f56bfc062723c751e8b465ee728b) (PreviewImporter) -> (artifact id: '71a7fdc2d28fee70cac1596c43481fc7') in 0.0097562 seconds
Number of updated asset objects reloaded before import = 0Number of asset objects unloaded after import = 22

========================================================================
Received Import Request.
  Time since last request: 0.871145 seconds.
  path: Assets/models/Builders/Smelter_model.prefab
  artifactKey: Guid(08a1fcf64f93e4340b1f5585d7e96d90) Importer(2089858483,192608db42251d675da83286b1cce702)
Start importing Assets/models/Builders/Smelter_model.prefab using Guid(08a1fcf64f93e4340b1f5585d7e96d90) Importer(2089858483,192608db42251d675da83286b1cce702) (ScriptedImporter) -> (artifact id: '736ffc8da8ca953ff57416fd6ef2cf67') in 0.028029 seconds
Number of updated asset objects reloaded before import = 0Number of asset objects unloaded after import = 22

========================================================================
Received Import Request.
  Time since last request: 5.854375 seconds.
  path: Assets/models/Builders/Smelter_model 1.prefab
  artifactKey: Guid(4aa3baae48d05a74a942d49dfa7f3c4a) Importer(815301076,1909f56bfc062723c751e8b465ee728b)
Start importing Assets/models/Builders/Smelter_model 1.prefab using Guid(4aa3baae48d05a74a942d49dfa7f3c4a) Importer(815301076,1909f56bfc062723c751e8b465ee728b) (PreviewImporter) -> (artifact id: 'a3e99af87f46da80d7cf4a1b49aaac05') in 0.0085421 seconds
Number of updated asset objects reloaded before import = 0Number of asset objects unloaded after import = 22

========================================================================
Received Import Request.
  Time since last request: 0.155220 seconds.
  path: Assets/models/Builders/Conveyor_model_ghost.prefab
  artifactKey: Guid(5a4479ae761e1de4cba4c055cf89b480) Importer(815301076,1909f56bfc062723c751e8b465ee728b)
Start importing Assets/models/Builders/Conveyor_model_ghost.prefab using Guid(5a4479ae761e1de4cba4c055cf89b480) Importer(815301076,1909f56bfc062723c751e8b465ee728b) (PreviewImporter) -> (artifact id: '5b3a25ccce76dedc9f7f209919f00562') in 0.025321 seconds
Number of updated asset objects reloaded before import = 0Number of asset objects unloaded after import = 24

========================================================================
Received Import Request.
  Time since last request: 0.778041 seconds.
  path: Assets/models/Builders/CONVEER_FROM_BLENDER/WMaterial.001 1.mat
  artifactKey: Guid(d62743db18c9adf4280859eaa142d57b) Importer(2089858483,192608db42251d675da83286b1cce702)
Start importing Assets/models/Builders/CONVEER_FROM_BLENDER/WMaterial.001 1.mat using Guid(d62743db18c9adf4280859eaa142d57b) Importer(2089858483,192608db42251d675da83286b1cce702) (ScriptedImporter) -> (artifact id: 'c7a87181c992cb3eb6c69135cf6ab691') in 0.0258233 seconds
Number of updated asset objects reloaded before import = 0Number of asset objects unloaded after import = 1

========================================================================
Received Import Request.
  Time since last request: 0.000181 seconds.
  path: Assets/models/Builders/Smelter_model 1.prefab
  artifactKey: Guid(4aa3baae48d05a74a942d49dfa7f3c4a) Importer(2089858483,192608db42251d675da83286b1cce702)
Start importing Assets/models/Builders/Smelter_model 1.prefab using Guid(4aa3baae48d05a74a942d49dfa7f3c4a) Importer(2089858483,192608db42251d675da83286b1cce702) (ScriptedImporter) -> (artifact id: '7c22ac157ce96b5c46d0bbd3b0d6a0c1') in 0.0336702 seconds
Number of updated asset objects reloaded before import = 0Number of asset objects unloaded after import = 22

========================================================================
Received Import Request.
  Time since last request: 0.000035 seconds.
  path: Assets/models/Builders/CONVEER_FROM_BLENDER/WMaterial 1.mat
  artifactKey: Guid(561f74a5909f26940897324adcf434d9) Importer(2089858483,192608db42251d675da83286b1cce702)
Start importing Assets/models/Builders/CONVEER_FROM_BLENDER/WMaterial 1.mat using Guid(561f74a5909f26940897324adcf434d9) Importer(2089858483,192608db42251d675da83286b1cce702) (ScriptedImporter) -> (artifact id: 'bfb157be686fe4bfcde11b8df1c370f8') in 0.0261875 seconds
Number of updated asset objects reloaded before import = 0Number of asset objects unloaded after import = 1

========================================================================
Received Import Request.
  Time since last request: 0.000177 seconds.
  path: Assets/ScriptableObjects/Builders/Smelter.asset
  artifactKey: Guid(fb3560e85bd56c349aa3d7327bd69798) Importer(2089858483,192608db42251d675da83286b1cce702)
Start importing Assets/ScriptableObjects/Builders/Smelter.asset using Guid(fb3560e85bd56c349aa3d7327bd69798) Importer(2089858483,192608db42251d675da83286b1cce702) (ScriptedImporter) -> (artifact id: '0fd9689f870ec8f150cafb21d860aeb7') in 0.025546 seconds
Number of updated asset objects reloaded before import = 0Number of asset objects unloaded after import = 1

========================================================================
Received Import Request.
  Time since last request: 0.000182 seconds.
  path: Assets/ScriptableObjects/recipes/plankRecipe 1.asset
  artifactKey: Guid(f151608f38544b9469cdd3fb90000d9f) Importer(2089858483,192608db42251d675da83286b1cce702)
Start importing Assets/ScriptableObjects/recipes/plankRecipe 1.asset using Guid(f151608f38544b9469cdd3fb90000d9f) Importer(2089858483,192608db42251d675da83286b1cce702) (ScriptedImporter) -> (artifact id: 'cd934d80c13ac2b577ba673c443665a5') in 0.0397639 seconds
Number of updated asset objects reloaded before import = 0Number of asset objects unloaded after import = 45

========================================================================
Received Import Request.
  Time since last request: 0.000043 seconds.
  path: Assets/ScriptableObjects/items/Cooper ore.asset
  artifactKey: Guid(43ec0e9396945c64bbd4da95fb1e7f16) Importer(2089858483,192608db42251d675da83286b1cce702)
Start importing Assets/ScriptableObjects/items/Cooper ore.asset using Guid(43ec0e9396945c64bbd4da95fb1e7f16) Importer(2089858483,192608db42251d675da83286b1cce702) (ScriptedImporter) -> (artifact id: '389d0ba8803f6b69c6d4ab4297a34911') in 0.0264995 seconds
Number of updated asset objects reloaded before import = 0Number of asset objects unloaded after import = 35

========================================================================
Received Import Request.
  Time since last request: 0.000046 seconds.
  path: Assets/ScriptableObjects/items/Cooper Ingot.asset
  artifactKey: Guid(d94633f2ce269a444bcaf41dd83cc631) Importer(2089858483,192608db42251d675da83286b1cce702)
Start importing Assets/ScriptableObjects/items/Cooper Ingot.asset using Guid(d94633f2ce269a444bcaf41dd83cc631) Importer(2089858483,192608db42251d675da83286b1cce702) (ScriptedImporter) -> (artifact id: 'e8fc0d60f09c23a05f74ae19b2377f0c') in 0.0332895 seconds
Number of updated asset objects reloaded before import = 0Number of asset objects unloaded after import = 9

========================================================================
Received Import Request.
  Time since last request: 0.000036 seconds.
  path: Assets/models/Builders/CONVEER_FROM_BLENDER/WБез имени 1.mat
  artifactKey: Guid(163f7753a7a36d4408479eae97c09980) Importer(2089858483,192608db42251d675da83286b1cce702)
Start importing Assets/models/Builders/CONVEER_FROM_BLENDER/WБез имени 1.mat using Guid(163f7753a7a36d4408479eae97c09980) Importer(2089858483,192608db42251d675da83286b1cce702) (ScriptedImporter) -> (artifact id: '517f0c0edbbddbdd8b2be204e4ccc876') in 0.0281256 seconds
Number of updated asset objects reloaded before import = 0Number of asset objects unloaded after import = 2

========================================================================
Received Import Request.
  Time since last request: 5.429398 seconds.
  path: Assets/models/Builders/Smelter_model_ghost.prefab
  artifactKey: Guid(4aa3baae48d05a74a942d49dfa7f3c4a) Importer(815301076,1909f56bfc062723c751e8b465ee728b)
Start importing Assets/models/Builders/Smelter_model_ghost.prefab using Guid(4aa3baae48d05a74a942d49dfa7f3c4a) Importer(815301076,1909f56bfc062723c751e8b465ee728b) (PreviewImporter) -> (artifact id: '39a360986ea867beffd7ed724d9b46b6') in 0.0101248 seconds
Number of updated asset objects reloaded before import = 0Number of asset objects unloaded after import = 22

========================================================================
Received Import Request.
  Time since last request: 0.859562 seconds.
  path: Assets/models/Builders/Smelter_model_ghost.prefab
  artifactKey: Guid(4aa3baae48d05a74a942d49dfa7f3c4a) Importer(2089858483,192608db42251d675da83286b1cce702)
Start importing Assets/models/Builders/Smelter_model_ghost.prefab using Guid(4aa3baae48d05a74a942d49dfa7f3c4a) Importer(2089858483,192608db42251d675da83286b1cce702) (ScriptedImporter) -> (artifact id: '54dee9a882e6d7c488e69227fb98e45d') in 0.0267428 seconds
Number of updated asset objects reloaded before import = 0Number of asset objects unloaded after import = 22

========================================================================
Received Import Request.
  Time since last request: 8.261733 seconds.
  path: Assets/models/Builders/Smelter_model_ghost.prefab
  artifactKey: Guid(4aa3baae48d05a74a942d49dfa7f3c4a) Importer(815301076,1909f56bfc062723c751e8b465ee728b)
Start importing Assets/models/Builders/Smelter_model_ghost.prefab using Guid(4aa3baae48d05a74a942d49dfa7f3c4a) Importer(815301076,1909f56bfc062723c751e8b465ee728b) (PreviewImporter) -> (artifact id: 'c7d0085f9418ed6de63b6971396213f9') in 0.0222576 seconds
Number of updated asset objects reloaded before import = 0Number of asset objects unloaded after import = 23

========================================================================
Received Import Request.
  Time since last request: 0.845085 seconds.
  path: Assets/models/Builders/Smelter_model_ghost.prefab
  artifactKey: Guid(4aa3baae48d05a74a942d49dfa7f3c4a) Importer(2089858483,192608db42251d675da83286b1cce702)
Start importing Assets/models/Builders/Smelter_model_ghost.prefab using Guid(4aa3baae48d05a74a942d49dfa7f3c4a) Importer(2089858483,192608db42251d675da83286b1cce702) (ScriptedImporter) -> (artifact id: '7a960d605a9e7683a1292df32eb95f61') in 0.0304185 seconds
Number of updated asset objects reloaded before import = 0Number of asset objects unloaded after import = 23

========================================================================
Received Import Request.
  Time since last request: 7.200817 seconds.
  path: Assets/models/Builders/Smelter_model_ghost.prefab
  artifactKey: Guid(4aa3baae48d05a74a942d49dfa7f3c4a) Importer(815301076,1909f56bfc062723c751e8b465ee728b)
Start importing Assets/models/Builders/Smelter_model_ghost.prefab using Guid(4aa3baae48d05a74a942d49dfa7f3c4a) Importer(815301076,1909f56bfc062723c751e8b465ee728b) (PreviewImporter) -> (artifact id: 'a26981209461f9a9d6e248876af6e40a') in 0.0220959 seconds
Number of updated asset objects reloaded before import = 0Number of asset objects unloaded after import = 23

========================================================================
Received Import Request.
  Time since last request: 0.926744 seconds.
  path: Assets/models/Builders/Smelter_model_ghost.prefab
  artifactKey: Guid(4aa3baae48d05a74a942d49dfa7f3c4a) Importer(2089858483,192608db42251d675da83286b1cce702)
Start importing Assets/models/Builders/Smelter_model_ghost.prefab using Guid(4aa3baae48d05a74a942d49dfa7f3c4a) Importer(2089858483,192608db42251d675da83286b1cce702) (ScriptedImporter) -> (artifact id: 'dfefc71d0abfe4a3ff9c06cc76cb67f2') in 0.0262241 seconds
Number of updated asset objects reloaded before import = 0Number of asset objects unloaded after import = 23

========================================================================
Received Import Request.
  Time since last request: 94.751973 seconds.
  path: Assets/models/Builders/Smelter_model.prefab
  artifactKey: Guid(08a1fcf64f93e4340b1f5585d7e96d90) Importer(815301076,1909f56bfc062723c751e8b465ee728b)
Start importing Assets/models/Builders/Smelter_model.prefab using Guid(08a1fcf64f93e4340b1f5585d7e96d90) Importer(815301076,1909f56bfc062723c751e8b465ee728b) (PreviewImporter) -> (artifact id: 'a2e1a3ce1b086289d9d2710eac2bc96f') in 0.0226891 seconds
Number of updated asset objects reloaded before import = 0Number of asset objects unloaded after import = 34

========================================================================
Received Import Request.
  Time since last request: 0.844336 seconds.
  path: Assets/models/Builders/Smelter_model.prefab
  artifactKey: Guid(08a1fcf64f93e4340b1f5585d7e96d90) Importer(2089858483,192608db42251d675da83286b1cce702)
Start importing Assets/models/Builders/Smelter_model.prefab using Guid(08a1fcf64f93e4340b1f5585d7e96d90) Importer(2089858483,192608db42251d675da83286b1cce702) (ScriptedImporter) -> (artifact id: '7af9c1e5ad401395a920fefec31bf371') in 0.0268057 seconds
Number of updated asset objects reloaded before import = 0Number of asset objects unloaded after import = 27

========================================================================
Received Import Request.
  Time since last request: 17.398517 seconds.
  path: Assets/models/Builders/Smelter_model_ghost.prefab
  artifactKey: Guid(4aa3baae48d05a74a942d49dfa7f3c4a) Importer(815301076,1909f56bfc062723c751e8b465ee728b)
Start importing Assets/models/Builders/Smelter_model_ghost.prefab using Guid(4aa3baae48d05a74a942d49dfa7f3c4a) Importer(815301076,1909f56bfc062723c751e8b465ee728b) (PreviewImporter) -> (artifact id: 'e93e9f8ae59daea68176341c981a9472') in 0.02332 seconds
Number of updated asset objects reloaded before import = 0Number of asset objects unloaded after import = 35

========================================================================
Received Import Request.
  Time since last request: 0.835910 seconds.
  path: Assets/models/Builders/Smelter_model_ghost.prefab
  artifactKey: Guid(4aa3baae48d05a74a942d49dfa7f3c4a) Importer(2089858483,192608db42251d675da83286b1cce702)
Start importing Assets/models/Builders/Smelter_model_ghost.prefab using Guid(4aa3baae48d05a74a942d49dfa7f3c4a) Importer(2089858483,192608db42251d675da83286b1cce702) (ScriptedImporter) -> (artifact id: '25626c847f7e9dea804832ed96802c7c') in 0.0286191 seconds
Number of updated asset objects reloaded before import = 0Number of asset objects unloaded after import = 28

========================================================================
Received Import Request.
  Time since last request: 13.906414 seconds.
  path: Assets/prefabs/Builders/Assembler_01.prefab
  artifactKey: Guid(735fe68b4ba56b84ba6b36c448cb7b69) Importer(815301076,1909f56bfc062723c751e8b465ee728b)
Start importing Assets/prefabs/Builders/Assembler_01.prefab using Guid(735fe68b4ba56b84ba6b36c448cb7b69) Importer(815301076,1909f56bfc062723c751e8b465ee728b) (PreviewImporter) -> (artifact id: '6d2b2755722dba43af6f5e6db04881a5') in 0.0288089 seconds
Number of updated asset objects reloaded before import = 0Number of asset objects unloaded after import = 148

========================================================================
Received Import Request.
  Time since last request: 0.000039 seconds.
  path: Assets/prefabs/Builders/Extractor_01.prefab
  artifactKey: Guid(9fe6ad3d27314834b81d7bfbf2e98aa8) Importer(815301076,1909f56bfc062723c751e8b465ee728b)
Start importing Assets/prefabs/Builders/Extractor_01.prefab using Guid(9fe6ad3d27314834b81d7bfbf2e98aa8) Importer(815301076,1909f56bfc062723c751e8b465ee728b) (PreviewImporter) -> (artifact id: '5b90142ab99fa259c3a3bab098c96496') in 0.0532476 seconds
Number of updated asset objects reloaded before import = 0Number of asset objects unloaded after import = 118

========================================================================
Received Import Request.
  Time since last request: 84.136974 seconds.
  path: Assets/prefabs/Builders/Smelter_01.prefab
  artifactKey: Guid(0cc702c803a973043a92ee8ca7e71b96) Importer(815301076,1909f56bfc062723c751e8b465ee728b)
Start importing Assets/prefabs/Builders/Smelter_01.prefab using Guid(0cc702c803a973043a92ee8ca7e71b96) Importer(815301076,1909f56bfc062723c751e8b465ee728b) (PreviewImporter) -> (artifact id: 'ce0ed22add01f519606670b6b51327d1') in 0.0214233 seconds
Number of updated asset objects reloaded before import = 0Number of asset objects unloaded after import = 63

========================================================================
Received Import Request.
  Time since last request: 0.959344 seconds.
  path: Assets/prefabs/Builders/Smelter_01.prefab
  artifactKey: Guid(0cc702c803a973043a92ee8ca7e71b96) Importer(2089858483,192608db42251d675da83286b1cce702)
Start importing Assets/prefabs/Builders/Smelter_01.prefab using Guid(0cc702c803a973043a92ee8ca7e71b96) Importer(2089858483,192608db42251d675da83286b1cce702) (ScriptedImporter) -> (artifact id: 'f09398d4af86f8e818e1fe690d7c2aa2') in 0.0212602 seconds
Number of updated asset objects reloaded before import = 0Number of asset objects unloaded after import = 30

========================================================================
Received Prepare
Refreshing native plugins compatible for Editor in 2.08 ms, found 3 plugins.
Preloading 0 native plugins for Editor in 0.00 ms.
Unloading 0 Unused Serialized files (Serialized files now loaded: 0)
Unloading 3943 unused Assets / (0.7 MB). Loaded Objects now: 4475.
Memory consumption went from 101.5 MB to 100.8 MB.
Total: 8.726900 ms (FindLiveObjects: 0.583100 ms CreateObjectMapping: 0.798600 ms MarkObjects: 6.162300 ms  DeleteObjects: 1.180800 ms)

Prepare: number of updated asset objects reloaded= 0
========================================================================
Received Import Request.
  Time since last request: 1.708156 seconds.
  path: Assets/Script/Core/Buildings/Smelter.cs
  artifactKey: Guid(6afc8c0e73735494d82233da157298f0) Importer(2089858483,192608db42251d675da83286b1cce702)
Start importing Assets/Script/Core/Buildings/Smelter.cs using Guid(6afc8c0e73735494d82233da157298f0) Importer(2089858483,192608db42251d675da83286b1cce702) (ScriptedImporter) -> (artifact id: '975ecf06aebf2e1a654e82c5d3ace746') in 0.0323967 seconds
Number of updated asset objects reloaded before import = 0Number of asset objects unloaded after import = 0

========================================================================
Received Prepare
Begin MonoManager ReloadAssembly
- Loaded All Assemblies, in  0.908 seconds
Refreshing native plugins compatible for Editor in 1.84 ms, found 3 plugins.
Native extension for iOS target not found
Native extension for Android target not found
Native extension for WindowsStandalone target not found
[Package Manager] Failed to launch server process. Reason: Unity was launched with the -noUpm command-line argument
[Package Manager] Unable to send message (not connected to server process).
[Package Manager] Cannot connect to Unity Package Manager local server
Mono: successfully reloaded assembly
- Finished resetting the current domain, in  0.918 seconds
Domain Reload Profiling: 1823ms
	BeginReloadAssembly (249ms)
		ExecutionOrderSort (0ms)
		DisableScriptedObjects (8ms)
		BackupInstance (0ms)
		ReleaseScriptingObjects (0ms)
		CreateAndSetChildDomain (60ms)
	RebuildCommonClasses (47ms)
	RebuildNativeTypeToScriptingClass (15ms)
	initialDomainReloadingComplete (42ms)
	LoadAllAssembliesAndSetupDomain (552ms)
		LoadAssemblies (475ms)
		RebuildTransferFunctionScriptingTraits (0ms)
		AnalyzeDomain (198ms)
			TypeCache.Refresh (9ms)
				TypeCache.ScanAssembly (1ms)
			BuildScriptInfoCaches (178ms)
			ResolveRequiredComponents (6ms)
	FinalizeReload (918ms)
		ReleaseScriptCaches (0ms)
		RebuildScriptCaches (0ms)
		SetupLoadedEditorAssemblies (771ms)
			LogAssemblyErrors (0ms)
			InitializePlatformSupportModulesInManaged (25ms)
			SetLoadedEditorAssemblies (8ms)
			BeforeProcessingInitializeOnLoad (224ms)
			ProcessInitializeOnLoadAttributes (473ms)
			ProcessInitializeOnLoadMethodAttributes (32ms)
			AfterProcessingInitializeOnLoad (9ms)
			EditorAssembliesLoaded (0ms)
		ExecutionOrderSort2 (0ms)
		AwakeInstancesAfterBackupRestoration (8ms)
Refreshing native plugins compatible for Editor in 1.66 ms, found 3 plugins.
Preloading 0 native plugins for Editor in 0.00 ms.
Unloading 0 Unused Serialized files (Serialized files now loaded: 0)
Unloading 3950 unused Assets / (1.2 MB). Loaded Objects now: 4474.
Memory consumption went from 100.9 MB to 99.8 MB.
Total: 7.239200 ms (FindLiveObjects: 0.541400 ms CreateObjectMapping: 0.217000 ms MarkObjects: 4.988400 ms  DeleteObjects: 1.491100 ms)

Prepare: number of updated asset objects reloaded= 0
========================================================================
Received Import Request.
  Time since last request: 8.050368 seconds.
  path: Assets/ScriptableObjects/Builders/Smelter.asset
  artifactKey: Guid(fb3560e85bd56c349aa3d7327bd69798) Importer(815301076,1909f56bfc062723c751e8b465ee728b)
Start importing Assets/ScriptableObjects/Builders/Smelter.asset using Guid(fb3560e85bd56c349aa3d7327bd69798) Importer(815301076,1909f56bfc062723c751e8b465ee728b) (PreviewImporter) -> (artifact id: '72bb68298be9ecb0b46aea21ee89d0bc') in 0.0234256 seconds
Number of updated asset objects reloaded before import = 0Number of asset objects unloaded after import = 1

========================================================================
Received Import Request.
  Time since last request: 6.213365 seconds.
  path: Assets/prefabs/Builders/Smelter_01.prefab
  artifactKey: Guid(0cc702c803a973043a92ee8ca7e71b96) Importer(815301076,1909f56bfc062723c751e8b465ee728b)
Start importing Assets/prefabs/Builders/Smelter_01.prefab using Guid(0cc702c803a973043a92ee8ca7e71b96) Importer(815301076,1909f56bfc062723c751e8b465ee728b) (PreviewImporter) -> (artifact id: '74fc71a40ba43ac3e894e02a3bae995d') in 0.0838142 seconds
Number of updated asset objects reloaded before import = 0Number of asset objects unloaded after import = 64

========================================================================
Received Import Request.
  Time since last request: 12.660037 seconds.
  path: Assets/prefabs/Builders/ResearchLab.prefab
  artifactKey: Guid(cc9c51e3bf186cd4ca039425a7f58b52) Importer(815301076,1909f56bfc062723c751e8b465ee728b)
Start importing Assets/prefabs/Builders/ResearchLab.prefab using Guid(cc9c51e3bf186cd4ca039425a7f58b52) Importer(815301076,1909f56bfc062723c751e8b465ee728b) (PreviewImporter) -> (artifact id: 'f072ac05efbe8773f5eda5d5e8469c90') in 0.0487042 seconds
Number of updated asset objects reloaded before import = 0Number of asset objects unloaded after import = 126

========================================================================
Received Import Request.
  Time since last request: 7.244516 seconds.
  path: Assets/ScriptableObjects/recipes/CooperIngotRecipe 1.asset
  artifactKey: Guid(381105f3eae4e0d4ea85f7ad6a9c4f6b) Importer(815301076,1909f56bfc062723c751e8b465ee728b)
Start importing Assets/ScriptableObjects/recipes/CooperIngotRecipe 1.asset using Guid(381105f3eae4e0d4ea85f7ad6a9c4f6b) Importer(815301076,1909f56bfc062723c751e8b465ee728b) (PreviewImporter) -> (artifact id: '01db36cd962243941a61005df7ed0d65') in 0.0147266 seconds
Number of updated asset objects reloaded before import = 0Number of asset objects unloaded after import = 152

========================================================================
Received Import Request.
  Time since last request: 2.828177 seconds.
  path: Assets/prefabs/Builders/Smelter_01.prefab
  artifactKey: Guid(0cc702c803a973043a92ee8ca7e71b96) Importer(815301076,1909f56bfc062723c751e8b465ee728b)
Start importing Assets/prefabs/Builders/Smelter_01.prefab using Guid(0cc702c803a973043a92ee8ca7e71b96) Importer(815301076,1909f56bfc062723c751e8b465ee728b) (PreviewImporter) -> (artifact id: '69a636bd2f76888f235cb6ec15af250f') in 0.0271453 seconds
Number of updated asset objects reloaded before import = 0Number of asset objects unloaded after import = 253

========================================================================
Received Import Request.
  Time since last request: 3.606496 seconds.
  path: Assets/prefabs/Builders/Smelter_01.prefab
  artifactKey: Guid(0cc702c803a973043a92ee8ca7e71b96) Importer(815301076,1909f56bfc062723c751e8b465ee728b)
Start importing Assets/prefabs/Builders/Smelter_01.prefab using Guid(0cc702c803a973043a92ee8ca7e71b96) Importer(815301076,1909f56bfc062723c751e8b465ee728b) (PreviewImporter) -> (artifact id: '1bf41e5613577aa8b3b1f3be679694f6') in 0.0162223 seconds
Number of updated asset objects reloaded before import = 0Number of asset objects unloaded after import = 113

========================================================================
Received Import Request.
  Time since last request: 4.573499 seconds.
  path: Assets/prefabs/Builders/Assembler_01.prefab
  artifactKey: Guid(735fe68b4ba56b84ba6b36c448cb7b69) Importer(815301076,1909f56bfc062723c751e8b465ee728b)
Start importing Assets/prefabs/Builders/Assembler_01.prefab using Guid(735fe68b4ba56b84ba6b36c448cb7b69) Importer(815301076,1909f56bfc062723c751e8b465ee728b) (PreviewImporter) -> (artifact id: '786a3a192141ae019f80799385d0a579') in 0.0357182 seconds
Number of updated asset objects reloaded before import = 0Number of asset objects unloaded after import = 149

========================================================================
Received Import Request.
  Time since last request: 34.984777 seconds.
  path: Assets/prefabs/Builders/Smelter_01.prefab
  artifactKey: Guid(0cc702c803a973043a92ee8ca7e71b96) Importer(815301076,1909f56bfc062723c751e8b465ee728b)
Start importing Assets/prefabs/Builders/Smelter_01.prefab using Guid(0cc702c803a973043a92ee8ca7e71b96) Importer(815301076,1909f56bfc062723c751e8b465ee728b) (PreviewImporter) -> (artifact id: '995878bd3aaf618b95680466bc686185') in 0.015574 seconds
Number of updated asset objects reloaded before import = 0Number of asset objects unloaded after import = 115

========================================================================
Received Import Request.
  Time since last request: 1.351232 seconds.
  path: Assets/prefabs/Builders/Smelter_01.prefab
  artifactKey: Guid(0cc702c803a973043a92ee8ca7e71b96) Importer(815301076,1909f56bfc062723c751e8b465ee728b)
Start importing Assets/prefabs/Builders/Smelter_01.prefab using Guid(0cc702c803a973043a92ee8ca7e71b96) Importer(815301076,1909f56bfc062723c751e8b465ee728b) (PreviewImporter) -> (artifact id: 'f959c4ef852f43f747b1554802571307') in 0.0145917 seconds
Number of updated asset objects reloaded before import = 0Number of asset objects unloaded after import = 115

========================================================================
Received Import Request.
  Time since last request: 6.016387 seconds.
  path: Assets/prefabs/Builders/Smelter_01.prefab
  artifactKey: Guid(0cc702c803a973043a92ee8ca7e71b96) Importer(815301076,1909f56bfc062723c751e8b465ee728b)
Start importing Assets/prefabs/Builders/Smelter_01.prefab using Guid(0cc702c803a973043a92ee8ca7e71b96) Importer(815301076,1909f56bfc062723c751e8b465ee728b) (PreviewImporter) -> (artifact id: '3294edf37bf40b66037ba4eec537516e') in 0.0217234 seconds
Number of updated asset objects reloaded before import = 0Number of asset objects unloaded after import = 117

========================================================================
Received Import Request.
  Time since last request: 0.758326 seconds.
  path: Assets/prefabs/Builders/Smelter_01.prefab
  artifactKey: Guid(0cc702c803a973043a92ee8ca7e71b96) Importer(815301076,1909f56bfc062723c751e8b465ee728b)
Start importing Assets/prefabs/Builders/Smelter_01.prefab using Guid(0cc702c803a973043a92ee8ca7e71b96) Importer(815301076,1909f56bfc062723c751e8b465ee728b) (PreviewImporter) -> (artifact id: '7a9d29b3fb70f1a33be97c4f27810301') in 0.0147693 seconds
Number of updated asset objects reloaded before import = 0Number of asset objects unloaded after import = 117

========================================================================
Received Import Request.
  Time since last request: 4.356810 seconds.
  path: Assets/prefabs/Builders/Smelter_01.prefab
  artifactKey: Guid(0cc702c803a973043a92ee8ca7e71b96) Importer(815301076,1909f56bfc062723c751e8b465ee728b)
Start importing Assets/prefabs/Builders/Smelter_01.prefab using Guid(0cc702c803a973043a92ee8ca7e71b96) Importer(815301076,1909f56bfc062723c751e8b465ee728b) (PreviewImporter) -> (artifact id: '52f84a6160b06ebeca5b21393462da3e') in 0.0159631 seconds
Number of updated asset objects reloaded before import = 0Number of asset objects unloaded after import = 118

========================================================================
Received Import Request.
  Time since last request: 2.643902 seconds.
  path: Assets/prefabs/Builders/Smelter_01.prefab
  artifactKey: Guid(0cc702c803a973043a92ee8ca7e71b96) Importer(815301076,1909f56bfc062723c751e8b465ee728b)
Start importing Assets/prefabs/Builders/Smelter_01.prefab using Guid(0cc702c803a973043a92ee8ca7e71b96) Importer(815301076,1909f56bfc062723c751e8b465ee728b) (PreviewImporter) -> (artifact id: '5487d80f8593077b8ee19da954e7ba3e') in 0.0166034 seconds
Number of updated asset objects reloaded before import = 0Number of asset objects unloaded after import = 118

========================================================================
Received Import Request.
  Time since last request: 5.786345 seconds.
  path: Assets/prefabs/Builders/Smelter_01.prefab
  artifactKey: Guid(0cc702c803a973043a92ee8ca7e71b96) Importer(815301076,1909f56bfc062723c751e8b465ee728b)
Start importing Assets/prefabs/Builders/Smelter_01.prefab using Guid(0cc702c803a973043a92ee8ca7e71b96) Importer(815301076,1909f56bfc062723c751e8b465ee728b) (PreviewImporter) -> (artifact id: '7657bcc4d901f7cc097ef9def040c29c') in 0.0144477 seconds
Number of updated asset objects reloaded before import = 0Number of asset objects unloaded after import = 119

========================================================================
Received Import Request.
  Time since last request: 12.496529 seconds.
  path: Assets/prefabs/Builders/Smelter_01.prefab
  artifactKey: Guid(0cc702c803a973043a92ee8ca7e71b96) Importer(815301076,1909f56bfc062723c751e8b465ee728b)
Start importing Assets/prefabs/Builders/Smelter_01.prefab using Guid(0cc702c803a973043a92ee8ca7e71b96) Importer(815301076,1909f56bfc062723c751e8b465ee728b) (PreviewImporter) -> (artifact id: '8329ee0c49cd4c1a68124b407603d438') in 0.0190802 seconds
Number of updated asset objects reloaded before import = 0Number of asset objects unloaded after import = 119

========================================================================
Received Import Request.
  Time since last request: 6.447304 seconds.
  path: Assets/prefabs/Builders/Smelter_01.prefab
  artifactKey: Guid(0cc702c803a973043a92ee8ca7e71b96) Importer(815301076,1909f56bfc062723c751e8b465ee728b)
Start importing Assets/prefabs/Builders/Smelter_01.prefab using Guid(0cc702c803a973043a92ee8ca7e71b96) Importer(815301076,1909f56bfc062723c751e8b465ee728b) (PreviewImporter) -> (artifact id: 'fdbdf8d23c6984ad639a2072ad44d3b5') in 0.0154342 seconds
Number of updated asset objects reloaded before import = 0Number of asset objects unloaded after import = 119

========================================================================
Received Prepare
Begin MonoManager ReloadAssembly
- Loaded All Assemblies, in  0.922 seconds
Refreshing native plugins compatible for Editor in 2.20 ms, found 3 plugins.
Native extension for iOS target not found
Native extension for Android target not found
Native extension for WindowsStandalone target not found
[Package Manager] Failed to launch server process. Reason: Unity was launched with the -noUpm command-line argument
[Package Manager] Unable to send message (not connected to server process).
[Package Manager] Cannot connect to Unity Package Manager local server
Mono: successfully reloaded assembly
- Finished resetting the current domain, in  0.900 seconds
Domain Reload Profiling: 1819ms
	BeginReloadAssembly (257ms)
		ExecutionOrderSort (0ms)
		DisableScriptedObjects (7ms)
		BackupInstance (0ms)
		ReleaseScriptingObjects (0ms)
		CreateAndSetChildDomain (63ms)
	RebuildCommonClasses (48ms)
	RebuildNativeTypeToScriptingClass (16ms)
	initialDomainReloadingComplete (47ms)
	LoadAllAssembliesAndSetupDomain (551ms)
		LoadAssemblies (487ms)
		RebuildTransferFunctionScriptingTraits (0ms)
		AnalyzeDomain (193ms)
			TypeCache.Refresh (7ms)
				TypeCache.ScanAssembly (0ms)
			BuildScriptInfoCaches (177ms)
			ResolveRequiredComponents (6ms)
	FinalizeReload (901ms)
		ReleaseScriptCaches (0ms)
		RebuildScriptCaches (0ms)
		SetupLoadedEditorAssemblies (751ms)
			LogAssemblyErrors (0ms)
			InitializePlatformSupportModulesInManaged (23ms)
			SetLoadedEditorAssemblies (8ms)
			BeforeProcessingInitializeOnLoad (222ms)
			ProcessInitializeOnLoadAttributes (458ms)
			ProcessInitializeOnLoadMethodAttributes (31ms)
			AfterProcessingInitializeOnLoad (10ms)
			EditorAssembliesLoaded (0ms)
		ExecutionOrderSort2 (0ms)
		AwakeInstancesAfterBackupRestoration (7ms)
Refreshing native plugins compatible for Editor in 1.49 ms, found 3 plugins.
Preloading 0 native plugins for Editor in 0.00 ms.
Unloading 0 Unused Serialized files (Serialized files now loaded: 0)
Unloading 3950 unused Assets / (0.9 MB). Loaded Objects now: 4476.
Memory consumption went from 101.0 MB to 100.1 MB.
Total: 7.653000 ms (FindLiveObjects: 0.560400 ms CreateObjectMapping: 0.828400 ms MarkObjects: 4.987900 ms  DeleteObjects: 1.274200 ms)

Prepare: number of updated asset objects reloaded= 0
========================================================================
Received Prepare
Begin MonoManager ReloadAssembly
- Loaded All Assemblies, in  0.902 seconds
Refreshing native plugins compatible for Editor in 1.63 ms, found 3 plugins.
Native extension for iOS target not found
Native extension for Android target not found
Native extension for WindowsStandalone target not found
[Package Manager] Failed to launch server process. Reason: Unity was launched with the -noUpm command-line argument
[Package Manager] Unable to send message (not connected to server process).
[Package Manager] Cannot connect to Unity Package Manager local server
Mono: successfully reloaded assembly
- Finished resetting the current domain, in  0.905 seconds
Domain Reload Profiling: 1804ms
	BeginReloadAssembly (245ms)
		ExecutionOrderSort (0ms)
		DisableScriptedObjects (7ms)
		BackupInstance (0ms)
		ReleaseScriptingObjects (0ms)
		CreateAndSetChildDomain (57ms)
	RebuildCommonClasses (46ms)
	RebuildNativeTypeToScriptingClass (14ms)
	initialDomainReloadingComplete (41ms)
	LoadAllAssembliesAndSetupDomain (552ms)
		LoadAssemblies (479ms)
		RebuildTransferFunctionScriptingTraits (0ms)
		AnalyzeDomain (198ms)
			TypeCache.Refresh (7ms)
				TypeCache.ScanAssembly (0ms)
			BuildScriptInfoCaches (180ms)
			ResolveRequiredComponents (5ms)
	FinalizeReload (906ms)
		ReleaseScriptCaches (0ms)
		RebuildScriptCaches (0ms)
		SetupLoadedEditorAssemblies (751ms)
			LogAssemblyErrors (0ms)
			InitializePlatformSupportModulesInManaged (21ms)
			SetLoadedEditorAssemblies (7ms)
			BeforeProcessingInitializeOnLoad (227ms)
			ProcessInitializeOnLoadAttributes (449ms)
			ProcessInitializeOnLoadMethodAttributes (35ms)
			AfterProcessingInitializeOnLoad (11ms)
			EditorAssembliesLoaded (0ms)
		ExecutionOrderSort2 (0ms)
		AwakeInstancesAfterBackupRestoration (8ms)
Refreshing native plugins compatible for Editor in 1.50 ms, found 3 plugins.
Preloading 0 native plugins for Editor in 0.00 ms.
Unloading 0 Unused Serialized files (Serialized files now loaded: 0)
Unloading 3950 unused Assets / (1.3 MB). Loaded Objects now: 4476.
Memory consumption went from 101.0 MB to 99.7 MB.
Total: 7.013500 ms (FindLiveObjects: 0.557700 ms CreateObjectMapping: 0.263400 ms MarkObjects: 4.496400 ms  DeleteObjects: 1.694300 ms)

Prepare: number of updated asset objects reloaded= 0
========================================================================
Received Prepare
Refreshing native plugins compatible for Editor in 2.15 ms, found 3 plugins.
Preloading 0 native plugins for Editor in 0.00 ms.
Unloading 0 Unused Serialized files (Serialized files now loaded: 0)
Unloading 3943 unused Assets / (0.9 MB). Loaded Objects now: 4476.
Memory consumption went from 101.2 MB to 100.2 MB.
Total: 9.790200 ms (FindLiveObjects: 0.658400 ms CreateObjectMapping: 0.740200 ms MarkObjects: 6.958200 ms  DeleteObjects: 1.431000 ms)

Prepare: number of updated asset objects reloaded= 0
========================================================================
Received Prepare
Begin MonoManager ReloadAssembly
- Loaded All Assemblies, in  0.925 seconds
Refreshing native plugins compatible for Editor in 1.57 ms, found 3 plugins.
Native extension for iOS target not found
Native extension for Android target not found
Native extension for WindowsStandalone target not found
[Package Manager] Failed to launch server process. Reason: Unity was launched with the -noUpm command-line argument
[Package Manager] Unable to send message (not connected to server process).
[Package Manager] Cannot connect to Unity Package Manager local server
Mono: successfully reloaded assembly
- Finished resetting the current domain, in  0.904 seconds
Domain Reload Profiling: 1824ms
	BeginReloadAssembly (244ms)
		ExecutionOrderSort (0ms)
		DisableScriptedObjects (7ms)
		BackupInstance (0ms)
		ReleaseScriptingObjects (0ms)
		CreateAndSetChildDomain (52ms)
	RebuildCommonClasses (52ms)
	RebuildNativeTypeToScriptingClass (15ms)
	initialDomainReloadingComplete (47ms)
	LoadAllAssembliesAndSetupDomain (561ms)
		LoadAssemblies (489ms)
		RebuildTransferFunctionScriptingTraits (0ms)
		AnalyzeDomain (201ms)
			TypeCache.Refresh (10ms)
				TypeCache.ScanAssembly (1ms)
			BuildScriptInfoCaches (181ms)
			ResolveRequiredComponents (6ms)
	FinalizeReload (904ms)
		ReleaseScriptCaches (0ms)
		RebuildScriptCaches (0ms)
		SetupLoadedEditorAssemblies (738ms)
			LogAssemblyErrors (0ms)
			InitializePlatformSupportModulesInManaged (26ms)
			SetLoadedEditorAssemblies (7ms)
			BeforeProcessingInitializeOnLoad (209ms)
			ProcessInitializeOnLoadAttributes (456ms)
			ProcessInitializeOnLoadMethodAttributes (32ms)
			AfterProcessingInitializeOnLoad (9ms)
			EditorAssembliesLoaded (0ms)
		ExecutionOrderSort2 (0ms)
		AwakeInstancesAfterBackupRestoration (7ms)
Refreshing native plugins compatible for Editor in 1.48 ms, found 3 plugins.
Preloading 0 native plugins for Editor in 0.00 ms.
Unloading 0 Unused Serialized files (Serialized files now loaded: 0)
Unloading 3950 unused Assets / (1.1 MB). Loaded Objects now: 4476.
Memory consumption went from 101.0 MB to 99.9 MB.
Total: 7.943200 ms (FindLiveObjects: 0.629300 ms CreateObjectMapping: 0.403600 ms MarkObjects: 4.860900 ms  DeleteObjects: 2.046400 ms)

Prepare: number of updated asset objects reloaded= 0
========================================================================
Received Prepare
Begin MonoManager ReloadAssembly
- Loaded All Assemblies, in  0.905 seconds
Refreshing native plugins compatible for Editor in 2.66 ms, found 3 plugins.
Native extension for iOS target not found
Native extension for Android target not found
Native extension for WindowsStandalone target not found
[Package Manager] Failed to launch server process. Reason: Unity was launched with the -noUpm command-line argument
[Package Manager] Unable to send message (not connected to server process).
[Package Manager] Cannot connect to Unity Package Manager local server
Mono: successfully reloaded assembly
- Finished resetting the current domain, in  0.878 seconds
Domain Reload Profiling: 1779ms
	BeginReloadAssembly (237ms)
		ExecutionOrderSort (0ms)
		DisableScriptedObjects (7ms)
		BackupInstance (0ms)
		ReleaseScriptingObjects (0ms)
		CreateAndSetChildDomain (51ms)
	RebuildCommonClasses (49ms)
	RebuildNativeTypeToScriptingClass (21ms)
	initialDomainReloadingComplete (41ms)
	LoadAllAssembliesAndSetupDomain (554ms)
		LoadAssemblies (474ms)
		RebuildTransferFunctionScriptingTraits (0ms)
		AnalyzeDomain (196ms)
			TypeCache.Refresh (7ms)
				TypeCache.ScanAssembly (0ms)
			BuildScriptInfoCaches (176ms)
			ResolveRequiredComponents (7ms)
	FinalizeReload (878ms)
		ReleaseScriptCaches (0ms)
		RebuildScriptCaches (0ms)
		SetupLoadedEditorAssemblies (729ms)
			LogAssemblyErrors (0ms)
			InitializePlatformSupportModulesInManaged (22ms)
			SetLoadedEditorAssemblies (8ms)
			BeforeProcessingInitializeOnLoad (209ms)
			ProcessInitializeOnLoadAttributes (449ms)
			ProcessInitializeOnLoadMethodAttributes (31ms)
			AfterProcessingInitializeOnLoad (10ms)
			EditorAssembliesLoaded (0ms)
		ExecutionOrderSort2 (0ms)
		AwakeInstancesAfterBackupRestoration (7ms)
Refreshing native plugins compatible for Editor in 2.24 ms, found 3 plugins.
Preloading 0 native plugins for Editor in 0.00 ms.
Unloading 0 Unused Serialized files (Serialized files now loaded: 0)
Unloading 3950 unused Assets / (1.3 MB). Loaded Objects now: 4476.
Memory consumption went from 101.0 MB to 99.7 MB.
Total: 8.386000 ms (FindLiveObjects: 0.679300 ms CreateObjectMapping: 0.641500 ms MarkObjects: 5.266400 ms  DeleteObjects: 1.796600 ms)

Prepare: number of updated asset objects reloaded= 0
========================================================================
Received Import Request.
  Time since last request: 497.261271 seconds.
  path: Assets/ScriptableObjects/Builders/Smelter.asset
  artifactKey: Guid(fb3560e85bd56c349aa3d7327bd69798) Importer(815301076,1909f56bfc062723c751e8b465ee728b)
Start importing Assets/ScriptableObjects/Builders/Smelter.asset using Guid(fb3560e85bd56c349aa3d7327bd69798) Importer(815301076,1909f56bfc062723c751e8b465ee728b) (PreviewImporter) -> (artifact id: '30b74b8856aa850d20b7e5df78f52053') in 0.0360727 seconds
Number of updated asset objects reloaded before import = 0Number of asset objects unloaded after import = 106

========================================================================
Received Import Request.
  Time since last request: 21.708717 seconds.
  path: Assets/prefabs/Builders/Smelter_01.prefab
  artifactKey: Guid(0cc702c803a973043a92ee8ca7e71b96) Importer(815301076,1909f56bfc062723c751e8b465ee728b)
Start importing Assets/prefabs/Builders/Smelter_01.prefab using Guid(0cc702c803a973043a92ee8ca7e71b96) Importer(815301076,1909f56bfc062723c751e8b465ee728b) (PreviewImporter) -> (artifact id: '1240072ddcd38cd3c7633236fdaa6167') in 0.0843255 seconds
Number of updated asset objects reloaded before import = 0Number of asset objects unloaded after import = 146

========================================================================
Received Import Request.
  Time since last request: 13.762040 seconds.
  path: Assets/prefabs/Builders/Smelter_01.prefab
  artifactKey: Guid(0cc702c803a973043a92ee8ca7e71b96) Importer(815301076,1909f56bfc062723c751e8b465ee728b)
Start importing Assets/prefabs/Builders/Smelter_01.prefab using Guid(0cc702c803a973043a92ee8ca7e71b96) Importer(815301076,1909f56bfc062723c751e8b465ee728b) (PreviewImporter) -> (artifact id: '28591060c1b86d70979477660b0f383a') in 0.0188607 seconds
Number of updated asset objects reloaded before import = 0Number of asset objects unloaded after import = 146

========================================================================
Received Import Request.
  Time since last request: 88.813530 seconds.
  path: Assets/prefabs/Builders/Smelter_01.prefab
  artifactKey: Guid(0cc702c803a973043a92ee8ca7e71b96) Importer(815301076,1909f56bfc062723c751e8b465ee728b)
Start importing Assets/prefabs/Builders/Smelter_01.prefab using Guid(0cc702c803a973043a92ee8ca7e71b96) Importer(815301076,1909f56bfc062723c751e8b465ee728b) (PreviewImporter) -> (artifact id: '4685c511430d99167c17f2a31d229f4e') in 0.0202746 seconds
Number of updated asset objects reloaded before import = 0Number of asset objects unloaded after import = 146

========================================================================
Received Import Request.
  Time since last request: 36.920678 seconds.
  path: Assets/prefabs/Builders/Smelter_01.prefab
  artifactKey: Guid(0cc702c803a973043a92ee8ca7e71b96) Importer(815301076,1909f56bfc062723c751e8b465ee728b)
Start importing Assets/prefabs/Builders/Smelter_01.prefab using Guid(0cc702c803a973043a92ee8ca7e71b96) Importer(815301076,1909f56bfc062723c751e8b465ee728b) (PreviewImporter) -> (artifact id: 'bb27449e4f5b464a4642010f973e614e') in 0.0168394 seconds
Number of updated asset objects reloaded before import = 0Number of asset objects unloaded after import = 146

========================================================================
Received Import Request.
  Time since last request: 3.514669 seconds.
  path: Assets/prefabs/Builders/Smelter_01.prefab
  artifactKey: Guid(0cc702c803a973043a92ee8ca7e71b96) Importer(815301076,1909f56bfc062723c751e8b465ee728b)
Start importing Assets/prefabs/Builders/Smelter_01.prefab using Guid(0cc702c803a973043a92ee8ca7e71b96) Importer(815301076,1909f56bfc062723c751e8b465ee728b) (PreviewImporter) -> (artifact id: '5a492759074e3efb973727b07bdccfdb') in 0.0174998 seconds
Number of updated asset objects reloaded before import = 0Number of asset objects unloaded after import = 146

========================================================================
Received Import Request.
  Time since last request: 2.212719 seconds.
  path: Assets/prefabs/Builders/Smelter_01.prefab
  artifactKey: Guid(0cc702c803a973043a92ee8ca7e71b96) Importer(815301076,1909f56bfc062723c751e8b465ee728b)
Start importing Assets/prefabs/Builders/Smelter_01.prefab using Guid(0cc702c803a973043a92ee8ca7e71b96) Importer(815301076,1909f56bfc062723c751e8b465ee728b) (PreviewImporter) -> (artifact id: '05998d8c48ea23290bf41bb88aa81a33') in 0.0163733 seconds
Number of updated asset objects reloaded before import = 0Number of asset objects unloaded after import = 146

========================================================================
Received Import Request.
  Time since last request: 3.418884 seconds.
  path: Assets/prefabs/Builders/Smelter_01.prefab
  artifactKey: Guid(0cc702c803a973043a92ee8ca7e71b96) Importer(815301076,1909f56bfc062723c751e8b465ee728b)
Start importing Assets/prefabs/Builders/Smelter_01.prefab using Guid(0cc702c803a973043a92ee8ca7e71b96) Importer(815301076,1909f56bfc062723c751e8b465ee728b) (PreviewImporter) -> (artifact id: '9242832396ef23073a802c7f64b7cec8') in 0.0153768 seconds
Number of updated asset objects reloaded before import = 0Number of asset objects unloaded after import = 146

========================================================================
Received Import Request.
  Time since last request: 22.561262 seconds.
  path: Assets/prefabs/Builders/Smelter_01.prefab
  artifactKey: Guid(0cc702c803a973043a92ee8ca7e71b96) Importer(815301076,1909f56bfc062723c751e8b465ee728b)
Start importing Assets/prefabs/Builders/Smelter_01.prefab using Guid(0cc702c803a973043a92ee8ca7e71b96) Importer(815301076,1909f56bfc062723c751e8b465ee728b) (PreviewImporter) -> (artifact id: 'e2d1be409a916287060405a7d91d2959') in 0.0164264 seconds
Number of updated asset objects reloaded before import = 0Number of asset objects unloaded after import = 146

========================================================================
Received Import Request.
  Time since last request: 14.755132 seconds.
  path: Assets/prefabs/Builders/Smelter_01.prefab
  artifactKey: Guid(0cc702c803a973043a92ee8ca7e71b96) Importer(815301076,1909f56bfc062723c751e8b465ee728b)
Start importing Assets/prefabs/Builders/Smelter_01.prefab using Guid(0cc702c803a973043a92ee8ca7e71b96) Importer(815301076,1909f56bfc062723c751e8b465ee728b) (PreviewImporter) -> (artifact id: 'd2a8243542e16cc975f787b361badca0') in 0.0171043 seconds
Number of updated asset objects reloaded before import = 0Number of asset objects unloaded after import = 146

========================================================================
Received Import Request.
  Time since last request: 10.110630 seconds.
  path: Assets/prefabs/Builders/Smelter_01.prefab
  artifactKey: Guid(0cc702c803a973043a92ee8ca7e71b96) Importer(815301076,1909f56bfc062723c751e8b465ee728b)
Start importing Assets/prefabs/Builders/Smelter_01.prefab using Guid(0cc702c803a973043a92ee8ca7e71b96) Importer(815301076,1909f56bfc062723c751e8b465ee728b) (PreviewImporter) -> (artifact id: 'b33f659b4929c5c3c586276fd4831666') in 0.0196442 seconds
Number of updated asset objects reloaded before import = 0Number of asset objects unloaded after import = 146

========================================================================
Received Import Request.
  Time since last request: 18.880915 seconds.
  path: Assets/prefabs/Builders/Smelter_01.prefab
  artifactKey: Guid(0cc702c803a973043a92ee8ca7e71b96) Importer(815301076,1909f56bfc062723c751e8b465ee728b)
Start importing Assets/prefabs/Builders/Smelter_01.prefab using Guid(0cc702c803a973043a92ee8ca7e71b96) Importer(815301076,1909f56bfc062723c751e8b465ee728b) (PreviewImporter) -> (artifact id: '4410d17c083301161350abfa43ea1220') in 0.0165604 seconds
Number of updated asset objects reloaded before import = 0Number of asset objects unloaded after import = 146

========================================================================
Received Import Request.
  Time since last request: 2.223836 seconds.
  path: Assets/prefabs/Builders/Smelter_01.prefab
  artifactKey: Guid(0cc702c803a973043a92ee8ca7e71b96) Importer(815301076,1909f56bfc062723c751e8b465ee728b)
Start importing Assets/prefabs/Builders/Smelter_01.prefab using Guid(0cc702c803a973043a92ee8ca7e71b96) Importer(815301076,1909f56bfc062723c751e8b465ee728b) (PreviewImporter) -> (artifact id: '5ac05317a3f406da7ecef063aa691a98') in 0.0255836 seconds
Number of updated asset objects reloaded before import = 0Number of asset objects unloaded after import = 146

========================================================================
Received Import Request.
  Time since last request: 2.228398 seconds.
  path: Assets/prefabs/Builders/Smelter_01.prefab
  artifactKey: Guid(0cc702c803a973043a92ee8ca7e71b96) Importer(815301076,1909f56bfc062723c751e8b465ee728b)
Start importing Assets/prefabs/Builders/Smelter_01.prefab using Guid(0cc702c803a973043a92ee8ca7e71b96) Importer(815301076,1909f56bfc062723c751e8b465ee728b) (PreviewImporter) -> (artifact id: 'b6a5eb635f9aefd7f40199229d28e93d') in 0.0164319 seconds
Number of updated asset objects reloaded before import = 0Number of asset objects unloaded after import = 146

========================================================================
Received Prepare
Begin MonoManager ReloadAssembly
- Loaded All Assemblies, in  0.933 seconds
Refreshing native plugins compatible for Editor in 1.65 ms, found 3 plugins.
Native extension for iOS target not found
Native extension for Android target not found
Native extension for WindowsStandalone target not found
[Package Manager] Failed to launch server process. Reason: Unity was launched with the -noUpm command-line argument
[Package Manager] Unable to send message (not connected to server process).
[Package Manager] Cannot connect to Unity Package Manager local server
Mono: successfully reloaded assembly
- Finished resetting the current domain, in  0.940 seconds
Domain Reload Profiling: 1869ms
	BeginReloadAssembly (247ms)
		ExecutionOrderSort (0ms)
		DisableScriptedObjects (7ms)
		BackupInstance (0ms)
		ReleaseScriptingObjects (0ms)
		CreateAndSetChildDomain (53ms)
	RebuildCommonClasses (49ms)
	RebuildNativeTypeToScriptingClass (15ms)
	initialDomainReloadingComplete (42ms)
	LoadAllAssembliesAndSetupDomain (576ms)
		LoadAssemblies (500ms)
		RebuildTransferFunctionScriptingTraits (0ms)
		AnalyzeDomain (204ms)
			TypeCache.Refresh (8ms)
				TypeCache.ScanAssembly (0ms)
			BuildScriptInfoCaches (182ms)
			ResolveRequiredComponents (8ms)
	FinalizeReload (940ms)
		ReleaseScriptCaches (0ms)
		RebuildScriptCaches (0ms)
		SetupLoadedEditorAssemblies (775ms)
			LogAssemblyErrors (0ms)
			InitializePlatformSupportModulesInManaged (24ms)
			SetLoadedEditorAssemblies (8ms)
			BeforeProcessingInitializeOnLoad (235ms)
			ProcessInitializeOnLoadAttributes (466ms)
			ProcessInitializeOnLoadMethodAttributes (33ms)
			AfterProcessingInitializeOnLoad (9ms)
			EditorAssembliesLoaded (0ms)
		ExecutionOrderSort2 (0ms)
		AwakeInstancesAfterBackupRestoration (8ms)
Refreshing native plugins compatible for Editor in 1.65 ms, found 3 plugins.
Preloading 0 native plugins for Editor in 0.00 ms.
Unloading 0 Unused Serialized files (Serialized files now loaded: 0)
Unloading 3952 unused Assets / (1.0 MB). Loaded Objects now: 4476.
Memory consumption went from 101.0 MB to 100.1 MB.
Total: 7.785200 ms (FindLiveObjects: 0.727300 ms CreateObjectMapping: 0.611700 ms MarkObjects: 4.853300 ms  DeleteObjects: 1.590500 ms)

Prepare: number of updated asset objects reloaded= 0
========================================================================
Received Import Request.
  Time since last request: 52.295613 seconds.
  path: Assets/models/Builders/Smelter_model_ghost.prefab
  artifactKey: Guid(4aa3baae48d05a74a942d49dfa7f3c4a) Importer(815301076,1909f56bfc062723c751e8b465ee728b)
Start importing Assets/models/Builders/Smelter_model_ghost.prefab using Guid(4aa3baae48d05a74a942d49dfa7f3c4a) Importer(815301076,1909f56bfc062723c751e8b465ee728b) (PreviewImporter) -> (artifact id: '466a32f52f748ced136fcd537f74a17a') in 0.1057012 seconds
Number of updated asset objects reloaded before import = 0Number of asset objects unloaded after import = 35

========================================================================
Received Import Request.
  Time since last request: 1.738699 seconds.
  path: Assets/models/Builders/Smelter_model_ghost.prefab
  artifactKey: Guid(4aa3baae48d05a74a942d49dfa7f3c4a) Importer(815301076,1909f56bfc062723c751e8b465ee728b)
Start importing Assets/models/Builders/Smelter_model_ghost.prefab using Guid(4aa3baae48d05a74a942d49dfa7f3c4a) Importer(815301076,1909f56bfc062723c751e8b465ee728b) (PreviewImporter) -> (artifact id: '0635add930322dde10787216d697396e') in 0.0113529 seconds
Number of updated asset objects reloaded before import = 0Number of asset objects unloaded after import = 35

========================================================================
Received Import Request.
  Time since last request: 112.794078 seconds.
  path: Assets/prefabs/Builders/Smelter_01.prefab
  artifactKey: Guid(0cc702c803a973043a92ee8ca7e71b96) Importer(815301076,1909f56bfc062723c751e8b465ee728b)
Start importing Assets/prefabs/Builders/Smelter_01.prefab using Guid(0cc702c803a973043a92ee8ca7e71b96) Importer(815301076,1909f56bfc062723c751e8b465ee728b) (PreviewImporter) -> (artifact id: '6f9fb48d25dcc464b5c41691c579052a') in 0.021286 seconds
Number of updated asset objects reloaded before import = 0Number of asset objects unloaded after import = 146

========================================================================
Received Prepare
Begin MonoManager ReloadAssembly
- Loaded All Assemblies, in  0.910 seconds
Refreshing native plugins compatible for Editor in 1.51 ms, found 3 plugins.
Native extension for iOS target not found
Native extension for Android target not found
Native extension for WindowsStandalone target not found
[Package Manager] Failed to launch server process. Reason: Unity was launched with the -noUpm command-line argument
[Package Manager] Unable to send message (not connected to server process).
[Package Manager] Cannot connect to Unity Package Manager local server
Mono: successfully reloaded assembly
- Finished resetting the current domain, in  0.947 seconds
Domain Reload Profiling: 1853ms
	BeginReloadAssembly (252ms)
		ExecutionOrderSort (0ms)
		DisableScriptedObjects (8ms)
		BackupInstance (0ms)
		ReleaseScriptingObjects (0ms)
		CreateAndSetChildDomain (55ms)
	RebuildCommonClasses (45ms)
	RebuildNativeTypeToScriptingClass (15ms)
	initialDomainReloadingComplete (40ms)
	LoadAllAssembliesAndSetupDomain (554ms)
		LoadAssemblies (482ms)
		RebuildTransferFunctionScriptingTraits (0ms)
		AnalyzeDomain (198ms)
			TypeCache.Refresh (7ms)
				TypeCache.ScanAssembly (0ms)
			BuildScriptInfoCaches (180ms)
			ResolveRequiredComponents (6ms)
	FinalizeReload (948ms)
		ReleaseScriptCaches (0ms)
		RebuildScriptCaches (0ms)
		SetupLoadedEditorAssemblies (783ms)
			LogAssemblyErrors (0ms)
			InitializePlatformSupportModulesInManaged (23ms)
			SetLoadedEditorAssemblies (10ms)
			BeforeProcessingInitializeOnLoad (218ms)
			ProcessInitializeOnLoadAttributes (487ms)
			ProcessInitializeOnLoadMethodAttributes (36ms)
			AfterProcessingInitializeOnLoad (8ms)
			EditorAssembliesLoaded (0ms)
		ExecutionOrderSort2 (0ms)
		AwakeInstancesAfterBackupRestoration (7ms)
Refreshing native plugins compatible for Editor in 1.75 ms, found 3 plugins.
Preloading 0 native plugins for Editor in 0.00 ms.
Unloading 0 Unused Serialized files (Serialized files now loaded: 0)
Unloading 3952 unused Assets / (0.8 MB). Loaded Objects now: 4476.
Memory consumption went from 101.2 MB to 100.3 MB.
Total: 7.197700 ms (FindLiveObjects: 0.670200 ms CreateObjectMapping: 0.557100 ms MarkObjects: 4.759800 ms  DeleteObjects: 1.209000 ms)

Prepare: number of updated asset objects reloaded= 0
========================================================================
Received Import Request.
  Time since last request: 73.934721 seconds.
  path: Assets/models/Builders/Smelter_model.prefab
  artifactKey: Guid(08a1fcf64f93e4340b1f5585d7e96d90) Importer(815301076,1909f56bfc062723c751e8b465ee728b)
Start importing Assets/models/Builders/Smelter_model.prefab using Guid(08a1fcf64f93e4340b1f5585d7e96d90) Importer(815301076,1909f56bfc062723c751e8b465ee728b) (PreviewImporter) -> (artifact id: 'ad0fde5454c20660cb835a3b2c91b3fb') in 0.1295587 seconds
Number of updated asset objects reloaded before import = 0Number of asset objects unloaded after import = 34

========================================================================
Received Import Request.
  Time since last request: 2.916396 seconds.
  path: Assets/models/Builders/Smelter_model.prefab
  artifactKey: Guid(08a1fcf64f93e4340b1f5585d7e96d90) Importer(815301076,1909f56bfc062723c751e8b465ee728b)
Start importing Assets/models/Builders/Smelter_model.prefab using Guid(08a1fcf64f93e4340b1f5585d7e96d90) Importer(815301076,1909f56bfc062723c751e8b465ee728b) (PreviewImporter) -> (artifact id: 'c11bf92bda40b55ab5f67993a6e15ea2') in 0.0207645 seconds
Number of updated asset objects reloaded before import = 0Number of asset objects unloaded after import = 34

========================================================================
Received Import Request.
  Time since last request: 11.983889 seconds.
  path: Assets/models/Builders/Smelter_model_ghost.prefab
  artifactKey: Guid(4aa3baae48d05a74a942d49dfa7f3c4a) Importer(815301076,1909f56bfc062723c751e8b465ee728b)
Start importing Assets/models/Builders/Smelter_model_ghost.prefab using Guid(4aa3baae48d05a74a942d49dfa7f3c4a) Importer(815301076,1909f56bfc062723c751e8b465ee728b) (PreviewImporter) -> (artifact id: '663b06e6e64d98bb8d8ae33ae40241c8') in 0.0229659 seconds
Number of updated asset objects reloaded before import = 0Number of asset objects unloaded after import = 86

========================================================================
Received Import Request.
  Time since last request: 10.188000 seconds.
  path: Assets/models/Builders/Smelter_model_ghost.prefab
  artifactKey: Guid(4aa3baae48d05a74a942d49dfa7f3c4a) Importer(815301076,1909f56bfc062723c751e8b465ee728b)
Start importing Assets/models/Builders/Smelter_model_ghost.prefab using Guid(4aa3baae48d05a74a942d49dfa7f3c4a) Importer(815301076,1909f56bfc062723c751e8b465ee728b) (PreviewImporter) -> (artifact id: '85ddf65b2a26167990dca1c8c4a1ef1c') in 0.02334 seconds
Number of updated asset objects reloaded before import = 0Number of asset objects unloaded after import = 35

========================================================================
Received Import Request.
  Time since last request: 2.630178 seconds.
  path: Assets/models/Builders/Smelter_model_ghost.prefab
  artifactKey: Guid(4aa3baae48d05a74a942d49dfa7f3c4a) Importer(815301076,1909f56bfc062723c751e8b465ee728b)
Start importing Assets/models/Builders/Smelter_model_ghost.prefab using Guid(4aa3baae48d05a74a942d49dfa7f3c4a) Importer(815301076,1909f56bfc062723c751e8b465ee728b) (PreviewImporter) -> (artifact id: '9ba2530b680372e2f537ae7b9b0847f6') in 0.0199751 seconds
Number of updated asset objects reloaded before import = 0Number of asset objects unloaded after import = 35

========================================================================
Received Prepare
Begin MonoManager ReloadAssembly
- Loaded All Assemblies, in  0.941 seconds
Refreshing native plugins compatible for Editor in 1.69 ms, found 3 plugins.
Native extension for iOS target not found
Native extension for Android target not found
Native extension for WindowsStandalone target not found
[Package Manager] Failed to launch server process. Reason: Unity was launched with the -noUpm command-line argument
[Package Manager] Unable to send message (not connected to server process).
[Package Manager] Cannot connect to Unity Package Manager local server
Mono: successfully reloaded assembly
- Finished resetting the current domain, in  0.938 seconds
Domain Reload Profiling: 1875ms
	BeginReloadAssembly (266ms)
		ExecutionOrderSort (0ms)
		DisableScriptedObjects (7ms)
		BackupInstance (0ms)
		ReleaseScriptingObjects (0ms)
		CreateAndSetChildDomain (68ms)
	RebuildCommonClasses (53ms)
	RebuildNativeTypeToScriptingClass (14ms)
	initialDomainReloadingComplete (42ms)
	LoadAllAssembliesAndSetupDomain (562ms)
		LoadAssemblies (490ms)
		RebuildTransferFunctionScriptingTraits (0ms)
		AnalyzeDomain (202ms)
			TypeCache.Refresh (8ms)
				TypeCache.ScanAssembly (0ms)
			BuildScriptInfoCaches (184ms)
			ResolveRequiredComponents (5ms)
	FinalizeReload (939ms)
		ReleaseScriptCaches (0ms)
		RebuildScriptCaches (0ms)
		SetupLoadedEditorAssemblies (790ms)
			LogAssemblyErrors (0ms)
			InitializePlatformSupportModulesInManaged (25ms)
			SetLoadedEditorAssemblies (10ms)
			BeforeProcessingInitializeOnLoad (236ms)
			ProcessInitializeOnLoadAttributes (470ms)
			ProcessInitializeOnLoadMethodAttributes (39ms)
			AfterProcessingInitializeOnLoad (10ms)
			EditorAssembliesLoaded (0ms)
		ExecutionOrderSort2 (0ms)
		AwakeInstancesAfterBackupRestoration (8ms)
Refreshing native plugins compatible for Editor in 1.47 ms, found 3 plugins.
Preloading 0 native plugins for Editor in 0.00 ms.
Unloading 0 Unused Serialized files (Serialized files now loaded: 0)
Unloading 3950 unused Assets / (1.0 MB). Loaded Objects now: 4476.
Memory consumption went from 101.2 MB to 100.1 MB.
Total: 7.580600 ms (FindLiveObjects: 0.691300 ms CreateObjectMapping: 0.766700 ms MarkObjects: 4.766100 ms  DeleteObjects: 1.354200 ms)

Prepare: number of updated asset objects reloaded= 0
========================================================================
Received Prepare
Refreshing native plugins compatible for Editor in 2.80 ms, found 3 plugins.
Preloading 0 native plugins for Editor in 0.00 ms.
Unloading 0 Unused Serialized files (Serialized files now loaded: 0)
Unloading 3943 unused Assets / (1.0 MB). Loaded Objects now: 4476.
Memory consumption went from 101.3 MB to 100.3 MB.
Total: 11.301400 ms (FindLiveObjects: 0.889400 ms CreateObjectMapping: 0.981100 ms MarkObjects: 7.283100 ms  DeleteObjects: 2.144800 ms)

Prepare: number of updated asset objects reloaded= 0
========================================================================
Received Prepare
Begin MonoManager ReloadAssembly
- Loaded All Assemblies, in  0.928 seconds
Refreshing native plugins compatible for Editor in 1.63 ms, found 3 plugins.
Native extension for iOS target not found
Native extension for Android target not found
Native extension for WindowsStandalone target not found
[Package Manager] Failed to launch server process. Reason: Unity was launched with the -noUpm command-line argument
[Package Manager] Unable to send message (not connected to server process).
[Package Manager] Cannot connect to Unity Package Manager local server
Mono: successfully reloaded assembly
- Finished resetting the current domain, in  0.958 seconds
Domain Reload Profiling: 1885ms
	BeginReloadAssembly (240ms)
		ExecutionOrderSort (0ms)
		DisableScriptedObjects (7ms)
		BackupInstance (0ms)
		ReleaseScriptingObjects (0ms)
		CreateAndSetChildDomain (51ms)
	RebuildCommonClasses (47ms)
	RebuildNativeTypeToScriptingClass (15ms)
	initialDomainReloadingComplete (44ms)
	LoadAllAssembliesAndSetupDomain (581ms)
		LoadAssemblies (484ms)
		RebuildTransferFunctionScriptingTraits (0ms)
		AnalyzeDomain (219ms)
			TypeCache.Refresh (10ms)
				TypeCache.ScanAssembly (1ms)
			BuildScriptInfoCaches (197ms)
			ResolveRequiredComponents (6ms)
	FinalizeReload (958ms)
		ReleaseScriptCaches (0ms)
		RebuildScriptCaches (0ms)
		SetupLoadedEditorAssemblies (797ms)
			LogAssemblyErrors (0ms)
			InitializePlatformSupportModulesInManaged (24ms)
			SetLoadedEditorAssemblies (10ms)
			BeforeProcessingInitializeOnLoad (239ms)
			ProcessInitializeOnLoadAttributes (478ms)
			ProcessInitializeOnLoadMethodAttributes (37ms)
			AfterProcessingInitializeOnLoad (9ms)
			EditorAssembliesLoaded (0ms)
		ExecutionOrderSort2 (0ms)
		AwakeInstancesAfterBackupRestoration (8ms)
Refreshing native plugins compatible for Editor in 1.68 ms, found 3 plugins.
Preloading 0 native plugins for Editor in 0.00 ms.
Unloading 0 Unused Serialized files (Serialized files now loaded: 0)
Unloading 3950 unused Assets / (1.0 MB). Loaded Objects now: 4476.
Memory consumption went from 101.2 MB to 100.2 MB.
Total: 7.094500 ms (FindLiveObjects: 0.547200 ms CreateObjectMapping: 0.447500 ms MarkObjects: 4.787000 ms  DeleteObjects: 1.310500 ms)

Prepare: number of updated asset objects reloaded= 0
========================================================================
Received Prepare
Begin MonoManager ReloadAssembly
- Loaded All Assemblies, in  0.928 seconds
Refreshing native plugins compatible for Editor in 1.77 ms, found 3 plugins.
Native extension for iOS target not found
Native extension for Android target not found
Native extension for WindowsStandalone target not found
[Package Manager] Failed to launch server process. Reason: Unity was launched with the -noUpm command-line argument
[Package Manager] Unable to send message (not connected to server process).
[Package Manager] Cannot connect to Unity Package Manager local server
Mono: successfully reloaded assembly
- Finished resetting the current domain, in  0.924 seconds
Domain Reload Profiling: 1848ms
	BeginReloadAssembly (235ms)
		ExecutionOrderSort (0ms)
		DisableScriptedObjects (7ms)
		BackupInstance (0ms)
		ReleaseScriptingObjects (0ms)
		CreateAndSetChildDomain (49ms)
	RebuildCommonClasses (48ms)
	RebuildNativeTypeToScriptingClass (14ms)
	initialDomainReloadingComplete (41ms)
	LoadAllAssembliesAndSetupDomain (586ms)
		LoadAssemblies (498ms)
		RebuildTransferFunctionScriptingTraits (0ms)
		AnalyzeDomain (206ms)
			TypeCache.Refresh (7ms)
				TypeCache.ScanAssembly (0ms)
			BuildScriptInfoCaches (188ms)
			ResolveRequiredComponents (6ms)
	FinalizeReload (925ms)
		ReleaseScriptCaches (0ms)
		RebuildScriptCaches (0ms)
		SetupLoadedEditorAssemblies (762ms)
			LogAssemblyErrors (0ms)
			InitializePlatformSupportModulesInManaged (23ms)
			SetLoadedEditorAssemblies (9ms)
			BeforeProcessingInitializeOnLoad (220ms)
			ProcessInitializeOnLoadAttributes (469ms)
			ProcessInitializeOnLoadMethodAttributes (30ms)
			AfterProcessingInitializeOnLoad (10ms)
			EditorAssembliesLoaded (0ms)
		ExecutionOrderSort2 (0ms)
		AwakeInstancesAfterBackupRestoration (8ms)
Refreshing native plugins compatible for Editor in 1.86 ms, found 3 plugins.
Preloading 0 native plugins for Editor in 0.00 ms.
Unloading 0 Unused Serialized files (Serialized files now loaded: 0)
Unloading 3950 unused Assets / (1.0 MB). Loaded Objects now: 4476.
Memory consumption went from 101.2 MB to 100.2 MB.
Total: 7.632000 ms (FindLiveObjects: 0.745100 ms CreateObjectMapping: 0.657000 ms MarkObjects: 4.951200 ms  DeleteObjects: 1.276400 ms)

Prepare: number of updated asset objects reloaded= 0
========================================================================
Received Prepare
Refreshing native plugins compatible for Editor in 1.81 ms, found 3 plugins.
Preloading 0 native plugins for Editor in 0.00 ms.
Unloading 0 Unused Serialized files (Serialized files now loaded: 0)
Unloading 3943 unused Assets / (1.0 MB). Loaded Objects now: 4476.
Memory consumption went from 101.3 MB to 100.3 MB.
Total: 8.167300 ms (FindLiveObjects: 0.557200 ms CreateObjectMapping: 0.581500 ms MarkObjects: 5.724200 ms  DeleteObjects: 1.302700 ms)

Prepare: number of updated asset objects reloaded= 0
========================================================================
Received Prepare
Begin MonoManager ReloadAssembly
- Loaded All Assemblies, in  0.946 seconds
Refreshing native plugins compatible for Editor in 1.52 ms, found 3 plugins.
Native extension for iOS target not found
Native extension for Android target not found
Native extension for WindowsStandalone target not found
[Package Manager] Failed to launch server process. Reason: Unity was launched with the -noUpm command-line argument
[Package Manager] Unable to send message (not connected to server process).
[Package Manager] Cannot connect to Unity Package Manager local server
Mono: successfully reloaded assembly
- Finished resetting the current domain, in  1.008 seconds
Domain Reload Profiling: 1951ms
	BeginReloadAssembly (248ms)
		ExecutionOrderSort (0ms)
		DisableScriptedObjects (7ms)
		BackupInstance (0ms)
		ReleaseScriptingObjects (0ms)
		CreateAndSetChildDomain (55ms)
	RebuildCommonClasses (47ms)
	RebuildNativeTypeToScriptingClass (20ms)
	initialDomainReloadingComplete (41ms)
	LoadAllAssembliesAndSetupDomain (586ms)
		LoadAssemblies (499ms)
		RebuildTransferFunctionScriptingTraits (0ms)
		AnalyzeDomain (215ms)
			TypeCache.Refresh (12ms)
				TypeCache.ScanAssembly (1ms)
			BuildScriptInfoCaches (190ms)
			ResolveRequiredComponents (6ms)
	FinalizeReload (1008ms)
		ReleaseScriptCaches (0ms)
		RebuildScriptCaches (0ms)
		SetupLoadedEditorAssemblies (848ms)
			LogAssemblyErrors (0ms)
			InitializePlatformSupportModulesInManaged (25ms)
			SetLoadedEditorAssemblies (10ms)
			BeforeProcessingInitializeOnLoad (244ms)
			ProcessInitializeOnLoadAttributes (525ms)
			ProcessInitializeOnLoadMethodAttributes (32ms)
			AfterProcessingInitializeOnLoad (12ms)
			EditorAssembliesLoaded (1ms)
		ExecutionOrderSort2 (0ms)
		AwakeInstancesAfterBackupRestoration (7ms)
Refreshing native plugins compatible for Editor in 2.09 ms, found 3 plugins.
Preloading 0 native plugins for Editor in 0.00 ms.
Unloading 0 Unused Serialized files (Serialized files now loaded: 0)
Unloading 3950 unused Assets / (1.0 MB). Loaded Objects now: 4476.
Memory consumption went from 101.2 MB to 100.2 MB.
Total: 7.732000 ms (FindLiveObjects: 0.762000 ms CreateObjectMapping: 0.929700 ms MarkObjects: 4.663000 ms  DeleteObjects: 1.374600 ms)

Prepare: number of updated asset objects reloaded= 0
========================================================================
Received Prepare
Begin MonoManager ReloadAssembly
- Loaded All Assemblies, in  0.908 seconds
Refreshing native plugins compatible for Editor in 1.50 ms, found 3 plugins.
Native extension for iOS target not found
Native extension for Android target not found
Native extension for WindowsStandalone target not found
[Package Manager] Failed to launch server process. Reason: Unity was launched with the -noUpm command-line argument
[Package Manager] Unable to send message (not connected to server process).
[Package Manager] Cannot connect to Unity Package Manager local server
Mono: successfully reloaded assembly
- Finished resetting the current domain, in  0.903 seconds
Domain Reload Profiling: 1808ms
	BeginReloadAssembly (243ms)
		ExecutionOrderSort (0ms)
		DisableScriptedObjects (7ms)
		BackupInstance (0ms)
		ReleaseScriptingObjects (0ms)
		CreateAndSetChildDomain (59ms)
	RebuildCommonClasses (49ms)
	RebuildNativeTypeToScriptingClass (15ms)
	initialDomainReloadingComplete (41ms)
	LoadAllAssembliesAndSetupDomain (557ms)
		LoadAssemblies (475ms)
		RebuildTransferFunctionScriptingTraits (0ms)
		AnalyzeDomain (200ms)
			TypeCache.Refresh (7ms)
				TypeCache.ScanAssembly (0ms)
			BuildScriptInfoCaches (180ms)
			ResolveRequiredComponents (8ms)
	FinalizeReload (904ms)
		ReleaseScriptCaches (0ms)
		RebuildScriptCaches (0ms)
		SetupLoadedEditorAssemblies (755ms)
			LogAssemblyErrors (0ms)
			InitializePlatformSupportModulesInManaged (21ms)
			SetLoadedEditorAssemblies (9ms)
			BeforeProcessingInitializeOnLoad (224ms)
			ProcessInitializeOnLoadAttributes (455ms)
			ProcessInitializeOnLoadMethodAttributes (35ms)
			AfterProcessingInitializeOnLoad (10ms)
			EditorAssembliesLoaded (0ms)
		ExecutionOrderSort2 (0ms)
		AwakeInstancesAfterBackupRestoration (7ms)
Refreshing native plugins compatible for Editor in 1.60 ms, found 3 plugins.
Preloading 0 native plugins for Editor in 0.00 ms.
Unloading 0 Unused Serialized files (Serialized files now loaded: 0)
Unloading 3950 unused Assets / (1.1 MB). Loaded Objects now: 4476.
Memory consumption went from 101.2 MB to 100.0 MB.
Total: 7.768900 ms (FindLiveObjects: 0.631000 ms CreateObjectMapping: 0.710600 ms MarkObjects: 4.755400 ms  DeleteObjects: 1.669800 ms)

Prepare: number of updated asset objects reloaded= 0
========================================================================
Received Prepare
Refreshing native plugins compatible for Editor in 1.83 ms, found 3 plugins.
Preloading 0 native plugins for Editor in 0.00 ms.
Unloading 0 Unused Serialized files (Serialized files now loaded: 0)
Unloading 3943 unused Assets / (1.0 MB). Loaded Objects now: 4476.
Memory consumption went from 101.4 MB to 100.4 MB.
Total: 7.479800 ms (FindLiveObjects: 0.583700 ms CreateObjectMapping: 0.398600 ms MarkObjects: 5.231700 ms  DeleteObjects: 1.264200 ms)

Prepare: number of updated asset objects reloaded= 0
========================================================================
Received Prepare
Begin MonoManager ReloadAssembly
- Loaded All Assemblies, in  0.909 seconds
Refreshing native plugins compatible for Editor in 1.49 ms, found 3 plugins.
Native extension for iOS target not found
Native extension for Android target not found
Native extension for WindowsStandalone target not found
[Package Manager] Failed to launch server process. Reason: Unity was launched with the -noUpm command-line argument
[Package Manager] Unable to send message (not connected to server process).
[Package Manager] Cannot connect to Unity Package Manager local server
Mono: successfully reloaded assembly
- Finished resetting the current domain, in  0.881 seconds
Domain Reload Profiling: 1788ms
	BeginReloadAssembly (238ms)
		ExecutionOrderSort (0ms)
		DisableScriptedObjects (7ms)
		BackupInstance (0ms)
		ReleaseScriptingObjects (0ms)
		CreateAndSetChildDomain (53ms)
	RebuildCommonClasses (52ms)
	RebuildNativeTypeToScriptingClass (15ms)
	initialDomainReloadingComplete (45ms)
	LoadAllAssembliesAndSetupDomain (557ms)
		LoadAssemblies (479ms)
		RebuildTransferFunctionScriptingTraits (0ms)
		AnalyzeDomain (198ms)
			TypeCache.Refresh (9ms)
				TypeCache.ScanAssembly (1ms)
			BuildScriptInfoCaches (177ms)
			ResolveRequiredComponents (6ms)
	FinalizeReload (881ms)
		ReleaseScriptCaches (0ms)
		RebuildScriptCaches (0ms)
		SetupLoadedEditorAssemblies (733ms)
			LogAssemblyErrors (0ms)
			InitializePlatformSupportModulesInManaged (21ms)
			SetLoadedEditorAssemblies (9ms)
			BeforeProcessingInitializeOnLoad (205ms)
			ProcessInitializeOnLoadAttributes (455ms)
			ProcessInitializeOnLoadMethodAttributes (33ms)
			AfterProcessingInitializeOnLoad (9ms)
			EditorAssembliesLoaded (0ms)
		ExecutionOrderSort2 (0ms)
		AwakeInstancesAfterBackupRestoration (7ms)
Refreshing native plugins compatible for Editor in 1.52 ms, found 3 plugins.
Preloading 0 native plugins for Editor in 0.00 ms.
Unloading 0 Unused Serialized files (Serialized files now loaded: 0)
Unloading 3950 unused Assets / (0.9 MB). Loaded Objects now: 4476.
Memory consumption went from 101.2 MB to 100.3 MB.
Total: 7.191000 ms (FindLiveObjects: 0.539700 ms CreateObjectMapping: 0.372200 ms MarkObjects: 4.720200 ms  DeleteObjects: 1.557300 ms)

Prepare: number of updated asset objects reloaded= 0
========================================================================
Received Prepare
Begin MonoManager ReloadAssembly
- Loaded All Assemblies, in  0.881 seconds
Refreshing native plugins compatible for Editor in 1.45 ms, found 3 plugins.
Native extension for iOS target not found
Native extension for Android target not found
Native extension for WindowsStandalone target not found
[Package Manager] Failed to launch server process. Reason: Unity was launched with the -noUpm command-line argument
[Package Manager] Unable to send message (not connected to server process).
[Package Manager] Cannot connect to Unity Package Manager local server
Mono: successfully reloaded assembly
- Finished resetting the current domain, in  0.897 seconds
Domain Reload Profiling: 1774ms
	BeginReloadAssembly (232ms)
		ExecutionOrderSort (0ms)
		DisableScriptedObjects (7ms)
		BackupInstance (0ms)
		ReleaseScriptingObjects (0ms)
		CreateAndSetChildDomain (49ms)
	RebuildCommonClasses (45ms)
	RebuildNativeTypeToScriptingClass (15ms)
	initialDomainReloadingComplete (41ms)
	LoadAllAssembliesAndSetupDomain (544ms)
		LoadAssemblies (464ms)
		RebuildTransferFunctionScriptingTraits (0ms)
		AnalyzeDomain (198ms)
			TypeCache.Refresh (7ms)
				TypeCache.ScanAssembly (0ms)
			BuildScriptInfoCaches (181ms)
			ResolveRequiredComponents (5ms)
	FinalizeReload (897ms)
		ReleaseScriptCaches (0ms)
		RebuildScriptCaches (0ms)
		SetupLoadedEditorAssemblies (754ms)
			LogAssemblyErrors (0ms)
			InitializePlatformSupportModulesInManaged (25ms)
			SetLoadedEditorAssemblies (9ms)
			BeforeProcessingInitializeOnLoad (220ms)
			ProcessInitializeOnLoadAttributes (457ms)
			ProcessInitializeOnLoadMethodAttributes (35ms)
			AfterProcessingInitializeOnLoad (8ms)
			EditorAssembliesLoaded (0ms)
		ExecutionOrderSort2 (0ms)
		AwakeInstancesAfterBackupRestoration (7ms)
Refreshing native plugins compatible for Editor in 1.81 ms, found 3 plugins.
Preloading 0 native plugins for Editor in 0.00 ms.
Unloading 0 Unused Serialized files (Serialized files now loaded: 0)
Unloading 3950 unused Assets / (1.1 MB). Loaded Objects now: 4476.
Memory consumption went from 101.2 MB to 100.1 MB.
Total: 8.091400 ms (FindLiveObjects: 0.705000 ms CreateObjectMapping: 0.425500 ms MarkObjects: 5.524200 ms  DeleteObjects: 1.433900 ms)

Prepare: number of updated asset objects reloaded= 0
========================================================================
Received Prepare
Refreshing native plugins compatible for Editor in 1.79 ms, found 3 plugins.
Preloading 0 native plugins for Editor in 0.00 ms.
Unloading 0 Unused Serialized files (Serialized files now loaded: 0)
Unloading 3943 unused Assets / (0.8 MB). Loaded Objects now: 4476.
Memory consumption went from 101.4 MB to 100.6 MB.
Total: 7.439400 ms (FindLiveObjects: 0.586100 ms CreateObjectMapping: 0.607300 ms MarkObjects: 5.099400 ms  DeleteObjects: 1.145000 ms)

Prepare: number of updated asset objects reloaded= 0
========================================================================
Received Prepare
Begin MonoManager ReloadAssembly
- Loaded All Assemblies, in  0.914 seconds
Refreshing native plugins compatible for Editor in 1.42 ms, found 3 plugins.
Native extension for iOS target not found
Native extension for Android target not found
Native extension for WindowsStandalone target not found
[Package Manager] Failed to launch server process. Reason: Unity was launched with the -noUpm command-line argument
[Package Manager] Unable to send message (not connected to server process).
[Package Manager] Cannot connect to Unity Package Manager local server
Mono: successfully reloaded assembly
- Finished resetting the current domain, in  0.923 seconds
Domain Reload Profiling: 1833ms
	BeginReloadAssembly (236ms)
		ExecutionOrderSort (0ms)
		DisableScriptedObjects (7ms)
		BackupInstance (0ms)
		ReleaseScriptingObjects (0ms)
		CreateAndSetChildDomain (53ms)
	RebuildCommonClasses (50ms)
	RebuildNativeTypeToScriptingClass (14ms)
	initialDomainReloadingComplete (50ms)
	LoadAllAssembliesAndSetupDomain (560ms)
		LoadAssemblies (479ms)
		RebuildTransferFunctionScriptingTraits (0ms)
		AnalyzeDomain (198ms)
			TypeCache.Refresh (11ms)
				TypeCache.ScanAssembly (1ms)
			BuildScriptInfoCaches (175ms)
			ResolveRequiredComponents (6ms)
	FinalizeReload (924ms)
		ReleaseScriptCaches (0ms)
		RebuildScriptCaches (0ms)
		SetupLoadedEditorAssemblies (767ms)
			LogAssemblyErrors (0ms)
			InitializePlatformSupportModulesInManaged (21ms)
			SetLoadedEditorAssemblies (9ms)
			BeforeProcessingInitializeOnLoad (210ms)
			ProcessInitializeOnLoadAttributes (484ms)
			ProcessInitializeOnLoadMethodAttributes (34ms)
			AfterProcessingInitializeOnLoad (9ms)
			EditorAssembliesLoaded (0ms)
		ExecutionOrderSort2 (0ms)
		AwakeInstancesAfterBackupRestoration (8ms)
Refreshing native plugins compatible for Editor in 1.53 ms, found 3 plugins.
Preloading 0 native plugins for Editor in 0.00 ms.
Unloading 0 Unused Serialized files (Serialized files now loaded: 0)
Unloading 3950 unused Assets / (0.9 MB). Loaded Objects now: 4476.
Memory consumption went from 101.2 MB to 100.3 MB.
Total: 7.047600 ms (FindLiveObjects: 0.567300 ms CreateObjectMapping: 0.582200 ms MarkObjects: 4.647800 ms  DeleteObjects: 1.248400 ms)

Prepare: number of updated asset objects reloaded= 0
========================================================================
Received Prepare
Begin MonoManager ReloadAssembly
- Loaded All Assemblies, in  1.106 seconds
Refreshing native plugins compatible for Editor in 2.31 ms, found 3 plugins.
Native extension for iOS target not found
Native extension for Android target not found
Native extension for WindowsStandalone target not found
[Package Manager] Failed to launch server process. Reason: Unity was launched with the -noUpm command-line argument
[Package Manager] Unable to send message (not connected to server process).
[Package Manager] Cannot connect to Unity Package Manager local server
Mono: successfully reloaded assembly
- Finished resetting the current domain, in  1.124 seconds
Domain Reload Profiling: 2223ms
	BeginReloadAssembly (298ms)
		ExecutionOrderSort (0ms)
		DisableScriptedObjects (10ms)
		BackupInstance (0ms)
		ReleaseScriptingObjects (0ms)
		CreateAndSetChildDomain (49ms)
	RebuildCommonClasses (58ms)
	RebuildNativeTypeToScriptingClass (21ms)
	initialDomainReloadingComplete (58ms)
	LoadAllAssembliesAndSetupDomain (663ms)
		LoadAssemblies (618ms)
		RebuildTransferFunctionScriptingTraits (0ms)
		AnalyzeDomain (228ms)
			TypeCache.Refresh (7ms)
				TypeCache.ScanAssembly (0ms)
			BuildScriptInfoCaches (205ms)
			ResolveRequiredComponents (9ms)
	FinalizeReload (1125ms)
		ReleaseScriptCaches (0ms)
		RebuildScriptCaches (0ms)
		SetupLoadedEditorAssemblies (933ms)
			LogAssemblyErrors (0ms)
			InitializePlatformSupportModulesInManaged (46ms)
			SetLoadedEditorAssemblies (11ms)
			BeforeProcessingInitializeOnLoad (259ms)
			ProcessInitializeOnLoadAttributes (570ms)
			ProcessInitializeOnLoadMethodAttributes (36ms)
			AfterProcessingInitializeOnLoad (10ms)
			EditorAssembliesLoaded (0ms)
		ExecutionOrderSort2 (0ms)
		AwakeInstancesAfterBackupRestoration (10ms)
Refreshing native plugins compatible for Editor in 1.75 ms, found 3 plugins.
Preloading 0 native plugins for Editor in 0.00 ms.
Unloading 0 Unused Serialized files (Serialized files now loaded: 0)
Unloading 3950 unused Assets / (1.2 MB). Loaded Objects now: 4476.
Memory consumption went from 101.2 MB to 100.0 MB.
Total: 9.986300 ms (FindLiveObjects: 0.719900 ms CreateObjectMapping: 0.743400 ms MarkObjects: 6.471400 ms  DeleteObjects: 2.049400 ms)

Prepare: number of updated asset objects reloaded= 0
========================================================================
Received Prepare
Refreshing native plugins compatible for Editor in 2.45 ms, found 3 plugins.
Preloading 0 native plugins for Editor in 0.00 ms.
Unloading 0 Unused Serialized files (Serialized files now loaded: 0)
Unloading 3943 unused Assets / (1.0 MB). Loaded Objects now: 4476.
Memory consumption went from 101.4 MB to 100.4 MB.
Total: 8.126400 ms (FindLiveObjects: 0.630800 ms CreateObjectMapping: 0.680000 ms MarkObjects: 5.459600 ms  DeleteObjects: 1.354500 ms)

Prepare: number of updated asset objects reloaded= 0
========================================================================
Received Prepare
Begin MonoManager ReloadAssembly
- Loaded All Assemblies, in  0.922 seconds
Refreshing native plugins compatible for Editor in 2.00 ms, found 3 plugins.
Native extension for iOS target not found
Native extension for Android target not found
Native extension for WindowsStandalone target not found
[Package Manager] Failed to launch server process. Reason: Unity was launched with the -noUpm command-line argument
[Package Manager] Unable to send message (not connected to server process).
[Package Manager] Cannot connect to Unity Package Manager local server
Mono: successfully reloaded assembly
- Finished resetting the current domain, in  0.953 seconds
Domain Reload Profiling: 1871ms
	BeginReloadAssembly (238ms)
		ExecutionOrderSort (0ms)
		DisableScriptedObjects (7ms)
		BackupInstance (0ms)
		ReleaseScriptingObjects (0ms)
		CreateAndSetChildDomain (51ms)
	RebuildCommonClasses (49ms)
	RebuildNativeTypeToScriptingClass (15ms)
	initialDomainReloadingComplete (40ms)
	LoadAllAssembliesAndSetupDomain (575ms)
		LoadAssemblies (490ms)
		RebuildTransferFunctionScriptingTraits (0ms)
		AnalyzeDomain (209ms)
			TypeCache.Refresh (11ms)
				TypeCache.ScanAssembly (1ms)
			BuildScriptInfoCaches (187ms)
			ResolveRequiredComponents (6ms)
	FinalizeReload (953ms)
		ReleaseScriptCaches (0ms)
		RebuildScriptCaches (0ms)
		SetupLoadedEditorAssemblies (785ms)
			LogAssemblyErrors (0ms)
			InitializePlatformSupportModulesInManaged (22ms)
			SetLoadedEditorAssemblies (9ms)
			BeforeProcessingInitializeOnLoad (209ms)
			ProcessInitializeOnLoadAttributes (495ms)
			ProcessInitializeOnLoadMethodAttributes (38ms)
			AfterProcessingInitializeOnLoad (11ms)
			EditorAssembliesLoaded (0ms)
		ExecutionOrderSort2 (0ms)
		AwakeInstancesAfterBackupRestoration (9ms)
Refreshing native plugins compatible for Editor in 2.60 ms, found 3 plugins.
Preloading 0 native plugins for Editor in 0.00 ms.
Unloading 0 Unused Serialized files (Serialized files now loaded: 0)
Unloading 3950 unused Assets / (1.1 MB). Loaded Objects now: 4476.
Memory consumption went from 101.2 MB to 100.1 MB.
Total: 8.537700 ms (FindLiveObjects: 0.738800 ms CreateObjectMapping: 0.729800 ms MarkObjects: 5.501700 ms  DeleteObjects: 1.565000 ms)

Prepare: number of updated asset objects reloaded= 0
========================================================================
Received Prepare
Begin MonoManager ReloadAssembly
- Loaded All Assemblies, in  0.889 seconds
Refreshing native plugins compatible for Editor in 1.81 ms, found 3 plugins.
Native extension for iOS target not found
Native extension for Android target not found
Native extension for WindowsStandalone target not found
[Package Manager] Failed to launch server process. Reason: Unity was launched with the -noUpm command-line argument
[Package Manager] Unable to send message (not connected to server process).
[Package Manager] Cannot connect to Unity Package Manager local server
Mono: successfully reloaded assembly
- Finished resetting the current domain, in  0.909 seconds
Domain Reload Profiling: 1795ms
	BeginReloadAssembly (235ms)
		ExecutionOrderSort (0ms)
		DisableScriptedObjects (7ms)
		BackupInstance (0ms)
		ReleaseScriptingObjects (0ms)
		CreateAndSetChildDomain (52ms)
	RebuildCommonClasses (45ms)
	RebuildNativeTypeToScriptingClass (14ms)
	initialDomainReloadingComplete (41ms)
	LoadAllAssembliesAndSetupDomain (550ms)
		LoadAssemblies (480ms)
		RebuildTransferFunctionScriptingTraits (0ms)
		AnalyzeDomain (188ms)
			TypeCache.Refresh (7ms)
				TypeCache.ScanAssembly (0ms)
			BuildScriptInfoCaches (171ms)
			ResolveRequiredComponents (6ms)
	FinalizeReload (910ms)
		ReleaseScriptCaches (0ms)
		RebuildScriptCaches (0ms)
		SetupLoadedEditorAssemblies (753ms)
			LogAssemblyErrors (0ms)
			InitializePlatformSupportModulesInManaged (22ms)
			SetLoadedEditorAssemblies (10ms)
			BeforeProcessingInitializeOnLoad (213ms)
			ProcessInitializeOnLoadAttributes (465ms)
			ProcessInitializeOnLoadMethodAttributes (34ms)
			AfterProcessingInitializeOnLoad (9ms)
			EditorAssembliesLoaded (0ms)
		ExecutionOrderSort2 (0ms)
		AwakeInstancesAfterBackupRestoration (7ms)
Refreshing native plugins compatible for Editor in 1.94 ms, found 3 plugins.
Preloading 0 native plugins for Editor in 0.00 ms.
Unloading 0 Unused Serialized files (Serialized files now loaded: 0)
Unloading 3950 unused Assets / (1.3 MB). Loaded Objects now: 4476.
Memory consumption went from 101.2 MB to 99.9 MB.
Total: 7.659500 ms (FindLiveObjects: 0.693800 ms CreateObjectMapping: 0.574700 ms MarkObjects: 4.749600 ms  DeleteObjects: 1.638500 ms)

Prepare: number of updated asset objects reloaded= 0
========================================================================
Received Prepare
Refreshing native plugins compatible for Editor in 1.87 ms, found 3 plugins.
Preloading 0 native plugins for Editor in 0.00 ms.
Unloading 0 Unused Serialized files (Serialized files now loaded: 0)
Unloading 3943 unused Assets / (1.0 MB). Loaded Objects now: 4476.
Memory consumption went from 101.4 MB to 100.3 MB.
Total: 7.890700 ms (FindLiveObjects: 0.753200 ms CreateObjectMapping: 0.457600 ms MarkObjects: 5.228900 ms  DeleteObjects: 1.448500 ms)

Prepare: number of updated asset objects reloaded= 0
========================================================================
Received Prepare
Begin MonoManager ReloadAssembly
- Loaded All Assemblies, in  0.928 seconds
Refreshing native plugins compatible for Editor in 2.49 ms, found 3 plugins.
Native extension for iOS target not found
Native extension for Android target not found
Native extension for WindowsStandalone target not found
[Package Manager] Failed to launch server process. Reason: Unity was launched with the -noUpm command-line argument
[Package Manager] Unable to send message (not connected to server process).
[Package Manager] Cannot connect to Unity Package Manager local server
Mono: successfully reloaded assembly
- Finished resetting the current domain, in  0.866 seconds
Domain Reload Profiling: 1792ms
	BeginReloadAssembly (235ms)
		ExecutionOrderSort (0ms)
		DisableScriptedObjects (6ms)
		BackupInstance (0ms)
		ReleaseScriptingObjects (0ms)
		CreateAndSetChildDomain (57ms)
	RebuildCommonClasses (52ms)
	RebuildNativeTypeToScriptingClass (15ms)
	initialDomainReloadingComplete (41ms)
	LoadAllAssembliesAndSetupDomain (582ms)
		LoadAssemblies (475ms)
		RebuildTransferFunctionScriptingTraits (0ms)
		AnalyzeDomain (219ms)
			TypeCache.Refresh (11ms)
				TypeCache.ScanAssembly (1ms)
			BuildScriptInfoCaches (195ms)
			ResolveRequiredComponents (7ms)
	FinalizeReload (867ms)
		ReleaseScriptCaches (0ms)
		RebuildScriptCaches (0ms)
		SetupLoadedEditorAssemblies (722ms)
			LogAssemblyErrors (0ms)
			InitializePlatformSupportModulesInManaged (22ms)
			SetLoadedEditorAssemblies (9ms)
			BeforeProcessingInitializeOnLoad (217ms)
			ProcessInitializeOnLoadAttributes (436ms)
			ProcessInitializeOnLoadMethodAttributes (29ms)
			AfterProcessingInitializeOnLoad (9ms)
			EditorAssembliesLoaded (0ms)
		ExecutionOrderSort2 (0ms)
		AwakeInstancesAfterBackupRestoration (7ms)
Refreshing native plugins compatible for Editor in 1.78 ms, found 3 plugins.
Preloading 0 native plugins for Editor in 0.00 ms.
Unloading 0 Unused Serialized files (Serialized files now loaded: 0)
Unloading 3950 unused Assets / (1.0 MB). Loaded Objects now: 4476.
Memory consumption went from 101.2 MB to 100.2 MB.
Total: 7.303400 ms (FindLiveObjects: 0.583500 ms CreateObjectMapping: 0.583200 ms MarkObjects: 4.526500 ms  DeleteObjects: 1.607400 ms)

Prepare: number of updated asset objects reloaded= 0
========================================================================
Received Prepare
Begin MonoManager ReloadAssembly
- Loaded All Assemblies, in  0.912 seconds
Refreshing native plugins compatible for Editor in 1.54 ms, found 3 plugins.
Native extension for iOS target not found
Native extension for Android target not found
Native extension for WindowsStandalone target not found
[Package Manager] Failed to launch server process. Reason: Unity was launched with the -noUpm command-line argument
[Package Manager] Unable to send message (not connected to server process).
[Package Manager] Cannot connect to Unity Package Manager local server
Mono: successfully reloaded assembly
- Finished resetting the current domain, in  0.912 seconds
Domain Reload Profiling: 1822ms
	BeginReloadAssembly (247ms)
		ExecutionOrderSort (0ms)
		DisableScriptedObjects (7ms)
		BackupInstance (0ms)
		ReleaseScriptingObjects (0ms)
		CreateAndSetChildDomain (56ms)
	RebuildCommonClasses (53ms)
	RebuildNativeTypeToScriptingClass (17ms)
	initialDomainReloadingComplete (44ms)
	LoadAllAssembliesAndSetupDomain (548ms)
		LoadAssemblies (482ms)
		RebuildTransferFunctionScriptingTraits (0ms)
		AnalyzeDomain (190ms)
			TypeCache.Refresh (7ms)
				TypeCache.ScanAssembly (0ms)
			BuildScriptInfoCaches (173ms)
			ResolveRequiredComponents (5ms)
	FinalizeReload (913ms)
		ReleaseScriptCaches (0ms)
		RebuildScriptCaches (0ms)
		SetupLoadedEditorAssemblies (752ms)
			LogAssemblyErrors (0ms)
			InitializePlatformSupportModulesInManaged (25ms)
			SetLoadedEditorAssemblies (8ms)
			BeforeProcessingInitializeOnLoad (213ms)
			ProcessInitializeOnLoadAttributes (466ms)
			ProcessInitializeOnLoadMethodAttributes (30ms)
			AfterProcessingInitializeOnLoad (8ms)
			EditorAssembliesLoaded (0ms)
		ExecutionOrderSort2 (0ms)
		AwakeInstancesAfterBackupRestoration (7ms)
Refreshing native plugins compatible for Editor in 1.68 ms, found 3 plugins.
Preloading 0 native plugins for Editor in 0.00 ms.
Unloading 0 Unused Serialized files (Serialized files now loaded: 0)
Unloading 3950 unused Assets / (0.8 MB). Loaded Objects now: 4476.
Memory consumption went from 101.2 MB to 100.4 MB.
Total: 7.224400 ms (FindLiveObjects: 0.657400 ms CreateObjectMapping: 0.761100 ms MarkObjects: 4.628100 ms  DeleteObjects: 1.176000 ms)

Prepare: number of updated asset objects reloaded= 0
========================================================================
Received Prepare
Begin MonoManager ReloadAssembly
- Loaded All Assemblies, in  0.892 seconds
Refreshing native plugins compatible for Editor in 2.19 ms, found 3 plugins.
Native extension for iOS target not found
Native extension for Android target not found
Native extension for WindowsStandalone target not found
[Package Manager] Failed to launch server process. Reason: Unity was launched with the -noUpm command-line argument
[Package Manager] Unable to send message (not connected to server process).
[Package Manager] Cannot connect to Unity Package Manager local server
Mono: successfully reloaded assembly
- Finished resetting the current domain, in  0.923 seconds
Domain Reload Profiling: 1810ms
	BeginReloadAssembly (233ms)
		ExecutionOrderSort (0ms)
		DisableScriptedObjects (8ms)
		BackupInstance (0ms)
		ReleaseScriptingObjects (0ms)
		CreateAndSetChildDomain (55ms)
	RebuildCommonClasses (44ms)
	RebuildNativeTypeToScriptingClass (14ms)
	initialDomainReloadingComplete (44ms)
	LoadAllAssembliesAndSetupDomain (550ms)
		LoadAssemblies (465ms)
		RebuildTransferFunctionScriptingTraits (0ms)
		AnalyzeDomain (199ms)
			TypeCache.Refresh (8ms)
				TypeCache.ScanAssembly (0ms)
			BuildScriptInfoCaches (181ms)
			ResolveRequiredComponents (5ms)
	FinalizeReload (924ms)
		ReleaseScriptCaches (0ms)
		RebuildScriptCaches (0ms)
		SetupLoadedEditorAssemblies (754ms)
			LogAssemblyErrors (0ms)
			InitializePlatformSupportModulesInManaged (25ms)
			SetLoadedEditorAssemblies (9ms)
			BeforeProcessingInitializeOnLoad (222ms)
			ProcessInitializeOnLoadAttributes (457ms)
			ProcessInitializeOnLoadMethodAttributes (31ms)
			AfterProcessingInitializeOnLoad (9ms)
			EditorAssembliesLoaded (0ms)
		ExecutionOrderSort2 (0ms)
		AwakeInstancesAfterBackupRestoration (8ms)
Refreshing native plugins compatible for Editor in 1.71 ms, found 3 plugins.
Preloading 0 native plugins for Editor in 0.00 ms.
Unloading 0 Unused Serialized files (Serialized files now loaded: 0)
Unloading 3950 unused Assets / (1.4 MB). Loaded Objects now: 4476.
Memory consumption went from 101.2 MB to 99.8 MB.
Total: 8.809100 ms (FindLiveObjects: 0.571800 ms CreateObjectMapping: 0.749200 ms MarkObjects: 5.116400 ms  DeleteObjects: 2.369700 ms)

Prepare: number of updated asset objects reloaded= 0
========================================================================
Received Import Request.
  Time since last request: 501.605057 seconds.
  path: Assets/models/Builders/Smelter_model_ghost.prefab
  artifactKey: Guid(4aa3baae48d05a74a942d49dfa7f3c4a) Importer(815301076,1909f56bfc062723c751e8b465ee728b)
Start importing Assets/models/Builders/Smelter_model_ghost.prefab using Guid(4aa3baae48d05a74a942d49dfa7f3c4a) Importer(815301076,1909f56bfc062723c751e8b465ee728b) (PreviewImporter) -> (artifact id: 'ec77da05bd0712ae1cfe4a5ec72d6707') in 0.1459574 seconds
Number of updated asset objects reloaded before import = 0Number of asset objects unloaded after import = 35

========================================================================
Received Import Request.
  Time since last request: 116.457417 seconds.
  path: Assets/prefabs/Builders/Smelter_01.prefab
  artifactKey: Guid(0cc702c803a973043a92ee8ca7e71b96) Importer(815301076,1909f56bfc062723c751e8b465ee728b)
Start importing Assets/prefabs/Builders/Smelter_01.prefab using Guid(0cc702c803a973043a92ee8ca7e71b96) Importer(815301076,1909f56bfc062723c751e8b465ee728b) (PreviewImporter) -> (artifact id: 'f21921a6afc1af799bd8d76e6e043bc1') in 0.0321878 seconds
Number of updated asset objects reloaded before import = 0Number of asset objects unloaded after import = 146

========================================================================
Received Import Request.
  Time since last request: 345.385840 seconds.
  path: Assets/prefabs/Builders/Conveyor_01.prefab
  artifactKey: Guid(acd66be220377a34299666b51d5a9028) Importer(815301076,1909f56bfc062723c751e8b465ee728b)
Start importing Assets/prefabs/Builders/Conveyor_01.prefab using Guid(acd66be220377a34299666b51d5a9028) Importer(815301076,1909f56bfc062723c751e8b465ee728b) (PreviewImporter) -> (artifact id: '5a2d5160cef9bb83787f2e35b85cef7b') in 0.0160124 seconds
Number of updated asset objects reloaded before import = 0Number of asset objects unloaded after import = 37

========================================================================
Received Prepare
Begin MonoManager ReloadAssembly
- Loaded All Assemblies, in  0.876 seconds
Refreshing native plugins compatible for Editor in 1.56 ms, found 3 plugins.
Native extension for iOS target not found
Native extension for Android target not found
Native extension for WindowsStandalone target not found
[Package Manager] Failed to launch server process. Reason: Unity was launched with the -noUpm command-line argument
[Package Manager] Unable to send message (not connected to server process).
[Package Manager] Cannot connect to Unity Package Manager local server
Mono: successfully reloaded assembly
- Finished resetting the current domain, in  0.879 seconds
Domain Reload Profiling: 1753ms
	BeginReloadAssembly (244ms)
		ExecutionOrderSort (0ms)
		DisableScriptedObjects (6ms)
		BackupInstance (0ms)
		ReleaseScriptingObjects (0ms)
		CreateAndSetChildDomain (59ms)
	RebuildCommonClasses (45ms)
	RebuildNativeTypeToScriptingClass (15ms)
	initialDomainReloadingComplete (43ms)
	LoadAllAssembliesAndSetupDomain (527ms)
		LoadAssemblies (461ms)
		RebuildTransferFunctionScriptingTraits (0ms)
		AnalyzeDomain (188ms)
			TypeCache.Refresh (7ms)
				TypeCache.ScanAssembly (0ms)
			BuildScriptInfoCaches (171ms)
			ResolveRequiredComponents (6ms)
	FinalizeReload (880ms)
		ReleaseScriptCaches (0ms)
		RebuildScriptCaches (0ms)
		SetupLoadedEditorAssemblies (727ms)
			LogAssemblyErrors (0ms)
			InitializePlatformSupportModulesInManaged (23ms)
			SetLoadedEditorAssemblies (9ms)
			BeforeProcessingInitializeOnLoad (209ms)
			ProcessInitializeOnLoadAttributes (445ms)
			ProcessInitializeOnLoadMethodAttributes (32ms)
			AfterProcessingInitializeOnLoad (9ms)
			EditorAssembliesLoaded (0ms)
		ExecutionOrderSort2 (0ms)
		AwakeInstancesAfterBackupRestoration (7ms)
Refreshing native plugins compatible for Editor in 1.84 ms, found 3 plugins.
Preloading 0 native plugins for Editor in 0.00 ms.
Unloading 0 Unused Serialized files (Serialized files now loaded: 0)
Unloading 3952 unused Assets / (1.1 MB). Loaded Objects now: 4476.
Memory consumption went from 101.2 MB to 100.1 MB.
Total: 7.998200 ms (FindLiveObjects: 0.657100 ms CreateObjectMapping: 0.740900 ms MarkObjects: 5.201000 ms  DeleteObjects: 1.397300 ms)

Prepare: number of updated asset objects reloaded= 0
========================================================================
Received Import Request.
  Time since last request: 52.967012 seconds.
  path: Assets/prefabs/Builders/Smelter_01.prefab
  artifactKey: Guid(0cc702c803a973043a92ee8ca7e71b96) Importer(815301076,1909f56bfc062723c751e8b465ee728b)
Start importing Assets/prefabs/Builders/Smelter_01.prefab using Guid(0cc702c803a973043a92ee8ca7e71b96) Importer(815301076,1909f56bfc062723c751e8b465ee728b) (PreviewImporter) -> (artifact id: 'f8660dd591c4a75f9a02f3a53efb35e2') in 0.1175257 seconds
Number of updated asset objects reloaded before import = 0Number of asset objects unloaded after import = 146

========================================================================
Received Import Request.
  Time since last request: 120.434161 seconds.
  path: Assets/prefabs/Builders/Smelter_01.prefab
  artifactKey: Guid(0cc702c803a973043a92ee8ca7e71b96) Importer(815301076,1909f56bfc062723c751e8b465ee728b)
Start importing Assets/prefabs/Builders/Smelter_01.prefab using Guid(0cc702c803a973043a92ee8ca7e71b96) Importer(815301076,1909f56bfc062723c751e8b465ee728b) (PreviewImporter) -> (artifact id: '61b0037dfaf7b7e45d6b55608d4ab851') in 0.0191289 seconds
Number of updated asset objects reloaded before import = 0Number of asset objects unloaded after import = 146

========================================================================
Received Import Request.
  Time since last request: 8.852655 seconds.
  path: Assets/prefabs/Builders/Smelter_01.prefab
  artifactKey: Guid(0cc702c803a973043a92ee8ca7e71b96) Importer(815301076,1909f56bfc062723c751e8b465ee728b)
Start importing Assets/prefabs/Builders/Smelter_01.prefab using Guid(0cc702c803a973043a92ee8ca7e71b96) Importer(815301076,1909f56bfc062723c751e8b465ee728b) (PreviewImporter) -> (artifact id: '9a33d9efe0465536e59cf66413d3c499') in 0.0248143 seconds
Number of updated asset objects reloaded before import = 0Number of asset objects unloaded after import = 146

========================================================================
Received Prepare
Begin MonoManager ReloadAssembly
- Loaded All Assemblies, in  0.891 seconds
Refreshing native plugins compatible for Editor in 1.53 ms, found 3 plugins.
Native extension for iOS target not found
Native extension for Android target not found
Native extension for WindowsStandalone target not found
[Package Manager] Failed to launch server process. Reason: Unity was launched with the -noUpm command-line argument
[Package Manager] Unable to send message (not connected to server process).
[Package Manager] Cannot connect to Unity Package Manager local server
Mono: successfully reloaded assembly
- Finished resetting the current domain, in  0.893 seconds
Domain Reload Profiling: 1780ms
	BeginReloadAssembly (238ms)
		ExecutionOrderSort (0ms)
		DisableScriptedObjects (6ms)
		BackupInstance (0ms)
		ReleaseScriptingObjects (0ms)
		CreateAndSetChildDomain (55ms)
	RebuildCommonClasses (48ms)
	RebuildNativeTypeToScriptingClass (14ms)
	initialDomainReloadingComplete (39ms)
	LoadAllAssembliesAndSetupDomain (548ms)
		LoadAssemblies (474ms)
		RebuildTransferFunctionScriptingTraits (0ms)
		AnalyzeDomain (195ms)
			TypeCache.Refresh (7ms)
				TypeCache.ScanAssembly (0ms)
			BuildScriptInfoCaches (177ms)
			ResolveRequiredComponents (6ms)
	FinalizeReload (894ms)
		ReleaseScriptCaches (0ms)
		RebuildScriptCaches (0ms)
		SetupLoadedEditorAssemblies (742ms)
			LogAssemblyErrors (0ms)
			InitializePlatformSupportModulesInManaged (22ms)
			SetLoadedEditorAssemblies (8ms)
			BeforeProcessingInitializeOnLoad (212ms)
			ProcessInitializeOnLoadAttributes (456ms)
			ProcessInitializeOnLoadMethodAttributes (34ms)
			AfterProcessingInitializeOnLoad (9ms)
			EditorAssembliesLoaded (1ms)
		ExecutionOrderSort2 (0ms)
		AwakeInstancesAfterBackupRestoration (7ms)
Refreshing native plugins compatible for Editor in 2.08 ms, found 3 plugins.
Preloading 0 native plugins for Editor in 0.00 ms.
Unloading 0 Unused Serialized files (Serialized files now loaded: 0)
Unloading 3952 unused Assets / (0.7 MB). Loaded Objects now: 4476.
Memory consumption went from 101.2 MB to 100.5 MB.
Total: 7.411700 ms (FindLiveObjects: 0.737600 ms CreateObjectMapping: 0.566900 ms MarkObjects: 4.699000 ms  DeleteObjects: 1.406100 ms)

Prepare: number of updated asset objects reloaded= 0
========================================================================
Received Import Request.
  Time since last request: 90.549407 seconds.
  path: Assets/models/Builders/Smelter_model_ghost.prefab
  artifactKey: Guid(4aa3baae48d05a74a942d49dfa7f3c4a) Importer(815301076,1909f56bfc062723c751e8b465ee728b)
Start importing Assets/models/Builders/Smelter_model_ghost.prefab using Guid(4aa3baae48d05a74a942d49dfa7f3c4a) Importer(815301076,1909f56bfc062723c751e8b465ee728b) (PreviewImporter) -> (artifact id: 'b434c157c45a3f03214c166190a2457a') in 0.1164693 seconds
Number of updated asset objects reloaded before import = 0Number of asset objects unloaded after import = 35

========================================================================
Received Prepare
Begin MonoManager ReloadAssembly
- Loaded All Assemblies, in  0.886 seconds
Refreshing native plugins compatible for Editor in 2.08 ms, found 3 plugins.
Native extension for iOS target not found
Native extension for Android target not found
Native extension for WindowsStandalone target not found
[Package Manager] Failed to launch server process. Reason: Unity was launched with the -noUpm command-line argument
[Package Manager] Unable to send message (not connected to server process).
[Package Manager] Cannot connect to Unity Package Manager local server
Mono: successfully reloaded assembly
- Finished resetting the current domain, in  0.919 seconds
Domain Reload Profiling: 1801ms
	BeginReloadAssembly (241ms)
		ExecutionOrderSort (0ms)
		DisableScriptedObjects (7ms)
		BackupInstance (0ms)
		ReleaseScriptingObjects (0ms)
		CreateAndSetChildDomain (55ms)
	RebuildCommonClasses (44ms)
	RebuildNativeTypeToScriptingClass (14ms)
	initialDomainReloadingComplete (42ms)
	LoadAllAssembliesAndSetupDomain (540ms)
		LoadAssemblies (466ms)
		RebuildTransferFunctionScriptingTraits (0ms)
		AnalyzeDomain (198ms)
			TypeCache.Refresh (7ms)
				TypeCache.ScanAssembly (0ms)
			BuildScriptInfoCaches (180ms)
			ResolveRequiredComponents (6ms)
	FinalizeReload (919ms)
		ReleaseScriptCaches (0ms)
		RebuildScriptCaches (0ms)
		SetupLoadedEditorAssemblies (766ms)
			LogAssemblyErrors (0ms)
			InitializePlatformSupportModulesInManaged (21ms)
			SetLoadedEditorAssemblies (8ms)
			BeforeProcessingInitializeOnLoad (227ms)
			ProcessInitializeOnLoadAttributes (467ms)
			ProcessInitializeOnLoadMethodAttributes (34ms)
			AfterProcessingInitializeOnLoad (8ms)
			EditorAssembliesLoaded (0ms)
		ExecutionOrderSort2 (0ms)
		AwakeInstancesAfterBackupRestoration (8ms)
Refreshing native plugins compatible for Editor in 1.68 ms, found 3 plugins.
Preloading 0 native plugins for Editor in 0.00 ms.
Unloading 0 Unused Serialized files (Serialized files now loaded: 0)
Unloading 3950 unused Assets / (1.1 MB). Loaded Objects now: 4476.
Memory consumption went from 101.2 MB to 100.1 MB.
Total: 7.531800 ms (FindLiveObjects: 0.550400 ms CreateObjectMapping: 0.332600 ms MarkObjects: 5.410900 ms  DeleteObjects: 1.236000 ms)

Prepare: number of updated asset objects reloaded= 0
========================================================================
Received Prepare
Refreshing native plugins compatible for Editor in 2.46 ms, found 3 plugins.
Preloading 0 native plugins for Editor in 0.00 ms.
Unloading 0 Unused Serialized files (Serialized files now loaded: 0)
Unloading 3943 unused Assets / (1.1 MB). Loaded Objects now: 4476.
Memory consumption went from 101.4 MB to 100.3 MB.
Total: 10.553200 ms (FindLiveObjects: 0.613600 ms CreateObjectMapping: 0.599500 ms MarkObjects: 7.873200 ms  DeleteObjects: 1.464300 ms)

Prepare: number of updated asset objects reloaded= 0
========================================================================
Received Prepare
Begin MonoManager ReloadAssembly
- Loaded All Assemblies, in  1.100 seconds
Refreshing native plugins compatible for Editor in 2.37 ms, found 3 plugins.
Native extension for iOS target not found
Native extension for Android target not found
Native extension for WindowsStandalone target not found
[Package Manager] Failed to launch server process. Reason: Unity was launched with the -noUpm command-line argument
[Package Manager] Unable to send message (not connected to server process).
[Package Manager] Cannot connect to Unity Package Manager local server
Mono: successfully reloaded assembly
- Finished resetting the current domain, in  1.193 seconds
Domain Reload Profiling: 2289ms
	BeginReloadAssembly (293ms)
		ExecutionOrderSort (0ms)
		DisableScriptedObjects (12ms)
		BackupInstance (0ms)
		ReleaseScriptingObjects (0ms)
		CreateAndSetChildDomain (59ms)
	RebuildCommonClasses (53ms)
	RebuildNativeTypeToScriptingClass (18ms)
	initialDomainReloadingComplete (43ms)
	LoadAllAssembliesAndSetupDomain (690ms)
		LoadAssemblies (578ms)
		RebuildTransferFunctionScriptingTraits (0ms)
		AnalyzeDomain (266ms)
			TypeCache.Refresh (14ms)
				TypeCache.ScanAssembly (1ms)
			BuildScriptInfoCaches (237ms)
			ResolveRequiredComponents (8ms)
	FinalizeReload (1194ms)
		ReleaseScriptCaches (0ms)
		RebuildScriptCaches (0ms)
		SetupLoadedEditorAssemblies (1006ms)
			LogAssemblyErrors (0ms)
			InitializePlatformSupportModulesInManaged (22ms)
			SetLoadedEditorAssemblies (9ms)
			BeforeProcessingInitializeOnLoad (272ms)
			ProcessInitializeOnLoadAttributes (645ms)
			ProcessInitializeOnLoadMethodAttributes (49ms)
			AfterProcessingInitializeOnLoad (9ms)
			EditorAssembliesLoaded (0ms)
		ExecutionOrderSort2 (0ms)
		AwakeInstancesAfterBackupRestoration (10ms)
Refreshing native plugins compatible for Editor in 2.87 ms, found 3 plugins.
Preloading 0 native plugins for Editor in 0.00 ms.
Unloading 0 Unused Serialized files (Serialized files now loaded: 0)
Unloading 3950 unused Assets / (1.3 MB). Loaded Objects now: 4476.
Memory consumption went from 101.2 MB to 99.9 MB.
Total: 10.575000 ms (FindLiveObjects: 0.978300 ms CreateObjectMapping: 1.456200 ms MarkObjects: 6.004900 ms  DeleteObjects: 2.132900 ms)

Prepare: number of updated asset objects reloaded= 0
========================================================================
Received Import Request.
  Time since last request: 196.143626 seconds.
  path: Assets/prefabs/Builders/Smelter_01.prefab
  artifactKey: Guid(0cc702c803a973043a92ee8ca7e71b96) Importer(2089858483,192608db42251d675da83286b1cce702)
Start importing Assets/prefabs/Builders/Smelter_01.prefab using Guid(0cc702c803a973043a92ee8ca7e71b96) Importer(2089858483,192608db42251d675da83286b1cce702) (ScriptedImporter) -> (artifact id: 'a99a6ccf28ee3bf4164862fa905606c3') in 0.1998166 seconds
Number of updated asset objects reloaded before import = 0Number of asset objects unloaded after import = 107

========================================================================
Received Import Request.
  Time since last request: 0.000031 seconds.
  path: Assets/prefabs/Builders/Conveyor_01.prefab
  artifactKey: Guid(acd66be220377a34299666b51d5a9028) Importer(2089858483,192608db42251d675da83286b1cce702)
Start importing Assets/prefabs/Builders/Conveyor_01.prefab using Guid(acd66be220377a34299666b51d5a9028) Importer(2089858483,192608db42251d675da83286b1cce702) (ScriptedImporter) -> (artifact id: '9387dda4cf4ce10c0c49b37460975d52') in 0.0463883 seconds
Number of updated asset objects reloaded before import = 0Number of asset objects unloaded after import = 17

========================================================================
Received Import Request.
  Time since last request: 0.000048 seconds.
  path: Assets/models/Builders/Smelter_model_ghost.prefab
  artifactKey: Guid(4aa3baae48d05a74a942d49dfa7f3c4a) Importer(2089858483,192608db42251d675da83286b1cce702)
Start importing Assets/models/Builders/Smelter_model_ghost.prefab using Guid(4aa3baae48d05a74a942d49dfa7f3c4a) Importer(2089858483,192608db42251d675da83286b1cce702) (ScriptedImporter) -> (artifact id: 'a11ebce102c5f2a789f802158e88b311') in 0.0630311 seconds
Number of updated asset objects reloaded before import = 0Number of asset objects unloaded after import = 28

========================================================================
Received Import Request.
  Time since last request: 0.000040 seconds.
  path: Assets/ScriptableObjects/recipes/CooperIngotRecipe 1.asset
  artifactKey: Guid(381105f3eae4e0d4ea85f7ad6a9c4f6b) Importer(2089858483,192608db42251d675da83286b1cce702)
Start importing Assets/ScriptableObjects/recipes/CooperIngotRecipe 1.asset using Guid(381105f3eae4e0d4ea85f7ad6a9c4f6b) Importer(2089858483,192608db42251d675da83286b1cce702) (ScriptedImporter) -> (artifact id: 'fa32d73c2aa8156bab4488352144c923') in 0.0425342 seconds
Number of updated asset objects reloaded before import = 0Number of asset objects unloaded after import = 151

========================================================================
Received Import Request.
  Time since last request: 0.000046 seconds.
  path: Assets/prefabs/Builders/Assembler_01.prefab
  artifactKey: Guid(735fe68b4ba56b84ba6b36c448cb7b69) Importer(2089858483,192608db42251d675da83286b1cce702)
Start importing Assets/prefabs/Builders/Assembler_01.prefab using Guid(735fe68b4ba56b84ba6b36c448cb7b69) Importer(2089858483,192608db42251d675da83286b1cce702) (ScriptedImporter) -> (artifact id: 'fa77e809353aeba1aa5fa9b0a41f7fa9') in 0.0352317 seconds
Number of updated asset objects reloaded before import = 0Number of asset objects unloaded after import = 108

========================================================================
Received Import Request.
  Time since last request: 0.000044 seconds.
  path: Assets/models/Builders/Smelter_model.prefab
  artifactKey: Guid(08a1fcf64f93e4340b1f5585d7e96d90) Importer(2089858483,192608db42251d675da83286b1cce702)
Start importing Assets/models/Builders/Smelter_model.prefab using Guid(08a1fcf64f93e4340b1f5585d7e96d90) Importer(2089858483,192608db42251d675da83286b1cce702) (ScriptedImporter) -> (artifact id: 'dd96a87427f43fde9d88190441254192') in 0.0346248 seconds
Number of updated asset objects reloaded before import = 0Number of asset objects unloaded after import = 27

========================================================================
Received Import Request.
  Time since last request: 0.000047 seconds.
  path: Assets/Script/Core/Systems/ResearchSystem.cs
  artifactKey: Guid(cefda09dc554e9b4185a1f0bd85660d7) Importer(2089858483,192608db42251d675da83286b1cce702)
Start importing Assets/Script/Core/Systems/ResearchSystem.cs using Guid(cefda09dc554e9b4185a1f0bd85660d7) Importer(2089858483,192608db42251d675da83286b1cce702) (ScriptedImporter) -> (artifact id: '984152fe626f4eb76cd72b06602cda5f') in 0.0253161 seconds
Number of updated asset objects reloaded before import = 0Number of asset objects unloaded after import = 0

========================================================================
Received Import Request.
  Time since last request: 0.000179 seconds.
  path: Assets/Script/Core/Buildings/ResearchLab.cs
  artifactKey: Guid(5800ce2f44cbec74e9ddbf647e9a5b89) Importer(2089858483,192608db42251d675da83286b1cce702)
Start importing Assets/Script/Core/Buildings/ResearchLab.cs using Guid(5800ce2f44cbec74e9ddbf647e9a5b89) Importer(2089858483,192608db42251d675da83286b1cce702) (ScriptedImporter) -> (artifact id: 'f47ddb073d6356c518f58242ee81000d') in 0.0224909 seconds
Number of updated asset objects reloaded before import = 0Number of asset objects unloaded after import = 0

========================================================================
Received Import Request.
  Time since last request: 1.140015 seconds.
  path: Assets/ScriptableObjects/Research/research_basic_automation 1.asset
  artifactKey: Guid(48c17754ce4d9a549adea9119d631c5a) Importer(815301076,1909f56bfc062723c751e8b465ee728b)
Start importing Assets/ScriptableObjects/Research/research_basic_automation 1.asset using Guid(48c17754ce4d9a549adea9119d631c5a) Importer(815301076,1909f56bfc062723c751e8b465ee728b) (PreviewImporter) -> (artifact id: 'd0302b5561a95e02e87193caa951aa9e') in 0.0357559 seconds
Number of updated asset objects reloaded before import = 0Number of asset objects unloaded after import = 258

========================================================================
Received Import Request.
  Time since last request: 0.552551 seconds.
  path: Assets/ScriptableObjects/Research/research_basic_automation 1.asset
  artifactKey: Guid(48c17754ce4d9a549adea9119d631c5a) Importer(2089858483,192608db42251d675da83286b1cce702)
Start importing Assets/ScriptableObjects/Research/research_basic_automation 1.asset using Guid(48c17754ce4d9a549adea9119d631c5a) Importer(2089858483,192608db42251d675da83286b1cce702) (ScriptedImporter) -> (artifact id: 'f087a2848903bfda75d0e05ab5c45330') in 0.0421489 seconds
Number of updated asset objects reloaded before import = 0Number of asset objects unloaded after import = 258

========================================================================
Received Import Request.
  Time since last request: 1.498425 seconds.
  path: Assets/ScriptableObjects/Research/research_mechanical_engineering.asset
  artifactKey: Guid(48c17754ce4d9a549adea9119d631c5a) Importer(815301076,1909f56bfc062723c751e8b465ee728b)
Start importing Assets/ScriptableObjects/Research/research_mechanical_engineering.asset using Guid(48c17754ce4d9a549adea9119d631c5a) Importer(815301076,1909f56bfc062723c751e8b465ee728b) (PreviewImporter) -> (artifact id: 'f688b1432ff9088e5f82a78231abddf2') in 0.019984 seconds
Number of updated asset objects reloaded before import = 0Number of asset objects unloaded after import = 258

========================================================================
Received Import Request.
  Time since last request: 0.876406 seconds.
  path: Assets/ScriptableObjects/Research/research_mechanical_engineering.asset
  artifactKey: Guid(48c17754ce4d9a549adea9119d631c5a) Importer(2089858483,192608db42251d675da83286b1cce702)
Start importing Assets/ScriptableObjects/Research/research_mechanical_engineering.asset using Guid(48c17754ce4d9a549adea9119d631c5a) Importer(2089858483,192608db42251d675da83286b1cce702) (ScriptedImporter) -> (artifact id: 'f5308e4db13a121956781544fdb77541') in 0.0361959 seconds
Number of updated asset objects reloaded before import = 0Number of asset objects unloaded after import = 258

========================================================================
Received Prepare
Begin MonoManager ReloadAssembly
- Loaded All Assemblies, in  0.890 seconds
Refreshing native plugins compatible for Editor in 1.71 ms, found 3 plugins.
Native extension for iOS target not found
Native extension for Android target not found
Native extension for WindowsStandalone target not found
[Package Manager] Failed to launch server process. Reason: Unity was launched with the -noUpm command-line argument
[Package Manager] Unable to send message (not connected to server process).
[Package Manager] Cannot connect to Unity Package Manager local server
Mono: successfully reloaded assembly
- Finished resetting the current domain, in  0.884 seconds
Domain Reload Profiling: 1770ms
	BeginReloadAssembly (249ms)
		ExecutionOrderSort (0ms)
		DisableScriptedObjects (7ms)
		BackupInstance (0ms)
		ReleaseScriptingObjects (0ms)
		CreateAndSetChildDomain (58ms)
	RebuildCommonClasses (51ms)
	RebuildNativeTypeToScriptingClass (14ms)
	initialDomainReloadingComplete (41ms)
	LoadAllAssembliesAndSetupDomain (530ms)
		LoadAssemblies (470ms)
		RebuildTransferFunctionScriptingTraits (0ms)
		AnalyzeDomain (184ms)
			TypeCache.Refresh (7ms)
				TypeCache.ScanAssembly (0ms)
			BuildScriptInfoCaches (167ms)
			ResolveRequiredComponents (6ms)
	FinalizeReload (884ms)
		ReleaseScriptCaches (0ms)
		RebuildScriptCaches (0ms)
		SetupLoadedEditorAssemblies (729ms)
			LogAssemblyErrors (0ms)
			InitializePlatformSupportModulesInManaged (22ms)
			SetLoadedEditorAssemblies (9ms)
			BeforeProcessingInitializeOnLoad (208ms)
			ProcessInitializeOnLoadAttributes (447ms)
			ProcessInitializeOnLoadMethodAttributes (33ms)
			AfterProcessingInitializeOnLoad (9ms)
			EditorAssembliesLoaded (0ms)
		ExecutionOrderSort2 (0ms)
		AwakeInstancesAfterBackupRestoration (8ms)
Refreshing native plugins compatible for Editor in 1.79 ms, found 3 plugins.
Preloading 0 native plugins for Editor in 0.00 ms.
Unloading 0 Unused Serialized files (Serialized files now loaded: 0)
Unloading 3951 unused Assets / (1.0 MB). Loaded Objects now: 4476.
Memory consumption went from 101.2 MB to 100.2 MB.
Total: 7.388400 ms (FindLiveObjects: 0.677000 ms CreateObjectMapping: 0.498900 ms MarkObjects: 4.919400 ms  DeleteObjects: 1.290800 ms)

Prepare: number of updated asset objects reloaded= 0
========================================================================
Received Import Request.
  Time since last request: 190.472703 seconds.
  path: Assets/prefabs/Builders/ResearchLab.prefab
  artifactKey: Guid(cc9c51e3bf186cd4ca039425a7f58b52) Importer(815301076,1909f56bfc062723c751e8b465ee728b)
Start importing Assets/prefabs/Builders/ResearchLab.prefab using Guid(cc9c51e3bf186cd4ca039425a7f58b52) Importer(815301076,1909f56bfc062723c751e8b465ee728b) (PreviewImporter) -> (artifact id: '621d578e829f25d362b350f7b370e1dc') in 0.1018026 seconds
Number of updated asset objects reloaded before import = 0Number of asset objects unloaded after import = 126

========================================================================
Received Import Request.
  Time since last request: 43.604042 seconds.
  path: Assets/ScriptableObjects/Research/research_mechanical_engineering.asset
  artifactKey: Guid(48c17754ce4d9a549adea9119d631c5a) Importer(815301076,1909f56bfc062723c751e8b465ee728b)
Start importing Assets/ScriptableObjects/Research/research_mechanical_engineering.asset using Guid(48c17754ce4d9a549adea9119d631c5a) Importer(815301076,1909f56bfc062723c751e8b465ee728b) (PreviewImporter) -> (artifact id: 'a4ab699c52ddd4e6bacbfd0d2c180e85') in 0.0169484 seconds
Number of updated asset objects reloaded before import = 0Number of asset objects unloaded after import = 258

========================================================================
Received Import Request.
  Time since last request: 1.598672 seconds.
  path: Assets/ScriptableObjects/Research/Basic Automation.asset
  artifactKey: Guid(246ed4fc676b61b4eb3e9df45a3e7e71) Importer(815301076,1909f56bfc062723c751e8b465ee728b)
Start importing Assets/ScriptableObjects/Research/Basic Automation.asset using Guid(246ed4fc676b61b4eb3e9df45a3e7e71) Importer(815301076,1909f56bfc062723c751e8b465ee728b) (PreviewImporter) -> (artifact id: '54856216587e1a01646cf22566c11e09') in 0.01622 seconds
Number of updated asset objects reloaded before import = 0Number of asset objects unloaded after import = 258

========================================================================
Received Import Request.
  Time since last request: 104.242414 seconds.
  path: Assets/ScriptableObjects/recipes/CooperIngotRecipe 1.asset
  artifactKey: Guid(381105f3eae4e0d4ea85f7ad6a9c4f6b) Importer(815301076,1909f56bfc062723c751e8b465ee728b)
Start importing Assets/ScriptableObjects/recipes/CooperIngotRecipe 1.asset using Guid(381105f3eae4e0d4ea85f7ad6a9c4f6b) Importer(815301076,1909f56bfc062723c751e8b465ee728b) (PreviewImporter) -> (artifact id: '279f2c7f01302855dee2c967ea59f43a') in 0.0123521 seconds
Number of updated asset objects reloaded before import = 0Number of asset objects unloaded after import = 151

========================================================================
Received Import Request.
  Time since last request: 18.771730 seconds.
  path: Assets/ScriptableObjects/Research/Unlocks Assembler and Smelter.asset
  artifactKey: Guid(0f1a7619d9d8aa04185b878109d7d0a7) Importer(815301076,1909f56bfc062723c751e8b465ee728b)
Start importing Assets/ScriptableObjects/Research/Unlocks Assembler and Smelter.asset using Guid(0f1a7619d9d8aa04185b878109d7d0a7) Importer(815301076,1909f56bfc062723c751e8b465ee728b) (PreviewImporter) -> (artifact id: '9e6c2d2d1945ffa0fdbae772095d3b7a') in 0.0172886 seconds
Number of updated asset objects reloaded before import = 0Number of asset objects unloaded after import = 258

========================================================================
Received Import Request.
  Time since last request: 17.430193 seconds.
  path: Assets/ScriptableObjects/Research/Unlocks Assembler and Smelter.asset
  artifactKey: Guid(0f1a7619d9d8aa04185b878109d7d0a7) Importer(815301076,1909f56bfc062723c751e8b465ee728b)
Start importing Assets/ScriptableObjects/Research/Unlocks Assembler and Smelter.asset using Guid(0f1a7619d9d8aa04185b878109d7d0a7) Importer(815301076,1909f56bfc062723c751e8b465ee728b) (PreviewImporter) -> (artifact id: '81e40d88932a0cce7dff8291906b0d6e') in 0.0135611 seconds
Number of updated asset objects reloaded before import = 0Number of asset objects unloaded after import = 258

========================================================================
Received Import Request.
  Time since last request: 53.485461 seconds.
  path: Assets/ScriptableObjects/items/Cooper Ingot.asset
  artifactKey: Guid(d94633f2ce269a444bcaf41dd83cc631) Importer(815301076,1909f56bfc062723c751e8b465ee728b)
Start importing Assets/ScriptableObjects/items/Cooper Ingot.asset using Guid(d94633f2ce269a444bcaf41dd83cc631) Importer(815301076,1909f56bfc062723c751e8b465ee728b) (PreviewImporter) -> (artifact id: 'eecc0264b064e2dcb81ec5159161ff1c') in 0.0032498 seconds
Number of updated asset objects reloaded before import = 0Number of asset objects unloaded after import = 9

========================================================================
Received Prepare
Begin MonoManager ReloadAssembly
- Loaded All Assemblies, in  0.871 seconds
Refreshing native plugins compatible for Editor in 1.54 ms, found 3 plugins.
Native extension for iOS target not found
Native extension for Android target not found
Native extension for WindowsStandalone target not found
[Package Manager] Failed to launch server process. Reason: Unity was launched with the -noUpm command-line argument
[Package Manager] Unable to send message (not connected to server process).
[Package Manager] Cannot connect to Unity Package Manager local server
Mono: successfully reloaded assembly
- Finished resetting the current domain, in  0.905 seconds
Domain Reload Profiling: 1774ms
	BeginReloadAssembly (235ms)
		ExecutionOrderSort (0ms)
		DisableScriptedObjects (7ms)
		BackupInstance (0ms)
		ReleaseScriptingObjects (0ms)
		CreateAndSetChildDomain (51ms)
	RebuildCommonClasses (41ms)
	RebuildNativeTypeToScriptingClass (14ms)
	initialDomainReloadingComplete (40ms)
	LoadAllAssembliesAndSetupDomain (539ms)
		LoadAssemblies (467ms)
		RebuildTransferFunctionScriptingTraits (0ms)
		AnalyzeDomain (191ms)
			TypeCache.Refresh (8ms)
				TypeCache.ScanAssembly (0ms)
			BuildScriptInfoCaches (173ms)
			ResolveRequiredComponents (6ms)
	FinalizeReload (906ms)
		ReleaseScriptCaches (0ms)
		RebuildScriptCaches (0ms)
		SetupLoadedEditorAssemblies (750ms)
			LogAssemblyErrors (0ms)
			InitializePlatformSupportModulesInManaged (21ms)
			SetLoadedEditorAssemblies (8ms)
			BeforeProcessingInitializeOnLoad (222ms)
			ProcessInitializeOnLoadAttributes (452ms)
			ProcessInitializeOnLoadMethodAttributes (36ms)
			AfterProcessingInitializeOnLoad (10ms)
			EditorAssembliesLoaded (0ms)
		ExecutionOrderSort2 (0ms)
		AwakeInstancesAfterBackupRestoration (7ms)
Refreshing native plugins compatible for Editor in 1.65 ms, found 3 plugins.
Preloading 0 native plugins for Editor in 0.00 ms.
Unloading 0 Unused Serialized files (Serialized files now loaded: 0)
Unloading 3951 unused Assets / (1.1 MB). Loaded Objects now: 4476.
Memory consumption went from 101.2 MB to 100.1 MB.
Total: 7.738500 ms (FindLiveObjects: 0.644300 ms CreateObjectMapping: 0.552600 ms MarkObjects: 5.106500 ms  DeleteObjects: 1.432800 ms)

Prepare: number of updated asset objects reloaded= 0
========================================================================
Received Import Request.
  Time since last request: 1609.698779 seconds.
  path: Assets/ScriptableObjects/Research/research_mechanical_engineering.asset
  artifactKey: Guid(48c17754ce4d9a549adea9119d631c5a) Importer(2089858483,192608db42251d675da83286b1cce702)
Start importing Assets/ScriptableObjects/Research/research_mechanical_engineering.asset using Guid(48c17754ce4d9a549adea9119d631c5a) Importer(2089858483,192608db42251d675da83286b1cce702) (ScriptedImporter) -> (artifact id: 'a9bc334457e6e01066aa32fbbf59392f') in 0.1840561 seconds
Number of updated asset objects reloaded before import = 0Number of asset objects unloaded after import = 258

========================================================================
Received Import Request.
  Time since last request: 0.250246 seconds.
  path: Assets/Editor
  artifactKey: Guid(1bb9c410597d24e4a864c5af45cbdd5a) Importer(815301076,1909f56bfc062723c751e8b465ee728b)
Start importing Assets/Editor using Guid(1bb9c410597d24e4a864c5af45cbdd5a) Importer(815301076,1909f56bfc062723c751e8b465ee728b) (PreviewImporter) -> (artifact id: '89a8a2a038b6a1b9753496b7d1c2ef54') in 0.0010988 seconds
Number of updated asset objects reloaded before import = 0Number of asset objects unloaded after import = 0

========================================================================
Received Import Request.
  Time since last request: 0.875812 seconds.
  path: Assets/Editor
  artifactKey: Guid(1bb9c410597d24e4a864c5af45cbdd5a) Importer(2089858483,192608db42251d675da83286b1cce702)
Start importing Assets/Editor using Guid(1bb9c410597d24e4a864c5af45cbdd5a) Importer(2089858483,192608db42251d675da83286b1cce702) (ScriptedImporter) -> (artifact id: 'c8f8a5f0f91857818d98764592cf9486') in 0.017977 seconds
Number of updated asset objects reloaded before import = 0Number of asset objects unloaded after import = 1

========================================================================
Received Prepare
Begin MonoManager ReloadAssembly
- Loaded All Assemblies, in  0.909 seconds
Refreshing native plugins compatible for Editor in 1.52 ms, found 3 plugins.
Native extension for iOS target not found
Native extension for Android target not found
Native extension for WindowsStandalone target not found
[Package Manager] Failed to launch server process. Reason: Unity was launched with the -noUpm command-line argument
[Package Manager] Unable to send message (not connected to server process).
[Package Manager] Cannot connect to Unity Package Manager local server
Mono: successfully reloaded assembly
- Finished resetting the current domain, in  0.903 seconds
Domain Reload Profiling: 1809ms
	BeginReloadAssembly (256ms)
		ExecutionOrderSort (0ms)
		DisableScriptedObjects (11ms)
		BackupInstance (0ms)
		ReleaseScriptingObjects (0ms)
		CreateAndSetChildDomain (53ms)
	RebuildCommonClasses (45ms)
	RebuildNativeTypeToScriptingClass (14ms)
	initialDomainReloadingComplete (41ms)
	LoadAllAssembliesAndSetupDomain (548ms)
		LoadAssemblies (482ms)
		RebuildTransferFunctionScriptingTraits (0ms)
		AnalyzeDomain (196ms)
			TypeCache.Refresh (10ms)
				TypeCache.ScanAssembly (1ms)
			BuildScriptInfoCaches (176ms)
			ResolveRequiredComponents (6ms)
	FinalizeReload (904ms)
		ReleaseScriptCaches (0ms)
		RebuildScriptCaches (0ms)
		SetupLoadedEditorAssemblies (761ms)
			LogAssemblyErrors (0ms)
			InitializePlatformSupportModulesInManaged (21ms)
			SetLoadedEditorAssemblies (10ms)
			BeforeProcessingInitializeOnLoad (226ms)
			ProcessInitializeOnLoadAttributes (461ms)
			ProcessInitializeOnLoadMethodAttributes (33ms)
			AfterProcessingInitializeOnLoad (9ms)
			EditorAssembliesLoaded (0ms)
		ExecutionOrderSort2 (0ms)
		AwakeInstancesAfterBackupRestoration (7ms)
Refreshing native plugins compatible for Editor in 1.52 ms, found 3 plugins.
Preloading 0 native plugins for Editor in 0.00 ms.
Unloading 0 Unused Serialized files (Serialized files now loaded: 0)
Unloading 3951 unused Assets / (0.9 MB). Loaded Objects now: 4476.
Memory consumption went from 101.2 MB to 100.4 MB.
Total: 7.635200 ms (FindLiveObjects: 0.612000 ms CreateObjectMapping: 0.622200 ms MarkObjects: 4.994500 ms  DeleteObjects: 1.405200 ms)

Prepare: number of updated asset objects reloaded= 0
========================================================================
Received Prepare
Refreshing native plugins compatible for Editor in 1.68 ms, found 3 plugins.
Preloading 0 native plugins for Editor in 0.00 ms.
Unloading 0 Unused Serialized files (Serialized files now loaded: 0)
Unloading 3944 unused Assets / (1.1 MB). Loaded Objects now: 4477.
Memory consumption went from 101.4 MB to 100.3 MB.
Total: 7.096400 ms (FindLiveObjects: 0.569500 ms CreateObjectMapping: 0.401700 ms MarkObjects: 4.635300 ms  DeleteObjects: 1.487700 ms)

Prepare: number of updated asset objects reloaded= 0
========================================================================
Received Import Request.
  Time since last request: 27.101214 seconds.
  path: Assets/Editor/CreateFactoryUI.cs
  artifactKey: Guid(2a3c590c70933b9438781a97a327bc91) Importer(815301076,1909f56bfc062723c751e8b465ee728b)
Start importing Assets/Editor/CreateFactoryUI.cs using Guid(2a3c590c70933b9438781a97a327bc91) Importer(815301076,1909f56bfc062723c751e8b465ee728b) (PreviewImporter) -> (artifact id: 'df092423a281bee558d83c24c9bc99fa') in 0.0046003 seconds
Number of updated asset objects reloaded before import = 0Number of asset objects unloaded after import = 0

========================================================================
Received Import Request.
  Time since last request: 0.041064 seconds.
  path: Assets/Editor/CreateFactoryUI.cs
  artifactKey: Guid(2a3c590c70933b9438781a97a327bc91) Importer(2089858483,192608db42251d675da83286b1cce702)
Start importing Assets/Editor/CreateFactoryUI.cs using Guid(2a3c590c70933b9438781a97a327bc91) Importer(2089858483,192608db42251d675da83286b1cce702) (ScriptedImporter) -> (artifact id: 'fd98416d37b0d18aa55abd7dfa1bbdab') in 0.1214867 seconds
Number of updated asset objects reloaded before import = 0Number of asset objects unloaded after import = 0

========================================================================
Received Prepare
Begin MonoManager ReloadAssembly
- Loaded All Assemblies, in  1.141 seconds
Refreshing native plugins compatible for Editor in 2.81 ms, found 3 plugins.
Native extension for iOS target not found
Native extension for Android target not found
Native extension for WindowsStandalone target not found
[Package Manager] Failed to launch server process. Reason: Unity was launched with the -noUpm command-line argument
[Package Manager] Unable to send message (not connected to server process).
[Package Manager] Cannot connect to Unity Package Manager local server
Mono: successfully reloaded assembly
- Finished resetting the current domain, in  1.201 seconds
Domain Reload Profiling: 2338ms
	BeginReloadAssembly (293ms)
		ExecutionOrderSort (0ms)
		DisableScriptedObjects (9ms)
		BackupInstance (0ms)
		ReleaseScriptingObjects (0ms)
		CreateAndSetChildDomain (66ms)
	RebuildCommonClasses (61ms)
	RebuildNativeTypeToScriptingClass (18ms)
	initialDomainReloadingComplete (52ms)
	LoadAllAssembliesAndSetupDomain (712ms)
		LoadAssemblies (591ms)
		RebuildTransferFunctionScriptingTraits (0ms)
		AnalyzeDomain (264ms)
			TypeCache.Refresh (12ms)
				TypeCache.ScanAssembly (0ms)
			BuildScriptInfoCaches (239ms)
			ResolveRequiredComponents (7ms)
	FinalizeReload (1202ms)
		ReleaseScriptCaches (0ms)
		RebuildScriptCaches (0ms)
		SetupLoadedEditorAssemblies (1007ms)
			LogAssemblyErrors (0ms)
			InitializePlatformSupportModulesInManaged (25ms)
			SetLoadedEditorAssemblies (6ms)
			BeforeProcessingInitializeOnLoad (268ms)
			ProcessInitializeOnLoadAttributes (650ms)
			ProcessInitializeOnLoadMethodAttributes (44ms)
			AfterProcessingInitializeOnLoad (13ms)
			EditorAssembliesLoaded (0ms)
		ExecutionOrderSort2 (0ms)
		AwakeInstancesAfterBackupRestoration (9ms)
Refreshing native plugins compatible for Editor in 3.56 ms, found 3 plugins.
Preloading 0 native plugins for Editor in 0.00 ms.
Unloading 0 Unused Serialized files (Serialized files now loaded: 0)
Unloading 3951 unused Assets / (1.2 MB). Loaded Objects now: 4477.
Memory consumption went from 101.2 MB to 100.0 MB.
Total: 10.727900 ms (FindLiveObjects: 0.643600 ms CreateObjectMapping: 0.946800 ms MarkObjects: 7.031900 ms  DeleteObjects: 2.102500 ms)

Prepare: number of updated asset objects reloaded= 0
========================================================================
Received Import Request.
  Time since last request: 11.847660 seconds.
  path: Assets/Editor/CreateFactoryUI.cs
  artifactKey: Guid(2a3c590c70933b9438781a97a327bc91) Importer(815301076,1909f56bfc062723c751e8b465ee728b)
Start importing Assets/Editor/CreateFactoryUI.cs using Guid(2a3c590c70933b9438781a97a327bc91) Importer(815301076,1909f56bfc062723c751e8b465ee728b) (PreviewImporter) -> (artifact id: 'bff3bd9174a6bef12c1d151cc1119ea0') in 0.0071011 seconds
Number of updated asset objects reloaded before import = 0Number of asset objects unloaded after import = 0

========================================================================
Received Prepare
Refreshing native plugins compatible for Editor in 2.52 ms, found 3 plugins.
Preloading 0 native plugins for Editor in 0.00 ms.
Unloading 0 Unused Serialized files (Serialized files now loaded: 0)
Unloading 3944 unused Assets / (1.2 MB). Loaded Objects now: 4477.
Memory consumption went from 101.4 MB to 100.2 MB.
Total: 8.855000 ms (FindLiveObjects: 0.601600 ms CreateObjectMapping: 0.763200 ms MarkObjects: 5.617500 ms  DeleteObjects: 1.870400 ms)

Prepare: number of updated asset objects reloaded= 0
========================================================================
Received Import Request.
  Time since last request: 26.529833 seconds.
  path: Assets/Editor/CreateFactoryUI.cs
  artifactKey: Guid(2a3c590c70933b9438781a97a327bc91) Importer(815301076,1909f56bfc062723c751e8b465ee728b)
Start importing Assets/Editor/CreateFactoryUI.cs using Guid(2a3c590c70933b9438781a97a327bc91) Importer(815301076,1909f56bfc062723c751e8b465ee728b) (PreviewImporter) -> (artifact id: 'b35c804465b996ecaf35b38cd9f49b2d') in 0.002289 seconds
Number of updated asset objects reloaded before import = 0Number of asset objects unloaded after import = 0

========================================================================
Received Prepare
Begin MonoManager ReloadAssembly
- Loaded All Assemblies, in  0.873 seconds
Refreshing native plugins compatible for Editor in 1.78 ms, found 3 plugins.
Native extension for iOS target not found
Native extension for Android target not found
Native extension for WindowsStandalone target not found
[Package Manager] Failed to launch server process. Reason: Unity was launched with the -noUpm command-line argument
[Package Manager] Unable to send message (not connected to server process).
[Package Manager] Cannot connect to Unity Package Manager local server
Mono: successfully reloaded assembly
- Finished resetting the current domain, in  0.949 seconds
Domain Reload Profiling: 1819ms
	BeginReloadAssembly (232ms)
		ExecutionOrderSort (0ms)
		DisableScriptedObjects (7ms)
		BackupInstance (0ms)
		ReleaseScriptingObjects (0ms)
		CreateAndSetChildDomain (49ms)
	RebuildCommonClasses (43ms)
	RebuildNativeTypeToScriptingClass (14ms)
	initialDomainReloadingComplete (38ms)
	LoadAllAssembliesAndSetupDomain (542ms)
		LoadAssemblies (474ms)
		RebuildTransferFunctionScriptingTraits (0ms)
		AnalyzeDomain (189ms)
			TypeCache.Refresh (9ms)
				TypeCache.ScanAssembly (0ms)
			BuildScriptInfoCaches (169ms)
			ResolveRequiredComponents (6ms)
	FinalizeReload (950ms)
		ReleaseScriptCaches (0ms)
		RebuildScriptCaches (0ms)
		SetupLoadedEditorAssemblies (795ms)
			LogAssemblyErrors (0ms)
			InitializePlatformSupportModulesInManaged (22ms)
			SetLoadedEditorAssemblies (8ms)
			BeforeProcessingInitializeOnLoad (233ms)
			ProcessInitializeOnLoadAttributes (485ms)
			ProcessInitializeOnLoadMethodAttributes (38ms)
			AfterProcessingInitializeOnLoad (9ms)
			EditorAssembliesLoaded (0ms)
		ExecutionOrderSort2 (0ms)
		AwakeInstancesAfterBackupRestoration (8ms)
Refreshing native plugins compatible for Editor in 1.98 ms, found 3 plugins.
Preloading 0 native plugins for Editor in 0.00 ms.
Unloading 0 Unused Serialized files (Serialized files now loaded: 0)
Unloading 3951 unused Assets / (1.6 MB). Loaded Objects now: 4477.
Memory consumption went from 101.2 MB to 99.6 MB.
Total: 9.105300 ms (FindLiveObjects: 0.666800 ms CreateObjectMapping: 0.722200 ms MarkObjects: 5.253100 ms  DeleteObjects: 2.460600 ms)

Prepare: number of updated asset objects reloaded= 0
========================================================================
Received Prepare
Refreshing native plugins compatible for Editor in 1.66 ms, found 3 plugins.
Preloading 0 native plugins for Editor in 0.00 ms.
Unloading 0 Unused Serialized files (Serialized files now loaded: 0)
Unloading 3943 unused Assets / (0.8 MB). Loaded Objects now: 4476.
Memory consumption went from 101.4 MB to 100.7 MB.
Total: 7.746900 ms (FindLiveObjects: 0.584700 ms CreateObjectMapping: 0.571100 ms MarkObjects: 5.291500 ms  DeleteObjects: 1.297200 ms)

Prepare: number of updated asset objects reloaded= 0
========================================================================
Received Prepare
Begin MonoManager ReloadAssembly
- Loaded All Assemblies, in  0.934 seconds
Refreshing native plugins compatible for Editor in 1.45 ms, found 3 plugins.
Native extension for iOS target not found
Native extension for Android target not found
Native extension for WindowsStandalone target not found
[Package Manager] Failed to launch server process. Reason: Unity was launched with the -noUpm command-line argument
[Package Manager] Unable to send message (not connected to server process).
[Package Manager] Cannot connect to Unity Package Manager local server
Mono: successfully reloaded assembly
- Finished resetting the current domain, in  0.925 seconds
Domain Reload Profiling: 1855ms
	BeginReloadAssembly (260ms)
		ExecutionOrderSort (0ms)
		DisableScriptedObjects (7ms)
		BackupInstance (0ms)
		ReleaseScriptingObjects (0ms)
		CreateAndSetChildDomain (57ms)
	RebuildCommonClasses (47ms)
	RebuildNativeTypeToScriptingClass (14ms)
	initialDomainReloadingComplete (40ms)
	LoadAllAssembliesAndSetupDomain (568ms)
		LoadAssemblies (492ms)
		RebuildTransferFunctionScriptingTraits (0ms)
		AnalyzeDomain (215ms)
			TypeCache.Refresh (9ms)
				TypeCache.ScanAssembly (0ms)
			BuildScriptInfoCaches (195ms)
			ResolveRequiredComponents (6ms)
	FinalizeReload (925ms)
		ReleaseScriptCaches (0ms)
		RebuildScriptCaches (0ms)
		SetupLoadedEditorAssemblies (780ms)
			LogAssemblyErrors (0ms)
			InitializePlatformSupportModulesInManaged (23ms)
			SetLoadedEditorAssemblies (9ms)
			BeforeProcessingInitializeOnLoad (228ms)
			ProcessInitializeOnLoadAttributes (471ms)
			ProcessInitializeOnLoadMethodAttributes (39ms)
			AfterProcessingInitializeOnLoad (10ms)
			EditorAssembliesLoaded (0ms)
		ExecutionOrderSort2 (0ms)
		AwakeInstancesAfterBackupRestoration (7ms)
Refreshing native plugins compatible for Editor in 1.94 ms, found 3 plugins.
Preloading 0 native plugins for Editor in 0.00 ms.
Unloading 0 Unused Serialized files (Serialized files now loaded: 0)
Unloading 3950 unused Assets / (1.2 MB). Loaded Objects now: 4476.
Memory consumption went from 101.2 MB to 100.0 MB.
Total: 7.942200 ms (FindLiveObjects: 0.799200 ms CreateObjectMapping: 0.862500 ms MarkObjects: 4.565900 ms  DeleteObjects: 1.712100 ms)

Prepare: number of updated asset objects reloaded= 0
========================================================================
Received Import Request.
  Time since last request: 185.858751 seconds.
  path: Assets/Script/Core/UI
  artifactKey: Guid(d4f715268b5313e41a47a9b91bc9c236) Importer(815301076,1909f56bfc062723c751e8b465ee728b)
Start importing Assets/Script/Core/UI using Guid(d4f715268b5313e41a47a9b91bc9c236) Importer(815301076,1909f56bfc062723c751e8b465ee728b) (PreviewImporter) -> (artifact id: 'debf0ee30a33866e23ee7ad766174b7a') in 0.0057083 seconds
Number of updated asset objects reloaded before import = 0Number of asset objects unloaded after import = 0

========================================================================
Received Prepare
Refreshing native plugins compatible for Editor in 1.58 ms, found 3 plugins.
Preloading 0 native plugins for Editor in 0.00 ms.
Unloading 0 Unused Serialized files (Serialized files now loaded: 0)
Unloading 3944 unused Assets / (0.8 MB). Loaded Objects now: 4477.
Memory consumption went from 101.4 MB to 100.6 MB.
Total: 6.489800 ms (FindLiveObjects: 0.579600 ms CreateObjectMapping: 0.261800 ms MarkObjects: 4.348200 ms  DeleteObjects: 1.298000 ms)

Prepare: number of updated asset objects reloaded= 0
========================================================================
Received Import Request.
  Time since last request: 25.827511 seconds.
  path: Assets/Script/Core/UI/MachineUI.cs
  artifactKey: Guid(e330564c9d2a65648872f41ea73b39c9) Importer(815301076,1909f56bfc062723c751e8b465ee728b)
Start importing Assets/Script/Core/UI/MachineUI.cs using Guid(e330564c9d2a65648872f41ea73b39c9) Importer(815301076,1909f56bfc062723c751e8b465ee728b) (PreviewImporter) -> (artifact id: '004853bc3e7ecb0fb2350c2bede230f4') in 0.0021699 seconds
Number of updated asset objects reloaded before import = 0Number of asset objects unloaded after import = 0

========================================================================
Received Import Request.
  Time since last request: 0.556186 seconds.
  path: Assets/Script/Core/UI/MachineUI.cs
  artifactKey: Guid(e330564c9d2a65648872f41ea73b39c9) Importer(2089858483,192608db42251d675da83286b1cce702)
Start importing Assets/Script/Core/UI/MachineUI.cs using Guid(e330564c9d2a65648872f41ea73b39c9) Importer(2089858483,192608db42251d675da83286b1cce702) (ScriptedImporter) -> (artifact id: '88c34e45bf72a25e610f863524cd356f') in 0.1637001 seconds
Number of updated asset objects reloaded before import = 0Number of asset objects unloaded after import = 0

========================================================================
Received Prepare
Begin MonoManager ReloadAssembly
- Loaded All Assemblies, in  0.889 seconds
Refreshing native plugins compatible for Editor in 1.87 ms, found 3 plugins.
Native extension for iOS target not found
Native extension for Android target not found
Native extension for WindowsStandalone target not found
[Package Manager] Failed to launch server process. Reason: Unity was launched with the -noUpm command-line argument
[Package Manager] Unable to send message (not connected to server process).
[Package Manager] Cannot connect to Unity Package Manager local server
Mono: successfully reloaded assembly
- Finished resetting the current domain, in  0.892 seconds
Domain Reload Profiling: 1778ms
	BeginReloadAssembly (244ms)
		ExecutionOrderSort (0ms)
		DisableScriptedObjects (9ms)
		BackupInstance (0ms)
		ReleaseScriptingObjects (0ms)
		CreateAndSetChildDomain (58ms)
	RebuildCommonClasses (45ms)
	RebuildNativeTypeToScriptingClass (15ms)
	initialDomainReloadingComplete (38ms)
	LoadAllAssembliesAndSetupDomain (544ms)
		LoadAssemblies (472ms)
		RebuildTransferFunctionScriptingTraits (0ms)
		AnalyzeDomain (192ms)
			TypeCache.Refresh (11ms)
				TypeCache.ScanAssembly (1ms)
			BuildScriptInfoCaches (169ms)
			ResolveRequiredComponents (6ms)
	FinalizeReload (893ms)
		ReleaseScriptCaches (0ms)
		RebuildScriptCaches (0ms)
		SetupLoadedEditorAssemblies (740ms)
			LogAssemblyErrors (0ms)
			InitializePlatformSupportModulesInManaged (29ms)
			SetLoadedEditorAssemblies (8ms)
			BeforeProcessingInitializeOnLoad (211ms)
			ProcessInitializeOnLoadAttributes (453ms)
			ProcessInitializeOnLoadMethodAttributes (30ms)
			AfterProcessingInitializeOnLoad (8ms)
			EditorAssembliesLoaded (0ms)
		ExecutionOrderSort2 (0ms)
		AwakeInstancesAfterBackupRestoration (6ms)
Refreshing native plugins compatible for Editor in 2.41 ms, found 3 plugins.
Preloading 0 native plugins for Editor in 0.00 ms.
Unloading 0 Unused Serialized files (Serialized files now loaded: 0)
Unloading 3951 unused Assets / (1.2 MB). Loaded Objects now: 4477.
Memory consumption went from 101.2 MB to 100.0 MB.
Total: 8.859600 ms (FindLiveObjects: 0.653200 ms CreateObjectMapping: 0.713400 ms MarkObjects: 5.915000 ms  DeleteObjects: 1.575500 ms)

Prepare: number of updated asset objects reloaded= 0
========================================================================
Received Prepare
Refreshing native plugins compatible for Editor in 1.90 ms, found 3 plugins.
Preloading 0 native plugins for Editor in 0.00 ms.
Unloading 0 Unused Serialized files (Serialized files now loaded: 0)
Unloading 3944 unused Assets / (0.8 MB). Loaded Objects now: 4477.
Memory consumption went from 101.4 MB to 100.6 MB.
Total: 7.828300 ms (FindLiveObjects: 0.744400 ms CreateObjectMapping: 0.472800 ms MarkObjects: 5.340500 ms  DeleteObjects: 1.268900 ms)

Prepare: number of updated asset objects reloaded= 0
========================================================================
Received Prepare
Refreshing native plugins compatible for Editor in 1.90 ms, found 3 plugins.
Preloading 0 native plugins for Editor in 0.00 ms.
Unloading 0 Unused Serialized files (Serialized files now loaded: 0)
Unloading 3944 unused Assets / (1.2 MB). Loaded Objects now: 4477.
Memory consumption went from 101.4 MB to 100.2 MB.
Total: 7.895900 ms (FindLiveObjects: 0.578700 ms CreateObjectMapping: 0.498000 ms MarkObjects: 5.348100 ms  DeleteObjects: 1.469300 ms)

Prepare: number of updated asset objects reloaded= 0
========================================================================
Received Prepare
Begin MonoManager ReloadAssembly
- Loaded All Assemblies, in  0.874 seconds
Refreshing native plugins compatible for Editor in 1.40 ms, found 3 plugins.
Native extension for iOS target not found
Native extension for Android target not found
Native extension for WindowsStandalone target not found
[Package Manager] Failed to launch server process. Reason: Unity was launched with the -noUpm command-line argument
[Package Manager] Unable to send message (not connected to server process).
[Package Manager] Cannot connect to Unity Package Manager local server
Mono: successfully reloaded assembly
- Finished resetting the current domain, in  0.937 seconds
Domain Reload Profiling: 1808ms
	BeginReloadAssembly (239ms)
		ExecutionOrderSort (0ms)
		DisableScriptedObjects (7ms)
		BackupInstance (0ms)
		ReleaseScriptingObjects (0ms)
		CreateAndSetChildDomain (49ms)
	RebuildCommonClasses (43ms)
	RebuildNativeTypeToScriptingClass (14ms)
	initialDomainReloadingComplete (39ms)
	LoadAllAssembliesAndSetupDomain (534ms)
		LoadAssemblies (465ms)
		RebuildTransferFunctionScriptingTraits (0ms)
		AnalyzeDomain (193ms)
			TypeCache.Refresh (10ms)
				TypeCache.ScanAssembly (1ms)
			BuildScriptInfoCaches (172ms)
			ResolveRequiredComponents (6ms)
	FinalizeReload (938ms)
		ReleaseScriptCaches (0ms)
		RebuildScriptCaches (0ms)
		SetupLoadedEditorAssemblies (782ms)
			LogAssemblyErrors (0ms)
			InitializePlatformSupportModulesInManaged (22ms)
			SetLoadedEditorAssemblies (8ms)
			BeforeProcessingInitializeOnLoad (230ms)
			ProcessInitializeOnLoadAttributes (478ms)
			ProcessInitializeOnLoadMethodAttributes (34ms)
			AfterProcessingInitializeOnLoad (9ms)
			EditorAssembliesLoaded (0ms)
		ExecutionOrderSort2 (0ms)
		AwakeInstancesAfterBackupRestoration (7ms)
Refreshing native plugins compatible for Editor in 1.90 ms, found 3 plugins.
Preloading 0 native plugins for Editor in 0.00 ms.
Unloading 0 Unused Serialized files (Serialized files now loaded: 0)
Unloading 3951 unused Assets / (1.4 MB). Loaded Objects now: 4477.
Memory consumption went from 101.2 MB to 99.8 MB.
Total: 8.849200 ms (FindLiveObjects: 0.751500 ms CreateObjectMapping: 0.692000 ms MarkObjects: 5.183700 ms  DeleteObjects: 2.219300 ms)

Prepare: number of updated asset objects reloaded= 0
========================================================================
Received Prepare
Begin MonoManager ReloadAssembly
- Loaded All Assemblies, in  0.867 seconds
Refreshing native plugins compatible for Editor in 1.83 ms, found 3 plugins.
Native extension for iOS target not found
Native extension for Android target not found
Native extension for WindowsStandalone target not found
[Package Manager] Failed to launch server process. Reason: Unity was launched with the -noUpm command-line argument
[Package Manager] Unable to send message (not connected to server process).
[Package Manager] Cannot connect to Unity Package Manager local server
Mono: successfully reloaded assembly
- Finished resetting the current domain, in  0.881 seconds
Domain Reload Profiling: 1744ms
	BeginReloadAssembly (227ms)
		ExecutionOrderSort (0ms)
		DisableScriptedObjects (7ms)
		BackupInstance (0ms)
		ReleaseScriptingObjects (0ms)
		CreateAndSetChildDomain (49ms)
	RebuildCommonClasses (43ms)
	RebuildNativeTypeToScriptingClass (14ms)
	initialDomainReloadingComplete (39ms)
	LoadAllAssembliesAndSetupDomain (540ms)
		LoadAssemblies (460ms)
		RebuildTransferFunctionScriptingTraits (0ms)
		AnalyzeDomain (194ms)
			TypeCache.Refresh (7ms)
				TypeCache.ScanAssembly (0ms)
			BuildScriptInfoCaches (177ms)
			ResolveRequiredComponents (6ms)
	FinalizeReload (881ms)
		ReleaseScriptCaches (0ms)
		RebuildScriptCaches (0ms)
		SetupLoadedEditorAssemblies (727ms)
			LogAssemblyErrors (0ms)
			InitializePlatformSupportModulesInManaged (23ms)
			SetLoadedEditorAssemblies (8ms)
			BeforeProcessingInitializeOnLoad (202ms)
			ProcessInitializeOnLoadAttributes (453ms)
			ProcessInitializeOnLoadMethodAttributes (32ms)
			AfterProcessingInitializeOnLoad (9ms)
			EditorAssembliesLoaded (0ms)
		ExecutionOrderSort2 (0ms)
		AwakeInstancesAfterBackupRestoration (8ms)
Refreshing native plugins compatible for Editor in 1.71 ms, found 3 plugins.
Preloading 0 native plugins for Editor in 0.00 ms.
Unloading 0 Unused Serialized files (Serialized files now loaded: 0)
Unloading 3951 unused Assets / (1.0 MB). Loaded Objects now: 4477.
Memory consumption went from 101.2 MB to 100.3 MB.
Total: 7.195500 ms (FindLiveObjects: 0.601700 ms CreateObjectMapping: 0.462900 ms MarkObjects: 4.806000 ms  DeleteObjects: 1.323300 ms)

Prepare: number of updated asset objects reloaded= 0
========================================================================
Received Prepare
Refreshing native plugins compatible for Editor in 1.87 ms, found 3 plugins.
Preloading 0 native plugins for Editor in 0.00 ms.
Unloading 0 Unused Serialized files (Serialized files now loaded: 0)
Unloading 3944 unused Assets / (1.0 MB). Loaded Objects now: 4477.
Memory consumption went from 101.4 MB to 100.4 MB.
Total: 7.704400 ms (FindLiveObjects: 0.570000 ms CreateObjectMapping: 0.409000 ms MarkObjects: 5.290700 ms  DeleteObjects: 1.432400 ms)

Prepare: number of updated asset objects reloaded= 0
========================================================================
Received Prepare
Begin MonoManager ReloadAssembly
- Loaded All Assemblies, in  0.878 seconds
Refreshing native plugins compatible for Editor in 1.65 ms, found 3 plugins.
Native extension for iOS target not found
Native extension for Android target not found
Native extension for WindowsStandalone target not found
[Package Manager] Failed to launch server process. Reason: Unity was launched with the -noUpm command-line argument
[Package Manager] Unable to send message (not connected to server process).
[Package Manager] Cannot connect to Unity Package Manager local server
Mono: successfully reloaded assembly
- Finished resetting the current domain, in  0.902 seconds
Domain Reload Profiling: 1777ms
	BeginReloadAssembly (231ms)
		ExecutionOrderSort (0ms)
		DisableScriptedObjects (7ms)
		BackupInstance (0ms)
		ReleaseScriptingObjects (0ms)
		CreateAndSetChildDomain (47ms)
	RebuildCommonClasses (46ms)
	RebuildNativeTypeToScriptingClass (15ms)
	initialDomainReloadingComplete (41ms)
	LoadAllAssembliesAndSetupDomain (540ms)
		LoadAssemblies (460ms)
		RebuildTransferFunctionScriptingTraits (0ms)
		AnalyzeDomain (198ms)
			TypeCache.Refresh (9ms)
				TypeCache.ScanAssembly (1ms)
			BuildScriptInfoCaches (175ms)
			ResolveRequiredComponents (7ms)
	FinalizeReload (903ms)
		ReleaseScriptCaches (0ms)
		RebuildScriptCaches (0ms)
		SetupLoadedEditorAssemblies (739ms)
			LogAssemblyErrors (0ms)
			InitializePlatformSupportModulesInManaged (22ms)
			SetLoadedEditorAssemblies (8ms)
			BeforeProcessingInitializeOnLoad (208ms)
			ProcessInitializeOnLoadAttributes (456ms)
			ProcessInitializeOnLoadMethodAttributes (36ms)
			AfterProcessingInitializeOnLoad (9ms)
			EditorAssembliesLoaded (0ms)
		ExecutionOrderSort2 (0ms)
		AwakeInstancesAfterBackupRestoration (7ms)
Refreshing native plugins compatible for Editor in 1.46 ms, found 3 plugins.
Preloading 0 native plugins for Editor in 0.00 ms.
Unloading 0 Unused Serialized files (Serialized files now loaded: 0)
Unloading 3951 unused Assets / (1.3 MB). Loaded Objects now: 4477.
Memory consumption went from 101.2 MB to 99.9 MB.
Total: 7.328200 ms (FindLiveObjects: 0.546800 ms CreateObjectMapping: 0.211500 ms MarkObjects: 4.881000 ms  DeleteObjects: 1.687500 ms)

Prepare: number of updated asset objects reloaded= 0
========================================================================
Received Prepare
Begin MonoManager ReloadAssembly
- Loaded All Assemblies, in  0.849 seconds
Refreshing native plugins compatible for Editor in 1.44 ms, found 3 plugins.
Native extension for iOS target not found
Native extension for Android target not found
Native extension for WindowsStandalone target not found
[Package Manager] Failed to launch server process. Reason: Unity was launched with the -noUpm command-line argument
[Package Manager] Unable to send message (not connected to server process).
[Package Manager] Cannot connect to Unity Package Manager local server
Mono: successfully reloaded assembly
- Finished resetting the current domain, in  0.877 seconds
Domain Reload Profiling: 1724ms
	BeginReloadAssembly (225ms)
		ExecutionOrderSort (0ms)
		DisableScriptedObjects (8ms)
		BackupInstance (0ms)
		ReleaseScriptingObjects (0ms)
		CreateAndSetChildDomain (47ms)
	RebuildCommonClasses (41ms)
	RebuildNativeTypeToScriptingClass (14ms)
	initialDomainReloadingComplete (37ms)
	LoadAllAssembliesAndSetupDomain (530ms)
		LoadAssemblies (454ms)
		RebuildTransferFunctionScriptingTraits (0ms)
		AnalyzeDomain (184ms)
			TypeCache.Refresh (7ms)
				TypeCache.ScanAssembly (0ms)
			BuildScriptInfoCaches (166ms)
			ResolveRequiredComponents (6ms)
	FinalizeReload (877ms)
		ReleaseScriptCaches (0ms)
		RebuildScriptCaches (0ms)
		SetupLoadedEditorAssemblies (734ms)
			LogAssemblyErrors (0ms)
			InitializePlatformSupportModulesInManaged (20ms)
			SetLoadedEditorAssemblies (9ms)
			BeforeProcessingInitializeOnLoad (218ms)
			ProcessInitializeOnLoadAttributes (446ms)
			ProcessInitializeOnLoadMethodAttributes (30ms)
			AfterProcessingInitializeOnLoad (9ms)
			EditorAssembliesLoaded (0ms)
		ExecutionOrderSort2 (0ms)
		AwakeInstancesAfterBackupRestoration (8ms)
Refreshing native plugins compatible for Editor in 1.91 ms, found 3 plugins.
Preloading 0 native plugins for Editor in 0.00 ms.
Unloading 0 Unused Serialized files (Serialized files now loaded: 0)
Unloading 3951 unused Assets / (1.1 MB). Loaded Objects now: 4477.
Memory consumption went from 101.2 MB to 100.1 MB.
Total: 7.932500 ms (FindLiveObjects: 0.590700 ms CreateObjectMapping: 0.677100 ms MarkObjects: 5.221700 ms  DeleteObjects: 1.441000 ms)

Prepare: number of updated asset objects reloaded= 0
========================================================================
Received Prepare
Refreshing native plugins compatible for Editor in 1.66 ms, found 3 plugins.
Preloading 0 native plugins for Editor in 0.00 ms.
Unloading 0 Unused Serialized files (Serialized files now loaded: 0)
Unloading 3944 unused Assets / (1.1 MB). Loaded Objects now: 4477.
Memory consumption went from 101.4 MB to 100.3 MB.
Total: 7.592800 ms (FindLiveObjects: 0.597100 ms CreateObjectMapping: 0.783800 ms MarkObjects: 4.806100 ms  DeleteObjects: 1.403300 ms)

Prepare: number of updated asset objects reloaded= 1
========================================================================
Received Import Request.
  Time since last request: 809.789164 seconds.
  path: Assets/InputSystem_Actions.inputactions
  artifactKey: Guid(289c1b55c9541489481df5cc06664110) Importer(815301076,1909f56bfc062723c751e8b465ee728b)
Start importing Assets/InputSystem_Actions.inputactions using Guid(289c1b55c9541489481df5cc06664110) Importer(815301076,1909f56bfc062723c751e8b465ee728b) (PreviewImporter) -> (artifact id: 'e6d0d72268428079c9b0ff041cc9edd1') in 0.0635679 seconds
Number of updated asset objects reloaded before import = 0Number of asset objects unloaded after import = 19

========================================================================
Received Prepare
Begin MonoManager ReloadAssembly
- Loaded All Assemblies, in  0.925 seconds
Refreshing native plugins compatible for Editor in 1.92 ms, found 3 plugins.
Native extension for iOS target not found
Native extension for Android target not found
Native extension for WindowsStandalone target not found
[Package Manager] Failed to launch server process. Reason: Unity was launched with the -noUpm command-line argument
[Package Manager] Unable to send message (not connected to server process).
[Package Manager] Cannot connect to Unity Package Manager local server
Mono: successfully reloaded assembly
- Finished resetting the current domain, in  0.885 seconds
Domain Reload Profiling: 1807ms
	BeginReloadAssembly (248ms)
		ExecutionOrderSort (0ms)
		DisableScriptedObjects (8ms)
		BackupInstance (0ms)
		ReleaseScriptingObjects (0ms)
		CreateAndSetChildDomain (59ms)
	RebuildCommonClasses (47ms)
	RebuildNativeTypeToScriptingClass (14ms)
	initialDomainReloadingComplete (42ms)
	LoadAllAssembliesAndSetupDomain (571ms)
		LoadAssemblies (493ms)
		RebuildTransferFunctionScriptingTraits (0ms)
		AnalyzeDomain (201ms)
			TypeCache.Refresh (10ms)
				TypeCache.ScanAssembly (1ms)
			BuildScriptInfoCaches (179ms)
			ResolveRequiredComponents (7ms)
	FinalizeReload (886ms)
		ReleaseScriptCaches (0ms)
		RebuildScriptCaches (0ms)
		SetupLoadedEditorAssemblies (735ms)
			LogAssemblyErrors (0ms)
			InitializePlatformSupportModulesInManaged (23ms)
			SetLoadedEditorAssemblies (9ms)
			BeforeProcessingInitializeOnLoad (209ms)
			ProcessInitializeOnLoadAttributes (454ms)
			ProcessInitializeOnLoadMethodAttributes (30ms)
			AfterProcessingInitializeOnLoad (10ms)
			EditorAssembliesLoaded (0ms)
		ExecutionOrderSort2 (0ms)
		AwakeInstancesAfterBackupRestoration (8ms)
Refreshing native plugins compatible for Editor in 1.55 ms, found 3 plugins.
Preloading 0 native plugins for Editor in 0.00 ms.
Unloading 0 Unused Serialized files (Serialized files now loaded: 0)
Unloading 3951 unused Assets / (1.3 MB). Loaded Objects now: 4477.
Memory consumption went from 101.2 MB to 100.0 MB.
Total: 8.003900 ms (FindLiveObjects: 0.663000 ms CreateObjectMapping: 0.637200 ms MarkObjects: 4.973700 ms  DeleteObjects: 1.727100 ms)

Prepare: number of updated asset objects reloaded= 0
========================================================================
Received Prepare
Begin MonoManager ReloadAssembly
- Loaded All Assemblies, in  0.869 seconds
Refreshing native plugins compatible for Editor in 1.67 ms, found 3 plugins.
Native extension for iOS target not found
Native extension for Android target not found
Native extension for WindowsStandalone target not found
[Package Manager] Failed to launch server process. Reason: Unity was launched with the -noUpm command-line argument
[Package Manager] Unable to send message (not connected to server process).
[Package Manager] Cannot connect to Unity Package Manager local server
Mono: successfully reloaded assembly
- Finished resetting the current domain, in  0.882 seconds
Domain Reload Profiling: 1748ms
	BeginReloadAssembly (230ms)
		ExecutionOrderSort (0ms)
		DisableScriptedObjects (7ms)
		BackupInstance (0ms)
		ReleaseScriptingObjects (0ms)
		CreateAndSetChildDomain (49ms)
	RebuildCommonClasses (42ms)
	RebuildNativeTypeToScriptingClass (14ms)
	initialDomainReloadingComplete (37ms)
	LoadAllAssembliesAndSetupDomain (542ms)
		LoadAssemblies (474ms)
		RebuildTransferFunctionScriptingTraits (0ms)
		AnalyzeDomain (185ms)
			TypeCache.Refresh (7ms)
				TypeCache.ScanAssembly (0ms)
			BuildScriptInfoCaches (168ms)
			ResolveRequiredComponents (6ms)
	FinalizeReload (883ms)
		ReleaseScriptCaches (0ms)
		RebuildScriptCaches (0ms)
		SetupLoadedEditorAssemblies (738ms)
			LogAssemblyErrors (0ms)
			InitializePlatformSupportModulesInManaged (23ms)
			SetLoadedEditorAssemblies (9ms)
			BeforeProcessingInitializeOnLoad (216ms)
			ProcessInitializeOnLoadAttributes (448ms)
			ProcessInitializeOnLoadMethodAttributes (33ms)
			AfterProcessingInitializeOnLoad (10ms)
			EditorAssembliesLoaded (0ms)
		ExecutionOrderSort2 (0ms)
		AwakeInstancesAfterBackupRestoration (6ms)
Refreshing native plugins compatible for Editor in 2.02 ms, found 3 plugins.
Preloading 0 native plugins for Editor in 0.00 ms.
Unloading 0 Unused Serialized files (Serialized files now loaded: 0)
Unloading 3951 unused Assets / (1.1 MB). Loaded Objects now: 4477.
Memory consumption went from 101.2 MB to 100.2 MB.
Total: 8.012800 ms (FindLiveObjects: 0.856700 ms CreateObjectMapping: 0.760700 ms MarkObjects: 4.740900 ms  DeleteObjects: 1.651900 ms)

Prepare: number of updated asset objects reloaded= 0
========================================================================
Received Import Request.
  Time since last request: 246.008347 seconds.
  path: Assets/prefabs/Builders/Assembler_01.prefab
  artifactKey: Guid(735fe68b4ba56b84ba6b36c448cb7b69) Importer(815301076,1909f56bfc062723c751e8b465ee728b)
Start importing Assets/prefabs/Builders/Assembler_01.prefab using Guid(735fe68b4ba56b84ba6b36c448cb7b69) Importer(815301076,1909f56bfc062723c751e8b465ee728b) (PreviewImporter) -> (artifact id: '56b3ef1fa3dec5c383b4866126106589') in 0.1201627 seconds
Number of updated asset objects reloaded before import = 0Number of asset objects unloaded after import = 149

========================================================================
Received Import Request.
  Time since last request: 0.906759 seconds.
  path: Assets/prefabs/Builders/ResearchLab.prefab
  artifactKey: Guid(cc9c51e3bf186cd4ca039425a7f58b52) Importer(815301076,1909f56bfc062723c751e8b465ee728b)
Start importing Assets/prefabs/Builders/ResearchLab.prefab using Guid(cc9c51e3bf186cd4ca039425a7f58b52) Importer(815301076,1909f56bfc062723c751e8b465ee728b) (PreviewImporter) -> (artifact id: '91e0d18e584e9b02c6a188e6ccf5cb89') in 0.0164806 seconds
Number of updated asset objects reloaded before import = 0Number of asset objects unloaded after import = 126

========================================================================
Received Prepare
Begin MonoManager ReloadAssembly
- Loaded All Assemblies, in  0.888 seconds
Refreshing native plugins compatible for Editor in 1.48 ms, found 3 plugins.
Native extension for iOS target not found
Native extension for Android target not found
Native extension for WindowsStandalone target not found
[Package Manager] Failed to launch server process. Reason: Unity was launched with the -noUpm command-line argument
[Package Manager] Unable to send message (not connected to server process).
[Package Manager] Cannot connect to Unity Package Manager local server
Mono: successfully reloaded assembly
- Finished resetting the current domain, in  0.902 seconds
Domain Reload Profiling: 1787ms
	BeginReloadAssembly (231ms)
		ExecutionOrderSort (0ms)
		DisableScriptedObjects (7ms)
		BackupInstance (0ms)
		ReleaseScriptingObjects (0ms)
		CreateAndSetChildDomain (52ms)
	RebuildCommonClasses (44ms)
	RebuildNativeTypeToScriptingClass (14ms)
	initialDomainReloadingComplete (42ms)
	LoadAllAssembliesAndSetupDomain (553ms)
		LoadAssemblies (476ms)
		RebuildTransferFunctionScriptingTraits (0ms)
		AnalyzeDomain (192ms)
			TypeCache.Refresh (7ms)
				TypeCache.ScanAssembly (0ms)
			BuildScriptInfoCaches (174ms)
			ResolveRequiredComponents (6ms)
	FinalizeReload (904ms)
		ReleaseScriptCaches (0ms)
		RebuildScriptCaches (0ms)
		SetupLoadedEditorAssemblies (751ms)
			LogAssemblyErrors (0ms)
			InitializePlatformSupportModulesInManaged (24ms)
			SetLoadedEditorAssemblies (9ms)
			BeforeProcessingInitializeOnLoad (217ms)
			ProcessInitializeOnLoadAttributes (457ms)
			ProcessInitializeOnLoadMethodAttributes (34ms)
			AfterProcessingInitializeOnLoad (10ms)
			EditorAssembliesLoaded (0ms)
		ExecutionOrderSort2 (0ms)
		AwakeInstancesAfterBackupRestoration (7ms)
Refreshing native plugins compatible for Editor in 1.96 ms, found 3 plugins.
Preloading 0 native plugins for Editor in 0.00 ms.
Unloading 0 Unused Serialized files (Serialized files now loaded: 0)
Unloading 3951 unused Assets / (1.2 MB). Loaded Objects now: 4477.
Memory consumption went from 101.2 MB to 100.0 MB.
Total: 7.135500 ms (FindLiveObjects: 0.542000 ms CreateObjectMapping: 0.346600 ms MarkObjects: 4.630000 ms  DeleteObjects: 1.614600 ms)

Prepare: number of updated asset objects reloaded= 0
========================================================================
Received Prepare
Refreshing native plugins compatible for Editor in 2.01 ms, found 3 plugins.
Preloading 0 native plugins for Editor in 0.00 ms.
Unloading 0 Unused Serialized files (Serialized files now loaded: 0)
Unloading 3944 unused Assets / (0.8 MB). Loaded Objects now: 4477.
Memory consumption went from 101.4 MB to 100.6 MB.
Total: 8.286200 ms (FindLiveObjects: 0.698000 ms CreateObjectMapping: 0.678200 ms MarkObjects: 5.499600 ms  DeleteObjects: 1.407700 ms)

Prepare: number of updated asset objects reloaded= 0
========================================================================
Received Prepare
Begin MonoManager ReloadAssembly
- Loaded All Assemblies, in  0.890 seconds
Refreshing native plugins compatible for Editor in 1.80 ms, found 3 plugins.
Native extension for iOS target not found
Native extension for Android target not found
Native extension for WindowsStandalone target not found
[Package Manager] Failed to launch server process. Reason: Unity was launched with the -noUpm command-line argument
[Package Manager] Unable to send message (not connected to server process).
[Package Manager] Cannot connect to Unity Package Manager local server
Mono: successfully reloaded assembly
- Finished resetting the current domain, in  0.925 seconds
Domain Reload Profiling: 1813ms
	BeginReloadAssembly (243ms)
		ExecutionOrderSort (0ms)
		DisableScriptedObjects (7ms)
		BackupInstance (0ms)
		ReleaseScriptingObjects (0ms)
		CreateAndSetChildDomain (53ms)
	RebuildCommonClasses (44ms)
	RebuildNativeTypeToScriptingClass (15ms)
	initialDomainReloadingComplete (41ms)
	LoadAllAssembliesAndSetupDomain (545ms)
		LoadAssemblies (481ms)
		RebuildTransferFunctionScriptingTraits (0ms)
		AnalyzeDomain (189ms)
			TypeCache.Refresh (9ms)
				TypeCache.ScanAssembly (1ms)
			BuildScriptInfoCaches (169ms)
			ResolveRequiredComponents (6ms)
	FinalizeReload (926ms)
		ReleaseScriptCaches (0ms)
		RebuildScriptCaches (0ms)
		SetupLoadedEditorAssemblies (760ms)
			LogAssemblyErrors (0ms)
			InitializePlatformSupportModulesInManaged (24ms)
			SetLoadedEditorAssemblies (9ms)
			BeforeProcessingInitializeOnLoad (239ms)
			ProcessInitializeOnLoadAttributes (447ms)
			ProcessInitializeOnLoadMethodAttributes (32ms)
			AfterProcessingInitializeOnLoad (10ms)
			EditorAssembliesLoaded (0ms)
		ExecutionOrderSort2 (0ms)
		AwakeInstancesAfterBackupRestoration (7ms)
Refreshing native plugins compatible for Editor in 1.58 ms, found 3 plugins.
Preloading 0 native plugins for Editor in 0.00 ms.
Unloading 0 Unused Serialized files (Serialized files now loaded: 0)
Unloading 3951 unused Assets / (1.3 MB). Loaded Objects now: 4477.
Memory consumption went from 101.3 MB to 100.0 MB.
Total: 7.630800 ms (FindLiveObjects: 0.549000 ms CreateObjectMapping: 0.510400 ms MarkObjects: 4.747800 ms  DeleteObjects: 1.821200 ms)

Prepare: number of updated asset objects reloaded= 0
========================================================================
Received Prepare
Begin MonoManager ReloadAssembly
- Loaded All Assemblies, in  0.879 seconds
Refreshing native plugins compatible for Editor in 1.71 ms, found 3 plugins.
Native extension for iOS target not found
Native extension for Android target not found
Native extension for WindowsStandalone target not found
[Package Manager] Failed to launch server process. Reason: Unity was launched with the -noUpm command-line argument
[Package Manager] Unable to send message (not connected to server process).
[Package Manager] Cannot connect to Unity Package Manager local server
Mono: successfully reloaded assembly
- Finished resetting the current domain, in  0.867 seconds
Domain Reload Profiling: 1742ms
	BeginReloadAssembly (231ms)
		ExecutionOrderSort (0ms)
		DisableScriptedObjects (7ms)
		BackupInstance (0ms)
		ReleaseScriptingObjects (0ms)
		CreateAndSetChildDomain (47ms)
	RebuildCommonClasses (43ms)
	RebuildNativeTypeToScriptingClass (14ms)
	initialDomainReloadingComplete (39ms)
	LoadAllAssembliesAndSetupDomain (548ms)
		LoadAssemblies (473ms)
		RebuildTransferFunctionScriptingTraits (0ms)
		AnalyzeDomain (195ms)
			TypeCache.Refresh (6ms)
				TypeCache.ScanAssembly (0ms)
			BuildScriptInfoCaches (178ms)
			ResolveRequiredComponents (6ms)
	FinalizeReload (868ms)
		ReleaseScriptCaches (0ms)
		RebuildScriptCaches (0ms)
		SetupLoadedEditorAssemblies (726ms)
			LogAssemblyErrors (0ms)
			InitializePlatformSupportModulesInManaged (21ms)
			SetLoadedEditorAssemblies (8ms)
			BeforeProcessingInitializeOnLoad (215ms)
			ProcessInitializeOnLoadAttributes (439ms)
			ProcessInitializeOnLoadMethodAttributes (31ms)
			AfterProcessingInitializeOnLoad (11ms)
			EditorAssembliesLoaded (0ms)
		ExecutionOrderSort2 (0ms)
		AwakeInstancesAfterBackupRestoration (7ms)
Refreshing native plugins compatible for Editor in 1.73 ms, found 3 plugins.
Preloading 0 native plugins for Editor in 0.00 ms.
Unloading 0 Unused Serialized files (Serialized files now loaded: 0)
Unloading 3951 unused Assets / (1.8 MB). Loaded Objects now: 4477.
Memory consumption went from 101.3 MB to 99.5 MB.
Total: 8.431800 ms (FindLiveObjects: 0.546900 ms CreateObjectMapping: 0.598000 ms MarkObjects: 4.559700 ms  DeleteObjects: 2.724800 ms)

Prepare: number of updated asset objects reloaded= 0
========================================================================
Received Prepare
Refreshing native plugins compatible for Editor in 1.80 ms, found 3 plugins.
Preloading 0 native plugins for Editor in 0.00 ms.
Unloading 0 Unused Serialized files (Serialized files now loaded: 0)
Unloading 3944 unused Assets / (1.1 MB). Loaded Objects now: 4477.
Memory consumption went from 101.4 MB to 100.3 MB.
Total: 7.504700 ms (FindLiveObjects: 0.544000 ms CreateObjectMapping: 0.389300 ms MarkObjects: 5.248400 ms  DeleteObjects: 1.321300 ms)

Prepare: number of updated asset objects reloaded= 1
========================================================================
Received Import Request.
  Time since last request: 510.312091 seconds.
  path: Assets/InputSystem_Actions.inputactions
  artifactKey: Guid(289c1b55c9541489481df5cc06664110) Importer(815301076,1909f56bfc062723c751e8b465ee728b)
Start importing Assets/InputSystem_Actions.inputactions using Guid(289c1b55c9541489481df5cc06664110) Importer(815301076,1909f56bfc062723c751e8b465ee728b) (PreviewImporter) -> (artifact id: '4657b03e5ad09e2049f3b908da78b238') in 0.0401639 seconds
Number of updated asset objects reloaded before import = 0Number of asset objects unloaded after import = 19

========================================================================
Received Prepare
Begin MonoManager ReloadAssembly
- Loaded All Assemblies, in  0.881 seconds
Refreshing native plugins compatible for Editor in 2.46 ms, found 3 plugins.
Native extension for iOS target not found
Native extension for Android target not found
Native extension for WindowsStandalone target not found
[Package Manager] Failed to launch server process. Reason: Unity was launched with the -noUpm command-line argument
[Package Manager] Unable to send message (not connected to server process).
[Package Manager] Cannot connect to Unity Package Manager local server
Mono: successfully reloaded assembly
- Finished resetting the current domain, in  0.981 seconds
Domain Reload Profiling: 1860ms
	BeginReloadAssembly (238ms)
		ExecutionOrderSort (0ms)
		DisableScriptedObjects (7ms)
		BackupInstance (0ms)
		ReleaseScriptingObjects (0ms)
		CreateAndSetChildDomain (48ms)
	RebuildCommonClasses (47ms)
	RebuildNativeTypeToScriptingClass (15ms)
	initialDomainReloadingComplete (43ms)
	LoadAllAssembliesAndSetupDomain (536ms)
		LoadAssemblies (467ms)
		RebuildTransferFunctionScriptingTraits (0ms)
		AnalyzeDomain (192ms)
			TypeCache.Refresh (9ms)
				TypeCache.ScanAssembly (1ms)
			BuildScriptInfoCaches (172ms)
			ResolveRequiredComponents (6ms)
	FinalizeReload (982ms)
		ReleaseScriptCaches (0ms)
		RebuildScriptCaches (0ms)
		SetupLoadedEditorAssemblies (806ms)
			LogAssemblyErrors (0ms)
			InitializePlatformSupportModulesInManaged (22ms)
			SetLoadedEditorAssemblies (8ms)
			BeforeProcessingInitializeOnLoad (229ms)
			ProcessInitializeOnLoadAttributes (501ms)
			ProcessInitializeOnLoadMethodAttributes (36ms)
			AfterProcessingInitializeOnLoad (10ms)
			EditorAssembliesLoaded (0ms)
		ExecutionOrderSort2 (0ms)
		AwakeInstancesAfterBackupRestoration (9ms)
Refreshing native plugins compatible for Editor in 1.73 ms, found 3 plugins.
Preloading 0 native plugins for Editor in 0.00 ms.
Unloading 0 Unused Serialized files (Serialized files now loaded: 0)
Unloading 3951 unused Assets / (1.0 MB). Loaded Objects now: 4477.
Memory consumption went from 101.3 MB to 100.3 MB.
Total: 7.390100 ms (FindLiveObjects: 0.534200 ms CreateObjectMapping: 0.314600 ms MarkObjects: 4.947400 ms  DeleteObjects: 1.591700 ms)

Prepare: number of updated asset objects reloaded= 0
========================================================================
Received Prepare
Begin MonoManager ReloadAssembly
- Loaded All Assemblies, in  1.224 seconds
Refreshing native plugins compatible for Editor in 2.91 ms, found 3 plugins.
Native extension for iOS target not found
Native extension for Android target not found
Native extension for WindowsStandalone target not found
[Package Manager] Failed to launch server process. Reason: Unity was launched with the -noUpm command-line argument
[Package Manager] Unable to send message (not connected to server process).
[Package Manager] Cannot connect to Unity Package Manager local server
Mono: successfully reloaded assembly
- Finished resetting the current domain, in  1.111 seconds
Domain Reload Profiling: 2330ms
	BeginReloadAssembly (317ms)
		ExecutionOrderSort (0ms)
		DisableScriptedObjects (14ms)
		BackupInstance (0ms)
		ReleaseScriptingObjects (0ms)
		CreateAndSetChildDomain (69ms)
	RebuildCommonClasses (130ms)
	RebuildNativeTypeToScriptingClass (24ms)
	initialDomainReloadingComplete (61ms)
	LoadAllAssembliesAndSetupDomain (686ms)
		LoadAssemblies (584ms)
		RebuildTransferFunctionScriptingTraits (0ms)
		AnalyzeDomain (251ms)
			TypeCache.Refresh (7ms)
				TypeCache.ScanAssembly (0ms)
			BuildScriptInfoCaches (230ms)
			ResolveRequiredComponents (9ms)
	FinalizeReload (1112ms)
		ReleaseScriptCaches (0ms)
		RebuildScriptCaches (0ms)
		SetupLoadedEditorAssemblies (941ms)
			LogAssemblyErrors (0ms)
			InitializePlatformSupportModulesInManaged (31ms)
			SetLoadedEditorAssemblies (11ms)
			BeforeProcessingInitializeOnLoad (278ms)
			ProcessInitializeOnLoadAttributes (568ms)
			ProcessInitializeOnLoadMethodAttributes (41ms)
			AfterProcessingInitializeOnLoad (13ms)
			EditorAssembliesLoaded (0ms)
		ExecutionOrderSort2 (0ms)
		AwakeInstancesAfterBackupRestoration (10ms)
Refreshing native plugins compatible for Editor in 2.57 ms, found 3 plugins.
Preloading 0 native plugins for Editor in 0.00 ms.
Unloading 0 Unused Serialized files (Serialized files now loaded: 0)
Unloading 3951 unused Assets / (1.1 MB). Loaded Objects now: 4477.
Memory consumption went from 101.3 MB to 100.1 MB.
Total: 10.378000 ms (FindLiveObjects: 0.927800 ms CreateObjectMapping: 0.876500 ms MarkObjects: 6.584200 ms  DeleteObjects: 1.986600 ms)

Prepare: number of updated asset objects reloaded= 0
========================================================================
Received Prepare
Begin MonoManager ReloadAssembly
- Loaded All Assemblies, in  0.875 seconds
Refreshing native plugins compatible for Editor in 1.57 ms, found 3 plugins.
Native extension for iOS target not found
Native extension for Android target not found
Native extension for WindowsStandalone target not found
[Package Manager] Failed to launch server process. Reason: Unity was launched with the -noUpm command-line argument
[Package Manager] Unable to send message (not connected to server process).
[Package Manager] Cannot connect to Unity Package Manager local server
Mono: successfully reloaded assembly
- Finished resetting the current domain, in  0.897 seconds
Domain Reload Profiling: 1768ms
	BeginReloadAssembly (233ms)
		ExecutionOrderSort (0ms)
		DisableScriptedObjects (8ms)
		BackupInstance (0ms)
		ReleaseScriptingObjects (0ms)
		CreateAndSetChildDomain (51ms)
	RebuildCommonClasses (41ms)
	RebuildNativeTypeToScriptingClass (14ms)
	initialDomainReloadingComplete (39ms)
	LoadAllAssembliesAndSetupDomain (544ms)
		LoadAssemblies (468ms)
		RebuildTransferFunctionScriptingTraits (0ms)
		AnalyzeDomain (192ms)
			TypeCache.Refresh (7ms)
				TypeCache.ScanAssembly (0ms)
			BuildScriptInfoCaches (173ms)
			ResolveRequiredComponents (6ms)
	FinalizeReload (897ms)
		ReleaseScriptCaches (0ms)
		RebuildScriptCaches (0ms)
		SetupLoadedEditorAssemblies (749ms)
			LogAssemblyErrors (0ms)
			InitializePlatformSupportModulesInManaged (20ms)
			SetLoadedEditorAssemblies (8ms)
			BeforeProcessingInitializeOnLoad (216ms)
			ProcessInitializeOnLoadAttributes (465ms)
			ProcessInitializeOnLoadMethodAttributes (31ms)
			AfterProcessingInitializeOnLoad (9ms)
			EditorAssembliesLoaded (0ms)
		ExecutionOrderSort2 (0ms)
		AwakeInstancesAfterBackupRestoration (7ms)
Refreshing native plugins compatible for Editor in 1.58 ms, found 3 plugins.
Preloading 0 native plugins for Editor in 0.00 ms.
Unloading 0 Unused Serialized files (Serialized files now loaded: 0)
Unloading 3951 unused Assets / (1.3 MB). Loaded Objects now: 4477.
Memory consumption went from 101.3 MB to 100.0 MB.
Total: 8.303000 ms (FindLiveObjects: 0.548100 ms CreateObjectMapping: 0.354900 ms MarkObjects: 5.478800 ms  DeleteObjects: 1.919000 ms)

Prepare: number of updated asset objects reloaded= 0
========================================================================
Received Prepare
Begin MonoManager ReloadAssembly
- Loaded All Assemblies, in  0.887 seconds
Refreshing native plugins compatible for Editor in 1.46 ms, found 3 plugins.
Native extension for iOS target not found
Native extension for Android target not found
Native extension for WindowsStandalone target not found
[Package Manager] Failed to launch server process. Reason: Unity was launched with the -noUpm command-line argument
[Package Manager] Unable to send message (not connected to server process).
[Package Manager] Cannot connect to Unity Package Manager local server
Mono: successfully reloaded assembly
- Finished resetting the current domain, in  0.879 seconds
Domain Reload Profiling: 1764ms
	BeginReloadAssembly (234ms)
		ExecutionOrderSort (0ms)
		DisableScriptedObjects (6ms)
		BackupInstance (0ms)
		ReleaseScriptingObjects (0ms)
		CreateAndSetChildDomain (51ms)
	RebuildCommonClasses (43ms)
	RebuildNativeTypeToScriptingClass (17ms)
	initialDomainReloadingComplete (42ms)
	LoadAllAssembliesAndSetupDomain (548ms)
		LoadAssemblies (465ms)
		RebuildTransferFunctionScriptingTraits (0ms)
		AnalyzeDomain (202ms)
			TypeCache.Refresh (6ms)
				TypeCache.ScanAssembly (0ms)
			BuildScriptInfoCaches (186ms)
			ResolveRequiredComponents (5ms)
	FinalizeReload (880ms)
		ReleaseScriptCaches (0ms)
		RebuildScriptCaches (0ms)
		SetupLoadedEditorAssemblies (732ms)
			LogAssemblyErrors (0ms)
			InitializePlatformSupportModulesInManaged (25ms)
			SetLoadedEditorAssemblies (9ms)
			BeforeProcessingInitializeOnLoad (212ms)
			ProcessInitializeOnLoadAttributes (446ms)
			ProcessInitializeOnLoadMethodAttributes (29ms)
			AfterProcessingInitializeOnLoad (10ms)
			EditorAssembliesLoaded (0ms)
		ExecutionOrderSort2 (0ms)
		AwakeInstancesAfterBackupRestoration (7ms)
Refreshing native plugins compatible for Editor in 1.67 ms, found 3 plugins.
Preloading 0 native plugins for Editor in 0.00 ms.
Unloading 0 Unused Serialized files (Serialized files now loaded: 0)
Unloading 3951 unused Assets / (1.2 MB). Loaded Objects now: 4477.
Memory consumption went from 101.3 MB to 100.0 MB.
Total: 7.858700 ms (FindLiveObjects: 0.779700 ms CreateObjectMapping: 0.779900 ms MarkObjects: 4.799900 ms  DeleteObjects: 1.497000 ms)

Prepare: number of updated asset objects reloaded= 0
========================================================================
Received Prepare
Begin MonoManager ReloadAssembly
- Loaded All Assemblies, in  0.907 seconds
Refreshing native plugins compatible for Editor in 1.64 ms, found 3 plugins.
Native extension for iOS target not found
Native extension for Android target not found
Native extension for WindowsStandalone target not found
[Package Manager] Failed to launch server process. Reason: Unity was launched with the -noUpm command-line argument
[Package Manager] Unable to send message (not connected to server process).
[Package Manager] Cannot connect to Unity Package Manager local server
Mono: successfully reloaded assembly
- Finished resetting the current domain, in  0.875 seconds
Domain Reload Profiling: 1777ms
	BeginReloadAssembly (244ms)
		ExecutionOrderSort (0ms)
		DisableScriptedObjects (7ms)
		BackupInstance (0ms)
		ReleaseScriptingObjects (0ms)
		CreateAndSetChildDomain (48ms)
	RebuildCommonClasses (43ms)
	RebuildNativeTypeToScriptingClass (15ms)
	initialDomainReloadingComplete (41ms)
	LoadAllAssembliesAndSetupDomain (560ms)
		LoadAssemblies (495ms)
		RebuildTransferFunctionScriptingTraits (0ms)
		AnalyzeDomain (193ms)
			TypeCache.Refresh (7ms)
				TypeCache.ScanAssembly (0ms)
			BuildScriptInfoCaches (174ms)
			ResolveRequiredComponents (6ms)
	FinalizeReload (875ms)
		ReleaseScriptCaches (0ms)
		RebuildScriptCaches (0ms)
		SetupLoadedEditorAssemblies (731ms)
			LogAssemblyErrors (0ms)
			InitializePlatformSupportModulesInManaged (23ms)
			SetLoadedEditorAssemblies (8ms)
			BeforeProcessingInitializeOnLoad (210ms)
			ProcessInitializeOnLoadAttributes (450ms)
			ProcessInitializeOnLoadMethodAttributes (31ms)
			AfterProcessingInitializeOnLoad (9ms)
			EditorAssembliesLoaded (0ms)
		ExecutionOrderSort2 (0ms)
		AwakeInstancesAfterBackupRestoration (8ms)
Refreshing native plugins compatible for Editor in 1.50 ms, found 3 plugins.
Preloading 0 native plugins for Editor in 0.00 ms.
Unloading 0 Unused Serialized files (Serialized files now loaded: 0)
Unloading 3951 unused Assets / (0.7 MB). Loaded Objects now: 4477.
Memory consumption went from 101.3 MB to 100.6 MB.
Total: 7.158200 ms (FindLiveObjects: 0.549800 ms CreateObjectMapping: 0.325700 ms MarkObjects: 4.808800 ms  DeleteObjects: 1.471700 ms)

Prepare: number of updated asset objects reloaded= 0
========================================================================
Received Prepare
Begin MonoManager ReloadAssembly
- Loaded All Assemblies, in  0.884 seconds
Refreshing native plugins compatible for Editor in 2.01 ms, found 3 plugins.
Native extension for iOS target not found
Native extension for Android target not found
Native extension for WindowsStandalone target not found
[Package Manager] Failed to launch server process. Reason: Unity was launched with the -noUpm command-line argument
[Package Manager] Unable to send message (not connected to server process).
[Package Manager] Cannot connect to Unity Package Manager local server
Mono: successfully reloaded assembly
- Finished resetting the current domain, in  0.888 seconds
Domain Reload Profiling: 1767ms
	BeginReloadAssembly (230ms)
		ExecutionOrderSort (0ms)
		DisableScriptedObjects (7ms)
		BackupInstance (0ms)
		ReleaseScriptingObjects (0ms)
		CreateAndSetChildDomain (48ms)
	RebuildCommonClasses (42ms)
	RebuildNativeTypeToScriptingClass (14ms)
	initialDomainReloadingComplete (41ms)
	LoadAllAssembliesAndSetupDomain (553ms)
		LoadAssemblies (484ms)
		RebuildTransferFunctionScriptingTraits (0ms)
		AnalyzeDomain (185ms)
			TypeCache.Refresh (7ms)
				TypeCache.ScanAssembly (0ms)
			BuildScriptInfoCaches (168ms)
			ResolveRequiredComponents (6ms)
	FinalizeReload (888ms)
		ReleaseScriptCaches (0ms)
		RebuildScriptCaches (0ms)
		SetupLoadedEditorAssemblies (742ms)
			LogAssemblyErrors (0ms)
			InitializePlatformSupportModulesInManaged (23ms)
			SetLoadedEditorAssemblies (9ms)
			BeforeProcessingInitializeOnLoad (215ms)
			ProcessInitializeOnLoadAttributes (454ms)
			ProcessInitializeOnLoadMethodAttributes (30ms)
			AfterProcessingInitializeOnLoad (11ms)
			EditorAssembliesLoaded (0ms)
		ExecutionOrderSort2 (0ms)
		AwakeInstancesAfterBackupRestoration (9ms)
Refreshing native plugins compatible for Editor in 1.70 ms, found 3 plugins.
Preloading 0 native plugins for Editor in 0.00 ms.
Unloading 0 Unused Serialized files (Serialized files now loaded: 0)
Unloading 3951 unused Assets / (1.0 MB). Loaded Objects now: 4477.
Memory consumption went from 101.3 MB to 100.3 MB.
Total: 7.094600 ms (FindLiveObjects: 0.540200 ms CreateObjectMapping: 0.547500 ms MarkObjects: 4.739100 ms  DeleteObjects: 1.265800 ms)

Prepare: number of updated asset objects reloaded= 0
========================================================================
Received Prepare
Begin MonoManager ReloadAssembly
- Loaded All Assemblies, in  0.886 seconds
Refreshing native plugins compatible for Editor in 1.80 ms, found 3 plugins.
Native extension for iOS target not found
Native extension for Android target not found
Native extension for WindowsStandalone target not found
[Package Manager] Failed to launch server process. Reason: Unity was launched with the -noUpm command-line argument
[Package Manager] Unable to send message (not connected to server process).
[Package Manager] Cannot connect to Unity Package Manager local server
Mono: successfully reloaded assembly
- Finished resetting the current domain, in  0.905 seconds
Domain Reload Profiling: 1789ms
	BeginReloadAssembly (244ms)
		ExecutionOrderSort (0ms)
		DisableScriptedObjects (7ms)
		BackupInstance (0ms)
		ReleaseScriptingObjects (0ms)
		CreateAndSetChildDomain (54ms)
	RebuildCommonClasses (43ms)
	RebuildNativeTypeToScriptingClass (14ms)
	initialDomainReloadingComplete (40ms)
	LoadAllAssembliesAndSetupDomain (544ms)
		LoadAssemblies (476ms)
		RebuildTransferFunctionScriptingTraits (0ms)
		AnalyzeDomain (188ms)
			TypeCache.Refresh (7ms)
				TypeCache.ScanAssembly (0ms)
			BuildScriptInfoCaches (170ms)
			ResolveRequiredComponents (6ms)
	FinalizeReload (906ms)
		ReleaseScriptCaches (0ms)
		RebuildScriptCaches (0ms)
		SetupLoadedEditorAssemblies (746ms)
			LogAssemblyErrors (0ms)
			InitializePlatformSupportModulesInManaged (22ms)
			SetLoadedEditorAssemblies (8ms)
			BeforeProcessingInitializeOnLoad (215ms)
			ProcessInitializeOnLoadAttributes (461ms)
			ProcessInitializeOnLoadMethodAttributes (31ms)
			AfterProcessingInitializeOnLoad (9ms)
			EditorAssembliesLoaded (0ms)
		ExecutionOrderSort2 (0ms)
		AwakeInstancesAfterBackupRestoration (9ms)
Refreshing native plugins compatible for Editor in 1.79 ms, found 3 plugins.
Preloading 0 native plugins for Editor in 0.00 ms.
Unloading 0 Unused Serialized files (Serialized files now loaded: 0)
Unloading 3951 unused Assets / (0.8 MB). Loaded Objects now: 4477.
Memory consumption went from 101.3 MB to 100.5 MB.
Total: 6.913700 ms (FindLiveObjects: 0.578500 ms CreateObjectMapping: 0.497700 ms MarkObjects: 4.482500 ms  DeleteObjects: 1.353100 ms)

Prepare: number of updated asset objects reloaded= 0
========================================================================
Received Prepare
Refreshing native plugins compatible for Editor in 1.70 ms, found 3 plugins.
Preloading 0 native plugins for Editor in 0.00 ms.
Unloading 0 Unused Serialized files (Serialized files now loaded: 0)
Unloading 3944 unused Assets / (0.9 MB). Loaded Objects now: 4477.
Memory consumption went from 101.5 MB to 100.5 MB.
Total: 7.510400 ms (FindLiveObjects: 0.560800 ms CreateObjectMapping: 0.479600 ms MarkObjects: 4.932600 ms  DeleteObjects: 1.535600 ms)

Prepare: number of updated asset objects reloaded= 0
========================================================================
Received Prepare
Begin MonoManager ReloadAssembly
- Loaded All Assemblies, in  0.915 seconds
Refreshing native plugins compatible for Editor in 1.56 ms, found 3 plugins.
Native extension for iOS target not found
Native extension for Android target not found
Native extension for WindowsStandalone target not found
[Package Manager] Failed to launch server process. Reason: Unity was launched with the -noUpm command-line argument
[Package Manager] Unable to send message (not connected to server process).
[Package Manager] Cannot connect to Unity Package Manager local server
Mono: successfully reloaded assembly
- Finished resetting the current domain, in  0.872 seconds
Domain Reload Profiling: 1782ms
	BeginReloadAssembly (239ms)
		ExecutionOrderSort (0ms)
		DisableScriptedObjects (7ms)
		BackupInstance (0ms)
		ReleaseScriptingObjects (0ms)
		CreateAndSetChildDomain (51ms)
	RebuildCommonClasses (43ms)
	RebuildNativeTypeToScriptingClass (16ms)
	initialDomainReloadingComplete (46ms)
	LoadAllAssembliesAndSetupDomain (566ms)
		LoadAssemblies (474ms)
		RebuildTransferFunctionScriptingTraits (0ms)
		AnalyzeDomain (207ms)
			TypeCache.Refresh (12ms)
				TypeCache.ScanAssembly (1ms)
			BuildScriptInfoCaches (183ms)
			ResolveRequiredComponents (6ms)
	FinalizeReload (872ms)
		ReleaseScriptCaches (0ms)
		RebuildScriptCaches (0ms)
		SetupLoadedEditorAssemblies (729ms)
			LogAssemblyErrors (0ms)
			InitializePlatformSupportModulesInManaged (22ms)
			SetLoadedEditorAssemblies (8ms)
			BeforeProcessingInitializeOnLoad (206ms)
			ProcessInitializeOnLoadAttributes (453ms)
			ProcessInitializeOnLoadMethodAttributes (32ms)
			AfterProcessingInitializeOnLoad (8ms)
			EditorAssembliesLoaded (0ms)
		ExecutionOrderSort2 (0ms)
		AwakeInstancesAfterBackupRestoration (7ms)
Refreshing native plugins compatible for Editor in 1.65 ms, found 3 plugins.
Preloading 0 native plugins for Editor in 0.00 ms.
Unloading 0 Unused Serialized files (Serialized files now loaded: 0)
Unloading 3951 unused Assets / (1.3 MB). Loaded Objects now: 4477.
Memory consumption went from 101.3 MB to 99.9 MB.
Total: 7.439100 ms (FindLiveObjects: 0.639500 ms CreateObjectMapping: 0.520200 ms MarkObjects: 4.504000 ms  DeleteObjects: 1.773400 ms)

Prepare: number of updated asset objects reloaded= 0
========================================================================
Received Prepare
Begin MonoManager ReloadAssembly
- Loaded All Assemblies, in  0.895 seconds
Refreshing native plugins compatible for Editor in 1.78 ms, found 3 plugins.
Native extension for iOS target not found
Native extension for Android target not found
Native extension for WindowsStandalone target not found
[Package Manager] Failed to launch server process. Reason: Unity was launched with the -noUpm command-line argument
[Package Manager] Unable to send message (not connected to server process).
[Package Manager] Cannot connect to Unity Package Manager local server
Mono: successfully reloaded assembly
- Finished resetting the current domain, in  0.907 seconds
Domain Reload Profiling: 1798ms
	BeginReloadAssembly (232ms)
		ExecutionOrderSort (0ms)
		DisableScriptedObjects (7ms)
		BackupInstance (0ms)
		ReleaseScriptingObjects (0ms)
		CreateAndSetChildDomain (48ms)
	RebuildCommonClasses (44ms)
	RebuildNativeTypeToScriptingClass (15ms)
	initialDomainReloadingComplete (46ms)
	LoadAllAssembliesAndSetupDomain (553ms)
		LoadAssemblies (476ms)
		RebuildTransferFunctionScriptingTraits (0ms)
		AnalyzeDomain (196ms)
			TypeCache.Refresh (8ms)
				TypeCache.ScanAssembly (0ms)
			BuildScriptInfoCaches (176ms)
			ResolveRequiredComponents (7ms)
	FinalizeReload (908ms)
		ReleaseScriptCaches (0ms)
		RebuildScriptCaches (0ms)
		SetupLoadedEditorAssemblies (745ms)
			LogAssemblyErrors (0ms)
			InitializePlatformSupportModulesInManaged (21ms)
			SetLoadedEditorAssemblies (9ms)
			BeforeProcessingInitializeOnLoad (220ms)
			ProcessInitializeOnLoadAttributes (455ms)
			ProcessInitializeOnLoadMethodAttributes (32ms)
			AfterProcessingInitializeOnLoad (8ms)
			EditorAssembliesLoaded (0ms)
		ExecutionOrderSort2 (0ms)
		AwakeInstancesAfterBackupRestoration (8ms)
Refreshing native plugins compatible for Editor in 1.95 ms, found 3 plugins.
Preloading 0 native plugins for Editor in 0.00 ms.
Unloading 0 Unused Serialized files (Serialized files now loaded: 0)
Unloading 3951 unused Assets / (0.8 MB). Loaded Objects now: 4477.
Memory consumption went from 101.3 MB to 100.4 MB.
Total: 7.440900 ms (FindLiveObjects: 0.550300 ms CreateObjectMapping: 0.241000 ms MarkObjects: 4.888400 ms  DeleteObjects: 1.758400 ms)

Prepare: number of updated asset objects reloaded= 0
========================================================================
Received Prepare
Begin MonoManager ReloadAssembly
- Loaded All Assemblies, in  0.896 seconds
Refreshing native plugins compatible for Editor in 1.68 ms, found 3 plugins.
Native extension for iOS target not found
Native extension for Android target not found
Native extension for WindowsStandalone target not found
[Package Manager] Failed to launch server process. Reason: Unity was launched with the -noUpm command-line argument
[Package Manager] Unable to send message (not connected to server process).
[Package Manager] Cannot connect to Unity Package Manager local server
Mono: successfully reloaded assembly
- Finished resetting the current domain, in  0.879 seconds
Domain Reload Profiling: 1771ms
	BeginReloadAssembly (234ms)
		ExecutionOrderSort (0ms)
		DisableScriptedObjects (7ms)
		BackupInstance (0ms)
		ReleaseScriptingObjects (0ms)
		CreateAndSetChildDomain (54ms)
	RebuildCommonClasses (41ms)
	RebuildNativeTypeToScriptingClass (14ms)
	initialDomainReloadingComplete (43ms)
	LoadAllAssembliesAndSetupDomain (560ms)
		LoadAssemblies (482ms)
		RebuildTransferFunctionScriptingTraits (0ms)
		AnalyzeDomain (196ms)
			TypeCache.Refresh (9ms)
				TypeCache.ScanAssembly (0ms)
			BuildScriptInfoCaches (176ms)
			ResolveRequiredComponents (6ms)
	FinalizeReload (879ms)
		ReleaseScriptCaches (0ms)
		RebuildScriptCaches (0ms)
		SetupLoadedEditorAssemblies (723ms)
			LogAssemblyErrors (0ms)
			InitializePlatformSupportModulesInManaged (21ms)
			SetLoadedEditorAssemblies (8ms)
			BeforeProcessingInitializeOnLoad (216ms)
			ProcessInitializeOnLoadAttributes (438ms)
			ProcessInitializeOnLoadMethodAttributes (30ms)
			AfterProcessingInitializeOnLoad (9ms)
			EditorAssembliesLoaded (0ms)
		ExecutionOrderSort2 (0ms)
		AwakeInstancesAfterBackupRestoration (6ms)
Refreshing native plugins compatible for Editor in 1.68 ms, found 3 plugins.
Preloading 0 native plugins for Editor in 0.00 ms.
Unloading 0 Unused Serialized files (Serialized files now loaded: 0)
Unloading 3951 unused Assets / (1.5 MB). Loaded Objects now: 4477.
Memory consumption went from 101.3 MB to 99.8 MB.
Total: 7.702900 ms (FindLiveObjects: 0.547100 ms CreateObjectMapping: 0.510800 ms MarkObjects: 4.661600 ms  DeleteObjects: 1.981000 ms)

Prepare: number of updated asset objects reloaded= 0
