Using pre-set license
Built from '6000.0/staging' branch; Version is '6000.0.60f1 (f02d6f9f9009) revision 15740271'; Using compiler version '193933523'; Build Type 'Release'
OS: 'Windows 11  (10.0.26200) 64bit Professional' Language: 'ru' Physical Memory: 32090 MB
BatchMode: 1, IsHumanControllingUs: 0, StartBugReporterOnCrash: 0, Is64bit: 1
Date: 2026-08-09T15:43:23Z

COMMAND LINE ARGUMENTS:
C:\Program Files\Unity\Hub\Editor\6000.0.60f1\Editor\Unity.exe
-adb2
-batchMode
-noUpm
-name
AssetImportWorker8
-projectPath
C:/Users/step2/Desktop/Walk to biome
-logFile
Logs/AssetImportWorker8.log
-srvPort
52701
-job-worker-count
5
-background-job-worker-count
8
-gc-helper-count
1
-name
AssetImport
Successfully changed project path to: C:/Users/step2/Desktop/Walk to biome
C:/Users/step2/Desktop/Walk to biome
[UnityMemory] Configuration Parameters - Can be set up in boot.config
    "memorysetup-bucket-allocator-granularity=16"
    "memorysetup-bucket-allocator-bucket-count=8"
    "memorysetup-bucket-allocator-block-size=33554432"
    "memorysetup-bucket-allocator-block-count=8"
    "memorysetup-main-allocator-block-size=16777216"
    "memorysetup-thread-allocator-block-size=16777216"
    "memorysetup-gfx-main-allocator-block-size=16777216"
    "memorysetup-gfx-thread-allocator-block-size=16777216"
    "memorysetup-cache-allocator-block-size=4194304"
    "memorysetup-typetree-allocator-block-size=2097152"
    "memorysetup-profiler-bucket-allocator-granularity=16"
    "memorysetup-profiler-bucket-allocator-bucket-count=8"
    "memorysetup-profiler-bucket-allocator-block-size=33554432"
    "memorysetup-profiler-bucket-allocator-block-count=8"
    "memorysetup-profiler-allocator-block-size=16777216"
    "memorysetup-profiler-editor-allocator-block-size=1048576"
    "memorysetup-temp-allocator-size-main=16777216"
    "memorysetup-job-temp-allocator-block-size=2097152"
    "memorysetup-job-temp-allocator-block-size-background=1048576"
    "memorysetup-job-temp-allocator-reduction-small-platforms=262144"
    "memorysetup-allocator-temp-initial-block-size-main=262144"
    "memorysetup-allocator-temp-initial-block-size-worker=262144"
    "memorysetup-temp-allocator-size-background-worker=32768"
    "memorysetup-temp-allocator-size-job-worker=262144"
    "memorysetup-temp-allocator-size-preload-manager=33554432"
    "memorysetup-temp-allocator-size-nav-mesh-worker=65536"
    "memorysetup-temp-allocator-size-audio-worker=65536"
    "memorysetup-temp-allocator-size-cloud-worker=32768"
    "memorysetup-temp-allocator-size-gi-baking-worker=262144"
    "memorysetup-temp-allocator-size-gi-baking-worker=262144"
    "memorysetup-temp-allocator-size-gi-baking-worker=262144"
    "memorysetup-temp-allocator-size-gi-baking-worker=262144"
    "memorysetup-temp-allocator-size-gi-baking-worker=262144"
    "memorysetup-temp-allocator-size-gfx=262144"
Player connection [19968]  Target information:

Player connection [19968]  * "[IP] 192.168.0.16 [Port] 0 [Flags] 2 [Guid] 1979396350 [EditorId] 1979396350 [Version] 1048832 [Id] WindowsEditor(7,step) [Debug] 1 [PackageName] WindowsEditor [ProjectName] Editor" 

Player connection [19968]  * "[IP] 26.183.195.198 [Port] 0 [Flags] 2 [Guid] 1979396350 [EditorId] 1979396350 [Version] 1048832 [Id] WindowsEditor(7,step) [Debug] 1 [PackageName] WindowsEditor [ProjectName] Editor" 

Player connection [19968]  * "[IP] 198.18.0.1 [Port] 0 [Flags] 2 [Guid] 1979396350 [EditorId] 1979396350 [Version] 1048832 [Id] WindowsEditor(7,step) [Debug] 1 [PackageName] WindowsEditor [ProjectName] Editor" 

Player connection [19968] Host joined multi-casting on [225.0.0.222:54997]...
Player connection [19968] Host joined alternative multi-casting on [225.0.0.222:34997]...
JobSystem: Creating JobQueue using job-worker-count value 5
Input System module state changed to: Initialized.
[Physics::Module] Initialized fallback backend.
[Physics::Module] Id: 0xdecafbad
Library Redirect Path: Library/
[Physics::Module] Selected backend.
[Physics::Module] Name: PhysX
[Physics::Module] Id: 0xf2b8ea05
[Physics::Module] SDK Version: 4.1.2
[Physics::Module] Integration Version: 1.0.0
[Physics::Module] Threading Mode: Multi-Threaded
Refreshing native plugins compatible for Editor in 2.35 ms, found 3 plugins.
Preloading 0 native plugins for Editor in 0.00 ms.
Initialize engine version: 6000.0.60f1 (f02d6f9f9009)
[Subsystems] Discovering subsystems at path C:/Program Files/Unity/Hub/Editor/6000.0.60f1/Editor/Data/Resources/UnitySubsystems
[Subsystems] Discovering subsystems at path C:/Users/step2/Desktop/Walk to biome/Assets
GfxDevice: creating device client; kGfxThreadingModeNonThreaded
Direct3D:
    Version:  Direct3D 11.0 [level 11.1]
    Renderer: NVIDIA GeForce GTX 1650 (ID=0x1f9d)
    Vendor:   NVIDIA
    VRAM:     3935 MB
    Driver:   32.0.16.1062
Initialize mono
Mono path[0] = 'C:/Program Files/Unity/Hub/Editor/6000.0.60f1/Editor/Data/Managed'
Mono path[1] = 'C:/Program Files/Unity/Hub/Editor/6000.0.60f1/Editor/Data/MonoBleedingEdge/lib/mono/unityjit-win32'
Mono config path = 'C:/Program Files/Unity/Hub/Editor/6000.0.60f1/Editor/Data/MonoBleedingEdge/etc'
Using monoOptions --debugger-agent=transport=dt_socket,embedding=1,server=y,suspend=n,address=127.0.0.1:56472
Begin MonoManager ReloadAssembly
Registering precompiled unity dll's ...
Register platform support module: C:/Program Files/Unity/Hub/Editor/6000.0.60f1/Editor/Data/PlaybackEngines/WindowsStandaloneSupport/UnityEditor.WindowsStandalone.Extensions.dll
Register platform support module: C:/Program Files/Unity/Hub/Editor/6000.0.60f1/Editor/Data/PlaybackEngines/AndroidPlayer/UnityEditor.Android.Extensions.dll
Register platform support module: C:/Program Files/Unity/Hub/Editor/6000.0.60f1/Editor/Data/PlaybackEngines/iOSSupport/UnityEditor.iOS.Extensions.dll
Registered in 0.007407 seconds.
- Loaded All Assemblies, in  0.542 seconds
[usbmuxd] Start listen thread
[usbmuxd] Listen thread started
[usbmuxd] Send listen message
Native extension for iOS target not found
Native extension for Android target not found
Android Extension - Scanning For ADB Devices 311 ms
Native extension for WindowsStandalone target not found
Mono: successfully reloaded assembly
- Finished resetting the current domain, in  0.825 seconds
Domain Reload Profiling: 1364ms
	BeginReloadAssembly (152ms)
		ExecutionOrderSort (0ms)
		DisableScriptedObjects (0ms)
		BackupInstance (0ms)
		ReleaseScriptingObjects (0ms)
		CreateAndSetChildDomain (1ms)
	RebuildCommonClasses (45ms)
	RebuildNativeTypeToScriptingClass (14ms)
	initialDomainReloadingComplete (67ms)
	LoadAllAssembliesAndSetupDomain (258ms)
		LoadAssemblies (149ms)
		RebuildTransferFunctionScriptingTraits (0ms)
		AnalyzeDomain (253ms)
			TypeCache.Refresh (252ms)
				TypeCache.ScanAssembly (236ms)
			BuildScriptInfoCaches (0ms)
			ResolveRequiredComponents (1ms)
	FinalizeReload (826ms)
		ReleaseScriptCaches (0ms)
		RebuildScriptCaches (0ms)
		SetupLoadedEditorAssemblies (772ms)
			LogAssemblyErrors (0ms)
			InitializePlatformSupportModulesInManaged (430ms)
			SetLoadedEditorAssemblies (6ms)
			BeforeProcessingInitializeOnLoad (87ms)
			ProcessInitializeOnLoadAttributes (172ms)
			ProcessInitializeOnLoadMethodAttributes (77ms)
			AfterProcessingInitializeOnLoad (0ms)
			EditorAssembliesLoaded (1ms)
		ExecutionOrderSort2 (0ms)
		AwakeInstancesAfterBackupRestoration (0ms)
========================================================================
Worker process is ready to serve import requests
Import Worker Mode flag is 0x00
Begin MonoManager ReloadAssembly
- Loaded All Assemblies, in  0.933 seconds
Refreshing native plugins compatible for Editor in 1.49 ms, found 3 plugins.
Native extension for iOS target not found
Native extension for Android target not found
Native extension for WindowsStandalone target not found
Package Manager log level set to [2]
[Package Manager] Failed to launch server process. Reason: Unity was launched with the -noUpm command-line argument
[Package Manager] Unable to send message (not connected to server process).
[Package Manager] Cannot connect to Unity Package Manager local server
Mono: successfully reloaded assembly
- Finished resetting the current domain, in  0.829 seconds
Domain Reload Profiling: 1755ms
	BeginReloadAssembly (210ms)
		ExecutionOrderSort (0ms)
		DisableScriptedObjects (8ms)
		BackupInstance (0ms)
		ReleaseScriptingObjects (0ms)
		CreateAndSetChildDomain (35ms)
	RebuildCommonClasses (46ms)
	RebuildNativeTypeToScriptingClass (14ms)
	initialDomainReloadingComplete (54ms)
	LoadAllAssembliesAndSetupDomain (602ms)
		LoadAssemblies (470ms)
		RebuildTransferFunctionScriptingTraits (0ms)
		AnalyzeDomain (250ms)
			TypeCache.Refresh (206ms)
				TypeCache.ScanAssembly (187ms)
			BuildScriptInfoCaches (34ms)
			ResolveRequiredComponents (5ms)
	FinalizeReload (829ms)
		ReleaseScriptCaches (0ms)
		RebuildScriptCaches (0ms)
		SetupLoadedEditorAssemblies (702ms)
			LogAssemblyErrors (0ms)
			InitializePlatformSupportModulesInManaged (20ms)
			SetLoadedEditorAssemblies (7ms)
			BeforeProcessingInitializeOnLoad (195ms)
			ProcessInitializeOnLoadAttributes (440ms)
			ProcessInitializeOnLoadMethodAttributes (32ms)
			AfterProcessingInitializeOnLoad (8ms)
			EditorAssembliesLoaded (0ms)
		ExecutionOrderSort2 (0ms)
		AwakeInstancesAfterBackupRestoration (7ms)
Launched and connected shader compiler UnityShaderCompiler.exe after 0.01 seconds
Refreshing native plugins compatible for Editor in 1.55 ms, found 3 plugins.
Preloading 0 native plugins for Editor in 0.00 ms.
Unloading 0 Unused Serialized files (Serialized files now loaded: 0)
Unloading 3951 unused Assets / (0.7 MB). Loaded Objects now: 4460.
Memory consumption went from 95.2 MB to 94.5 MB.
Total: 7.098800 ms (FindLiveObjects: 0.530000 ms CreateObjectMapping: 0.322200 ms MarkObjects: 4.921400 ms  DeleteObjects: 1.323200 ms)

========================================================================
Received Import Request.
  Time since last request: 206986.882931 seconds.
  path: Assets/images/item_icons/coal_img.png
  artifactKey: Guid(c1120a68983625b4fa48ce8cd1776495) Importer(815301076,1909f56bfc062723c751e8b465ee728b)
Start importing Assets/images/item_icons/coal_img.png using Guid(c1120a68983625b4fa48ce8cd1776495) Importer(815301076,1909f56bfc062723c751e8b465ee728b) (PreviewImporter) -> (artifact id: '09091a61dd11cb4d9918ef308b339b38') in 0.0671448 seconds
Number of updated asset objects reloaded before import = 0Number of asset objects unloaded after import = 2

========================================================================
Received Import Request.
  Time since last request: 0.798328 seconds.
  path: Assets/images/item_icons/coal_img.png
  artifactKey: Guid(c1120a68983625b4fa48ce8cd1776495) Importer(2089858483,192608db42251d675da83286b1cce702)
Start importing Assets/images/item_icons/coal_img.png using Guid(c1120a68983625b4fa48ce8cd1776495) Importer(2089858483,192608db42251d675da83286b1cce702) (ScriptedImporter) -> (artifact id: 'b51dcc1b729c6a1b186b3302f471d28b') in 0.1713029 seconds
Number of updated asset objects reloaded before import = 0Number of asset objects unloaded after import = 1

========================================================================
Received Import Request.
  Time since last request: 11.248579 seconds.
  path: Assets/images/item_icons/cooper_ingot_img.png
  artifactKey: Guid(84b0c48e566dff448bfcb86ea21c507a) Importer(815301076,1909f56bfc062723c751e8b465ee728b)
Start importing Assets/images/item_icons/cooper_ingot_img.png using Guid(84b0c48e566dff448bfcb86ea21c507a) Importer(815301076,1909f56bfc062723c751e8b465ee728b) (PreviewImporter) -> (artifact id: '4731cb0c5720323fea14f5c863f951fb') in 0.0093113 seconds
Number of updated asset objects reloaded before import = 0Number of asset objects unloaded after import = 2

========================================================================
Received Import Request.
  Time since last request: 0.881989 seconds.
  path: Assets/images/item_icons/cooper_ingot_img.png
  artifactKey: Guid(84b0c48e566dff448bfcb86ea21c507a) Importer(2089858483,192608db42251d675da83286b1cce702)
Start importing Assets/images/item_icons/cooper_ingot_img.png using Guid(84b0c48e566dff448bfcb86ea21c507a) Importer(2089858483,192608db42251d675da83286b1cce702) (ScriptedImporter) -> (artifact id: '2f8770c304ee007d692136220d8ebee6') in 0.0327047 seconds
Number of updated asset objects reloaded before import = 0Number of asset objects unloaded after import = 1

========================================================================
Received Import Request.
  Time since last request: 6.319939 seconds.
  path: Assets/images/item_icons/cooper_ore_img.png
  artifactKey: Guid(3631e7ecbf214f04bb32a479cb951f74) Importer(815301076,1909f56bfc062723c751e8b465ee728b)
Start importing Assets/images/item_icons/cooper_ore_img.png using Guid(3631e7ecbf214f04bb32a479cb951f74) Importer(815301076,1909f56bfc062723c751e8b465ee728b) (PreviewImporter) -> (artifact id: '85f33a70cbe628990ef62a89726e11f5') in 0.0089014 seconds
Number of updated asset objects reloaded before import = 0Number of asset objects unloaded after import = 2

========================================================================
Received Import Request.
  Time since last request: 0.885453 seconds.
  path: Assets/images/item_icons/cooper_ore_img.png
  artifactKey: Guid(3631e7ecbf214f04bb32a479cb951f74) Importer(2089858483,192608db42251d675da83286b1cce702)
Start importing Assets/images/item_icons/cooper_ore_img.png using Guid(3631e7ecbf214f04bb32a479cb951f74) Importer(2089858483,192608db42251d675da83286b1cce702) (ScriptedImporter) -> (artifact id: '4eac3a4fab7dcb965cd477d251863c81') in 0.0342468 seconds
Number of updated asset objects reloaded before import = 0Number of asset objects unloaded after import = 1

========================================================================
Received Import Request.
  Time since last request: 12.060303 seconds.
  path: Assets/images/item_icons/iron_ingot_img.png
  artifactKey: Guid(ac9d1855d84ec944ba49d4f1fe66d32f) Importer(815301076,1909f56bfc062723c751e8b465ee728b)
Start importing Assets/images/item_icons/iron_ingot_img.png using Guid(ac9d1855d84ec944ba49d4f1fe66d32f) Importer(815301076,1909f56bfc062723c751e8b465ee728b) (PreviewImporter) -> (artifact id: 'd32899ccfa1cc68b04e8a08350e72d4d') in 0.009136 seconds
Number of updated asset objects reloaded before import = 0Number of asset objects unloaded after import = 2

========================================================================
Received Import Request.
  Time since last request: 0.880465 seconds.
  path: Assets/images/item_icons/iron_ingot_img.png
  artifactKey: Guid(ac9d1855d84ec944ba49d4f1fe66d32f) Importer(2089858483,192608db42251d675da83286b1cce702)
Start importing Assets/images/item_icons/iron_ingot_img.png using Guid(ac9d1855d84ec944ba49d4f1fe66d32f) Importer(2089858483,192608db42251d675da83286b1cce702) (ScriptedImporter) -> (artifact id: '68a6da197b3655022fab5c0b763c9506') in 0.0326893 seconds
Number of updated asset objects reloaded before import = 0Number of asset objects unloaded after import = 1

========================================================================
Received Import Request.
  Time since last request: 6.728156 seconds.
  path: Assets/images/item_icons/iron_ore_img.png
  artifactKey: Guid(24825636ce7a7ba43a2b869cc7dc5f29) Importer(815301076,1909f56bfc062723c751e8b465ee728b)
Start importing Assets/images/item_icons/iron_ore_img.png using Guid(24825636ce7a7ba43a2b869cc7dc5f29) Importer(815301076,1909f56bfc062723c751e8b465ee728b) (PreviewImporter) -> (artifact id: '2f38ea3bb20e5c3a1744e14ccf696b80') in 0.0084057 seconds
Number of updated asset objects reloaded before import = 0Number of asset objects unloaded after import = 2

========================================================================
Received Import Request.
  Time since last request: 0.882546 seconds.
  path: Assets/images/item_icons/iron_ore_img.png
  artifactKey: Guid(24825636ce7a7ba43a2b869cc7dc5f29) Importer(2089858483,192608db42251d675da83286b1cce702)
Start importing Assets/images/item_icons/iron_ore_img.png using Guid(24825636ce7a7ba43a2b869cc7dc5f29) Importer(2089858483,192608db42251d675da83286b1cce702) (ScriptedImporter) -> (artifact id: '15b677e1c8000650ad38311c0ef46f7a') in 0.0343829 seconds
Number of updated asset objects reloaded before import = 0Number of asset objects unloaded after import = 1

========================================================================
Received Import Request.
  Time since last request: 4.450596 seconds.
  path: Assets/images/item_icons/logs_img.png
  artifactKey: Guid(5aa65dd9c5fb83f40beb81170229d16f) Importer(815301076,1909f56bfc062723c751e8b465ee728b)
Start importing Assets/images/item_icons/logs_img.png using Guid(5aa65dd9c5fb83f40beb81170229d16f) Importer(815301076,1909f56bfc062723c751e8b465ee728b) (PreviewImporter) -> (artifact id: 'a25511f6cff16422d7c0881adb5812c3') in 0.0083707 seconds
Number of updated asset objects reloaded before import = 0Number of asset objects unloaded after import = 2

========================================================================
Received Import Request.
  Time since last request: 0.881434 seconds.
  path: Assets/images/item_icons/logs_img.png
  artifactKey: Guid(5aa65dd9c5fb83f40beb81170229d16f) Importer(2089858483,192608db42251d675da83286b1cce702)
Start importing Assets/images/item_icons/logs_img.png using Guid(5aa65dd9c5fb83f40beb81170229d16f) Importer(2089858483,192608db42251d675da83286b1cce702) (ScriptedImporter) -> (artifact id: 'd1a92902447fd0f46cb9a65cdc66c01a') in 0.0340327 seconds
Number of updated asset objects reloaded before import = 0Number of asset objects unloaded after import = 1

========================================================================
Received Import Request.
  Time since last request: 7.676043 seconds.
  path: Assets/images/item_icons/plank_img.png
  artifactKey: Guid(b320da272737b8940bd9b758a114e512) Importer(815301076,1909f56bfc062723c751e8b465ee728b)
Start importing Assets/images/item_icons/plank_img.png using Guid(b320da272737b8940bd9b758a114e512) Importer(815301076,1909f56bfc062723c751e8b465ee728b) (PreviewImporter) -> (artifact id: '24107779d611ba1bba2df8884e52551f') in 0.0088163 seconds
Number of updated asset objects reloaded before import = 0Number of asset objects unloaded after import = 2

========================================================================
Received Import Request.
  Time since last request: 0.877340 seconds.
  path: Assets/images/item_icons/plank_img.png
  artifactKey: Guid(b320da272737b8940bd9b758a114e512) Importer(2089858483,192608db42251d675da83286b1cce702)
Start importing Assets/images/item_icons/plank_img.png using Guid(b320da272737b8940bd9b758a114e512) Importer(2089858483,192608db42251d675da83286b1cce702) (ScriptedImporter) -> (artifact id: '873f30e678bea25043e68ef2574c02c2') in 0.0317425 seconds
Number of updated asset objects reloaded before import = 0Number of asset objects unloaded after import = 1

========================================================================
Received Import Request.
  Time since last request: 4.695819 seconds.
  path: Assets/images/item_icons/stone_img.png
  artifactKey: Guid(90c4627191833a649a4c940a181574ef) Importer(815301076,1909f56bfc062723c751e8b465ee728b)
Start importing Assets/images/item_icons/stone_img.png using Guid(90c4627191833a649a4c940a181574ef) Importer(815301076,1909f56bfc062723c751e8b465ee728b) (PreviewImporter) -> (artifact id: '2ae2642df68b55bc1e9df5b84b0f7d58') in 0.0097618 seconds
Number of updated asset objects reloaded before import = 0Number of asset objects unloaded after import = 2

========================================================================
Received Import Request.
  Time since last request: 0.888205 seconds.
  path: Assets/images/item_icons/stone_img.png
  artifactKey: Guid(90c4627191833a649a4c940a181574ef) Importer(2089858483,192608db42251d675da83286b1cce702)
Start importing Assets/images/item_icons/stone_img.png using Guid(90c4627191833a649a4c940a181574ef) Importer(2089858483,192608db42251d675da83286b1cce702) (ScriptedImporter) -> (artifact id: '612e00b0a54407ee74861b1c9fa30354') in 0.0311579 seconds
Number of updated asset objects reloaded before import = 0Number of asset objects unloaded after import = 1

========================================================================
Received Import Request.
  Time since last request: 29.513331 seconds.
  path: Assets/images/item_icons/cooper_ingot_img.png
  artifactKey: Guid(84b0c48e566dff448bfcb86ea21c507a) Importer(815301076,1909f56bfc062723c751e8b465ee728b)
Start importing Assets/images/item_icons/cooper_ingot_img.png using Guid(84b0c48e566dff448bfcb86ea21c507a) Importer(815301076,1909f56bfc062723c751e8b465ee728b) (PreviewImporter) -> (artifact id: '89dcc581085a23eac4fbcaa344f05afc') in 0.0214841 seconds
Number of updated asset objects reloaded before import = 0Number of asset objects unloaded after import = 2

========================================================================
Received Import Request.
  Time since last request: 0.072952 seconds.
  path: Assets/images/item_icons/coal_img.png
  artifactKey: Guid(c1120a68983625b4fa48ce8cd1776495) Importer(815301076,1909f56bfc062723c751e8b465ee728b)
Start importing Assets/images/item_icons/coal_img.png using Guid(c1120a68983625b4fa48ce8cd1776495) Importer(815301076,1909f56bfc062723c751e8b465ee728b) (PreviewImporter) -> (artifact id: '448b9f81feebda4c58144e1e71907b6b') in 0.0239937 seconds
Number of updated asset objects reloaded before import = 0Number of asset objects unloaded after import = 2

========================================================================
Received Import Request.
  Time since last request: 0.000039 seconds.
  path: Assets/images/item_icons/logs_img.png
  artifactKey: Guid(5aa65dd9c5fb83f40beb81170229d16f) Importer(815301076,1909f56bfc062723c751e8b465ee728b)
Start importing Assets/images/item_icons/logs_img.png using Guid(5aa65dd9c5fb83f40beb81170229d16f) Importer(815301076,1909f56bfc062723c751e8b465ee728b) (PreviewImporter) -> (artifact id: 'a86714d143e288cc23a58d5422255964') in 0.0253784 seconds
Number of updated asset objects reloaded before import = 0Number of asset objects unloaded after import = 2

========================================================================
Received Import Request.
  Time since last request: 0.000098 seconds.
  path: Assets/images/item_icons/stone_img.png
  artifactKey: Guid(90c4627191833a649a4c940a181574ef) Importer(815301076,1909f56bfc062723c751e8b465ee728b)
Start importing Assets/images/item_icons/stone_img.png using Guid(90c4627191833a649a4c940a181574ef) Importer(815301076,1909f56bfc062723c751e8b465ee728b) (PreviewImporter) -> (artifact id: '69717b06154b08bf16583f6f720b85c2') in 0.0284868 seconds
Number of updated asset objects reloaded before import = 0Number of asset objects unloaded after import = 2

========================================================================
Received Import Request.
  Time since last request: 4.802339 seconds.
  path: Assets/images/item_icons/cooper_ingot_img.png
  artifactKey: Guid(84b0c48e566dff448bfcb86ea21c507a) Importer(815301076,1909f56bfc062723c751e8b465ee728b)
Start importing Assets/images/item_icons/cooper_ingot_img.png using Guid(84b0c48e566dff448bfcb86ea21c507a) Importer(815301076,1909f56bfc062723c751e8b465ee728b) (PreviewImporter) -> (artifact id: 'fe58bbd1d19880f5fb95354870a285b4') in 0.008807 seconds
Number of updated asset objects reloaded before import = 0Number of asset objects unloaded after import = 2

========================================================================
Received Import Request.
  Time since last request: 0.091808 seconds.
  path: Assets/images/item_icons/coal_img.png
  artifactKey: Guid(c1120a68983625b4fa48ce8cd1776495) Importer(815301076,1909f56bfc062723c751e8b465ee728b)
Start importing Assets/images/item_icons/coal_img.png using Guid(c1120a68983625b4fa48ce8cd1776495) Importer(815301076,1909f56bfc062723c751e8b465ee728b) (PreviewImporter) -> (artifact id: '4e5d06ef60ff6ad3c020ed8caa452444') in 0.0120567 seconds
Number of updated asset objects reloaded before import = 0Number of asset objects unloaded after import = 2

========================================================================
Received Import Request.
  Time since last request: 0.000038 seconds.
  path: Assets/images/item_icons/logs_img.png
  artifactKey: Guid(5aa65dd9c5fb83f40beb81170229d16f) Importer(815301076,1909f56bfc062723c751e8b465ee728b)
Start importing Assets/images/item_icons/logs_img.png using Guid(5aa65dd9c5fb83f40beb81170229d16f) Importer(815301076,1909f56bfc062723c751e8b465ee728b) (PreviewImporter) -> (artifact id: '420c7498071250196d6e84a6f305ade9') in 0.0119436 seconds
Number of updated asset objects reloaded before import = 0Number of asset objects unloaded after import = 2

========================================================================
Received Import Request.
  Time since last request: 0.000052 seconds.
  path: Assets/images/item_icons/stone_img.png
  artifactKey: Guid(90c4627191833a649a4c940a181574ef) Importer(815301076,1909f56bfc062723c751e8b465ee728b)
Start importing Assets/images/item_icons/stone_img.png using Guid(90c4627191833a649a4c940a181574ef) Importer(815301076,1909f56bfc062723c751e8b465ee728b) (PreviewImporter) -> (artifact id: '721ebf150d7d402f976d44dfebc294ea') in 0.0213736 seconds
Number of updated asset objects reloaded before import = 0Number of asset objects unloaded after import = 2

========================================================================
Received Import Request.
  Time since last request: 4.441284 seconds.
  path: Assets/images/item_icons/cooper_ingot_img.png
  artifactKey: Guid(84b0c48e566dff448bfcb86ea21c507a) Importer(815301076,1909f56bfc062723c751e8b465ee728b)
Start importing Assets/images/item_icons/cooper_ingot_img.png using Guid(84b0c48e566dff448bfcb86ea21c507a) Importer(815301076,1909f56bfc062723c751e8b465ee728b) (PreviewImporter) -> (artifact id: '6eedb4da789cf80ff814f428ef39c57b') in 0.0812301 seconds
Number of updated asset objects reloaded before import = 0Number of asset objects unloaded after import = 3

========================================================================
Received Import Request.
  Time since last request: 0.201081 seconds.
  path: Assets/images/item_icons/coal_img.png
  artifactKey: Guid(c1120a68983625b4fa48ce8cd1776495) Importer(815301076,1909f56bfc062723c751e8b465ee728b)
Start importing Assets/images/item_icons/coal_img.png using Guid(c1120a68983625b4fa48ce8cd1776495) Importer(815301076,1909f56bfc062723c751e8b465ee728b) (PreviewImporter) -> (artifact id: 'be20e33fcef6c162c20ab25f93d63db0') in 0.0270987 seconds
Number of updated asset objects reloaded before import = 0Number of asset objects unloaded after import = 3

========================================================================
Received Import Request.
  Time since last request: 0.000067 seconds.
  path: Assets/images/item_icons/logs_img.png
  artifactKey: Guid(5aa65dd9c5fb83f40beb81170229d16f) Importer(815301076,1909f56bfc062723c751e8b465ee728b)
Start importing Assets/images/item_icons/logs_img.png using Guid(5aa65dd9c5fb83f40beb81170229d16f) Importer(815301076,1909f56bfc062723c751e8b465ee728b) (PreviewImporter) -> (artifact id: '8e809b1227d05fd1784da093e58d0551') in 0.0355044 seconds
Number of updated asset objects reloaded before import = 0Number of asset objects unloaded after import = 3

========================================================================
Received Import Request.
  Time since last request: 0.000051 seconds.
  path: Assets/images/item_icons/iron_ore_img.png
  artifactKey: Guid(24825636ce7a7ba43a2b869cc7dc5f29) Importer(815301076,1909f56bfc062723c751e8b465ee728b)
Start importing Assets/images/item_icons/iron_ore_img.png using Guid(24825636ce7a7ba43a2b869cc7dc5f29) Importer(815301076,1909f56bfc062723c751e8b465ee728b) (PreviewImporter) -> (artifact id: 'fba744a65acedf14a189df1935ee9ff3') in 0.0276033 seconds
Number of updated asset objects reloaded before import = 0Number of asset objects unloaded after import = 3

========================================================================
Received Import Request.
  Time since last request: 42.220974 seconds.
  path: Assets/ScriptableObjects/recipes/IronIngotRecipe 1.asset
  artifactKey: Guid(f151608f38544b9469cdd3fb90000d9f) Importer(815301076,1909f56bfc062723c751e8b465ee728b)
Start importing Assets/ScriptableObjects/recipes/IronIngotRecipe 1.asset using Guid(f151608f38544b9469cdd3fb90000d9f) Importer(815301076,1909f56bfc062723c751e8b465ee728b) (PreviewImporter) -> (artifact id: '6699c60fad22874a4c35234f95f44ec3') in 0.0090532 seconds
Number of updated asset objects reloaded before import = 0Number of asset objects unloaded after import = 45

========================================================================
Received Import Request.
  Time since last request: 0.915745 seconds.
  path: Assets/ScriptableObjects/items/iron ore.asset
  artifactKey: Guid(21443c75f9e56ce45becb60f505bf5b9) Importer(2089858483,192608db42251d675da83286b1cce702)
Start importing Assets/ScriptableObjects/items/iron ore.asset using Guid(21443c75f9e56ce45becb60f505bf5b9) Importer(2089858483,192608db42251d675da83286b1cce702) (ScriptedImporter) -> (artifact id: 'bf5193f65e7a820b8029c8a4bd3ac555') in 0.0514837 seconds
Number of updated asset objects reloaded before import = 0Number of asset objects unloaded after import = 35

========================================================================
Received Import Request.
  Time since last request: 0.000036 seconds.
  path: Assets/ScriptableObjects/recipes/IronIngotRecipe 1.asset
  artifactKey: Guid(f151608f38544b9469cdd3fb90000d9f) Importer(2089858483,192608db42251d675da83286b1cce702)
Start importing Assets/ScriptableObjects/recipes/IronIngotRecipe 1.asset using Guid(f151608f38544b9469cdd3fb90000d9f) Importer(2089858483,192608db42251d675da83286b1cce702) (ScriptedImporter) -> (artifact id: '57fc61d12017d942b9472d54145a012d') in 0.0356123 seconds
Number of updated asset objects reloaded before import = 0Number of asset objects unloaded after import = 45

========================================================================
Received Import Request.
  Time since last request: 0.000042 seconds.
  path: Assets/ScriptableObjects/items/Iron Ingot.asset
  artifactKey: Guid(725d7895721123d41a73f359454d1d9c) Importer(2089858483,192608db42251d675da83286b1cce702)
Start importing Assets/ScriptableObjects/items/Iron Ingot.asset using Guid(725d7895721123d41a73f359454d1d9c) Importer(2089858483,192608db42251d675da83286b1cce702) (ScriptedImporter) -> (artifact id: 'e40a3841099884161d6faefcd2193337') in 0.0235694 seconds
Number of updated asset objects reloaded before import = 0Number of asset objects unloaded after import = 9

========================================================================
Received Import Request.
  Time since last request: 7.398926 seconds.
  path: Assets/ScriptableObjects/recipes/plankRecipe 1.asset
  artifactKey: Guid(f151608f38544b9469cdd3fb90000d9f) Importer(815301076,1909f56bfc062723c751e8b465ee728b)
Start importing Assets/ScriptableObjects/recipes/plankRecipe 1.asset using Guid(f151608f38544b9469cdd3fb90000d9f) Importer(815301076,1909f56bfc062723c751e8b465ee728b) (PreviewImporter) -> (artifact id: 'd982822e9835f88b53db89f727bb5431') in 0.0040489 seconds
Number of updated asset objects reloaded before import = 0Number of asset objects unloaded after import = 45

========================================================================
Received Import Request.
  Time since last request: 0.952650 seconds.
  path: Assets/ScriptableObjects/recipes/plankRecipe 1.asset
  artifactKey: Guid(f151608f38544b9469cdd3fb90000d9f) Importer(2089858483,192608db42251d675da83286b1cce702)
Start importing Assets/ScriptableObjects/recipes/plankRecipe 1.asset using Guid(f151608f38544b9469cdd3fb90000d9f) Importer(2089858483,192608db42251d675da83286b1cce702) (ScriptedImporter) -> (artifact id: 'ab70702881db7734e298633aa65980aa') in 0.0233212 seconds
Number of updated asset objects reloaded before import = 0Number of asset objects unloaded after import = 45

========================================================================
Received Import Request.
  Time since last request: 35.005822 seconds.
  path: Assets/ScriptableObjects/items/coal ore.asset
  artifactKey: Guid(140c74c92837782438a56add0c025c4d) Importer(815301076,1909f56bfc062723c751e8b465ee728b)
Start importing Assets/ScriptableObjects/items/coal ore.asset using Guid(140c74c92837782438a56add0c025c4d) Importer(815301076,1909f56bfc062723c751e8b465ee728b) (PreviewImporter) -> (artifact id: '72c1436be64611388e8e3e14b42503a2') in 0.0032691 seconds
Number of updated asset objects reloaded before import = 0Number of asset objects unloaded after import = 35

========================================================================
Received Import Request.
  Time since last request: 0.000028 seconds.
  path: Assets/ScriptableObjects/items/Iron Ingot.asset
  artifactKey: Guid(725d7895721123d41a73f359454d1d9c) Importer(815301076,1909f56bfc062723c751e8b465ee728b)
Start importing Assets/ScriptableObjects/items/Iron Ingot.asset using Guid(725d7895721123d41a73f359454d1d9c) Importer(815301076,1909f56bfc062723c751e8b465ee728b) (PreviewImporter) -> (artifact id: '04466bf37fd1b32f432ff083febf17fd') in 0.0028924 seconds
Number of updated asset objects reloaded before import = 0Number of asset objects unloaded after import = 9

========================================================================
Received Import Request.
  Time since last request: 0.000024 seconds.
  path: Assets/ScriptableObjects/items/stone.asset
  artifactKey: Guid(e7230629525cd7949b7de909c563bd03) Importer(815301076,1909f56bfc062723c751e8b465ee728b)
Start importing Assets/ScriptableObjects/items/stone.asset using Guid(e7230629525cd7949b7de909c563bd03) Importer(815301076,1909f56bfc062723c751e8b465ee728b) (PreviewImporter) -> (artifact id: '40d11bab7e85cb67e4561af2f62d8d1f') in 0.003515 seconds
Number of updated asset objects reloaded before import = 0Number of asset objects unloaded after import = 35

========================================================================
Received Import Request.
  Time since last request: 73.264587 seconds.
  path: Assets/ScriptableObjects/Builders/Extractor.asset
  artifactKey: Guid(cf0cda2cb8d44854581c3c885d2752dc) Importer(815301076,1909f56bfc062723c751e8b465ee728b)
Start importing Assets/ScriptableObjects/Builders/Extractor.asset using Guid(cf0cda2cb8d44854581c3c885d2752dc) Importer(815301076,1909f56bfc062723c751e8b465ee728b) (PreviewImporter) -> (artifact id: 'e27b3ee4001b8a99962ddbfb27d1854f') in 0.0069576 seconds
Number of updated asset objects reloaded before import = 0Number of asset objects unloaded after import = 84

========================================================================
Received Import Request.
  Time since last request: 13.886910 seconds.
  path: Assets/ScriptableObjects/Builders/Extractor.asset
  artifactKey: Guid(cf0cda2cb8d44854581c3c885d2752dc) Importer(815301076,1909f56bfc062723c751e8b465ee728b)
Start importing Assets/ScriptableObjects/Builders/Extractor.asset using Guid(cf0cda2cb8d44854581c3c885d2752dc) Importer(815301076,1909f56bfc062723c751e8b465ee728b) (PreviewImporter) -> (artifact id: '50a31b7446f9415edb1240de19227e27') in 0.0053804 seconds
Number of updated asset objects reloaded before import = 0Number of asset objects unloaded after import = 84

========================================================================
Received Import Request.
  Time since last request: 0.988580 seconds.
  path: Assets/ScriptableObjects/Builders/Extractor.asset
  artifactKey: Guid(cf0cda2cb8d44854581c3c885d2752dc) Importer(2089858483,192608db42251d675da83286b1cce702)
Start importing Assets/ScriptableObjects/Builders/Extractor.asset using Guid(cf0cda2cb8d44854581c3c885d2752dc) Importer(2089858483,192608db42251d675da83286b1cce702) (ScriptedImporter) -> (artifact id: 'f7f3c7f0d1f0ca8d8108713d73fb787f') in 0.0270056 seconds
Number of updated asset objects reloaded before import = 0Number of asset objects unloaded after import = 84

========================================================================
Received Import Request.
  Time since last request: 49.706247 seconds.
  path: Assets/models/items/Materials/Материал.mat
  artifactKey: Guid(66522da475305bf4f95375bab6ff3641) Importer(815301076,1909f56bfc062723c751e8b465ee728b)
Start importing Assets/models/items/Materials/Материал.mat using Guid(66522da475305bf4f95375bab6ff3641) Importer(815301076,1909f56bfc062723c751e8b465ee728b) (PreviewImporter) -> (artifact id: '2d48090c020814a8c4fb6d8b0e40d681') in 0.0631159 seconds
Number of updated asset objects reloaded before import = 0Number of asset objects unloaded after import = 1

========================================================================
Received Import Request.
  Time since last request: 1.150741 seconds.
  path: Assets/BlenderSave/iron_ingot.blend
  artifactKey: Guid(370782819b593154585a9b6752739ebf) Importer(815301076,1909f56bfc062723c751e8b465ee728b)
Start importing Assets/BlenderSave/iron_ingot.blend using Guid(370782819b593154585a9b6752739ebf) Importer(815301076,1909f56bfc062723c751e8b465ee728b) (PreviewImporter) -> (artifact id: '145e0ecd8c3decec2ec8ba620db27083') in 0.0595173 seconds
Number of updated asset objects reloaded before import = 0Number of asset objects unloaded after import = 8

========================================================================
Received Import Request.
  Time since last request: 0.179190 seconds.
  path: Assets/BlenderSave/planksblend.blend
  artifactKey: Guid(01c479d74116a594c8ee47a166795143) Importer(815301076,1909f56bfc062723c751e8b465ee728b)
Start importing Assets/BlenderSave/planksblend.blend using Guid(01c479d74116a594c8ee47a166795143) Importer(815301076,1909f56bfc062723c751e8b465ee728b) (PreviewImporter) -> (artifact id: 'c15e6a80350176fbde3d7d4e8c0b8995') in 0.0345686 seconds
Number of updated asset objects reloaded before import = 0Number of asset objects unloaded after import = 8

========================================================================
Received Prepare
Refreshing native plugins compatible for Editor in 1.82 ms, found 3 plugins.
Preloading 0 native plugins for Editor in 0.00 ms.
Unloading 0 Unused Serialized files (Serialized files now loaded: 0)
Unloading 3942 unused Assets / (1.0 MB). Loaded Objects now: 4519.
Memory consumption went from 100.0 MB to 98.9 MB.
Total: 9.277500 ms (FindLiveObjects: 0.661400 ms CreateObjectMapping: 0.669800 ms MarkObjects: 6.405900 ms  DeleteObjects: 1.538400 ms)

Prepare: number of updated asset objects reloaded= 0
========================================================================
Received Import Request.
  Time since last request: 95.608081 seconds.
  path: Assets/Script/Core/Systems/BuildGridVisualizer.cs
  artifactKey: Guid(4b64dd011d862d349b0c1174d27cbb94) Importer(2089858483,192608db42251d675da83286b1cce702)
Start importing Assets/Script/Core/Systems/BuildGridVisualizer.cs using Guid(4b64dd011d862d349b0c1174d27cbb94) Importer(2089858483,192608db42251d675da83286b1cce702) (ScriptedImporter) -> (artifact id: '375bcde370cf1212a31477ce95b03b54') in 0.0264324 seconds
Number of updated asset objects reloaded before import = 0Number of asset objects unloaded after import = 0

========================================================================
Received Prepare
Begin MonoManager ReloadAssembly
- Loaded All Assemblies, in  0.934 seconds
Refreshing native plugins compatible for Editor in 1.47 ms, found 3 plugins.
Native extension for iOS target not found
Native extension for Android target not found
Native extension for WindowsStandalone target not found
[Package Manager] Failed to launch server process. Reason: Unity was launched with the -noUpm command-line argument
[Package Manager] Unable to send message (not connected to server process).
[Package Manager] Cannot connect to Unity Package Manager local server
Mono: successfully reloaded assembly
- Finished resetting the current domain, in  0.841 seconds
Domain Reload Profiling: 1770ms
	BeginReloadAssembly (255ms)
		ExecutionOrderSort (0ms)
		DisableScriptedObjects (9ms)
		BackupInstance (0ms)
		ReleaseScriptingObjects (0ms)
		CreateAndSetChildDomain (62ms)
	RebuildCommonClasses (53ms)
	RebuildNativeTypeToScriptingClass (17ms)
	initialDomainReloadingComplete (42ms)
	LoadAllAssembliesAndSetupDomain (562ms)
		LoadAssemblies (491ms)
		RebuildTransferFunctionScriptingTraits (0ms)
		AnalyzeDomain (196ms)
			TypeCache.Refresh (10ms)
				TypeCache.ScanAssembly (1ms)
			BuildScriptInfoCaches (176ms)
			ResolveRequiredComponents (6ms)
	FinalizeReload (841ms)
		ReleaseScriptCaches (0ms)
		RebuildScriptCaches (0ms)
		SetupLoadedEditorAssemblies (711ms)
			LogAssemblyErrors (0ms)
			InitializePlatformSupportModulesInManaged (19ms)
			SetLoadedEditorAssemblies (9ms)
			BeforeProcessingInitializeOnLoad (202ms)
			ProcessInitializeOnLoadAttributes (442ms)
			ProcessInitializeOnLoadMethodAttributes (29ms)
			AfterProcessingInitializeOnLoad (9ms)
			EditorAssembliesLoaded (0ms)
		ExecutionOrderSort2 (0ms)
		AwakeInstancesAfterBackupRestoration (7ms)
Refreshing native plugins compatible for Editor in 1.71 ms, found 3 plugins.
Preloading 0 native plugins for Editor in 0.00 ms.
Unloading 0 Unused Serialized files (Serialized files now loaded: 0)
Unloading 3949 unused Assets / (1.1 MB). Loaded Objects now: 4519.
Memory consumption went from 101.1 MB to 100.1 MB.
Total: 7.784200 ms (FindLiveObjects: 0.552500 ms CreateObjectMapping: 0.513800 ms MarkObjects: 5.106700 ms  DeleteObjects: 1.608900 ms)

Prepare: number of updated asset objects reloaded= 0
========================================================================
Received Prepare
Begin MonoManager ReloadAssembly
- Loaded All Assemblies, in  0.913 seconds
Refreshing native plugins compatible for Editor in 1.94 ms, found 3 plugins.
Native extension for iOS target not found
Native extension for Android target not found
Native extension for WindowsStandalone target not found
[Package Manager] Failed to launch server process. Reason: Unity was launched with the -noUpm command-line argument
[Package Manager] Unable to send message (not connected to server process).
[Package Manager] Cannot connect to Unity Package Manager local server
Mono: successfully reloaded assembly
- Finished resetting the current domain, in  0.929 seconds
Domain Reload Profiling: 1840ms
	BeginReloadAssembly (241ms)
		ExecutionOrderSort (0ms)
		DisableScriptedObjects (7ms)
		BackupInstance (0ms)
		ReleaseScriptingObjects (0ms)
		CreateAndSetChildDomain (55ms)
	RebuildCommonClasses (49ms)
	RebuildNativeTypeToScriptingClass (14ms)
	initialDomainReloadingComplete (42ms)
	LoadAllAssembliesAndSetupDomain (564ms)
		LoadAssemblies (464ms)
		RebuildTransferFunctionScriptingTraits (0ms)
		AnalyzeDomain (220ms)
			TypeCache.Refresh (8ms)
				TypeCache.ScanAssembly (0ms)
			BuildScriptInfoCaches (200ms)
			ResolveRequiredComponents (6ms)
	FinalizeReload (930ms)
		ReleaseScriptCaches (0ms)
		RebuildScriptCaches (0ms)
		SetupLoadedEditorAssemblies (777ms)
			LogAssemblyErrors (0ms)
			InitializePlatformSupportModulesInManaged (25ms)
			SetLoadedEditorAssemblies (8ms)
			BeforeProcessingInitializeOnLoad (219ms)
			ProcessInitializeOnLoadAttributes (484ms)
			ProcessInitializeOnLoadMethodAttributes (31ms)
			AfterProcessingInitializeOnLoad (11ms)
			EditorAssembliesLoaded (0ms)
		ExecutionOrderSort2 (0ms)
		AwakeInstancesAfterBackupRestoration (7ms)
Refreshing native plugins compatible for Editor in 2.23 ms, found 3 plugins.
Preloading 0 native plugins for Editor in 0.00 ms.
Unloading 0 Unused Serialized files (Serialized files now loaded: 0)
Unloading 3949 unused Assets / (0.9 MB). Loaded Objects now: 4519.
Memory consumption went from 101.1 MB to 100.2 MB.
Total: 6.798400 ms (FindLiveObjects: 0.553000 ms CreateObjectMapping: 0.571100 ms MarkObjects: 4.524700 ms  DeleteObjects: 1.147200 ms)

Prepare: number of updated asset objects reloaded= 0
========================================================================
Received Prepare
Begin MonoManager ReloadAssembly
- Loaded All Assemblies, in  0.881 seconds
Refreshing native plugins compatible for Editor in 1.56 ms, found 3 plugins.
Native extension for iOS target not found
Native extension for Android target not found
Native extension for WindowsStandalone target not found
[Package Manager] Failed to launch server process. Reason: Unity was launched with the -noUpm command-line argument
[Package Manager] Unable to send message (not connected to server process).
[Package Manager] Cannot connect to Unity Package Manager local server
Mono: successfully reloaded assembly
- Finished resetting the current domain, in  0.880 seconds
Domain Reload Profiling: 1757ms
	BeginReloadAssembly (232ms)
		ExecutionOrderSort (0ms)
		DisableScriptedObjects (7ms)
		BackupInstance (0ms)
		ReleaseScriptingObjects (0ms)
		CreateAndSetChildDomain (55ms)
	RebuildCommonClasses (42ms)
	RebuildNativeTypeToScriptingClass (14ms)
	initialDomainReloadingComplete (40ms)
	LoadAllAssembliesAndSetupDomain (548ms)
		LoadAssemblies (471ms)
		RebuildTransferFunctionScriptingTraits (0ms)
		AnalyzeDomain (192ms)
			TypeCache.Refresh (8ms)
				TypeCache.ScanAssembly (0ms)
			BuildScriptInfoCaches (175ms)
			ResolveRequiredComponents (5ms)
	FinalizeReload (880ms)
		ReleaseScriptCaches (0ms)
		RebuildScriptCaches (0ms)
		SetupLoadedEditorAssemblies (732ms)
			LogAssemblyErrors (0ms)
			InitializePlatformSupportModulesInManaged (22ms)
			SetLoadedEditorAssemblies (8ms)
			BeforeProcessingInitializeOnLoad (212ms)
			ProcessInitializeOnLoadAttributes (449ms)
			ProcessInitializeOnLoadMethodAttributes (31ms)
			AfterProcessingInitializeOnLoad (10ms)
			EditorAssembliesLoaded (0ms)
		ExecutionOrderSort2 (0ms)
		AwakeInstancesAfterBackupRestoration (8ms)
Refreshing native plugins compatible for Editor in 1.82 ms, found 3 plugins.
Preloading 0 native plugins for Editor in 0.00 ms.
Unloading 0 Unused Serialized files (Serialized files now loaded: 0)
Unloading 3949 unused Assets / (1.7 MB). Loaded Objects now: 4519.
Memory consumption went from 101.1 MB to 99.4 MB.
Total: 9.292900 ms (FindLiveObjects: 0.642000 ms CreateObjectMapping: 0.665600 ms MarkObjects: 5.513700 ms  DeleteObjects: 2.469600 ms)

Prepare: number of updated asset objects reloaded= 0
========================================================================
Received Prepare
Refreshing native plugins compatible for Editor in 1.57 ms, found 3 plugins.
Preloading 0 native plugins for Editor in 0.00 ms.
Unloading 0 Unused Serialized files (Serialized files now loaded: 0)
Unloading 3942 unused Assets / (1.2 MB). Loaded Objects now: 4519.
Memory consumption went from 101.3 MB to 100.1 MB.
Total: 8.012500 ms (FindLiveObjects: 0.526700 ms CreateObjectMapping: 0.231000 ms MarkObjects: 5.320700 ms  DeleteObjects: 1.931900 ms)

Prepare: number of updated asset objects reloaded= 0
========================================================================
Received Prepare
Begin MonoManager ReloadAssembly
- Loaded All Assemblies, in  1.207 seconds
Refreshing native plugins compatible for Editor in 2.40 ms, found 3 plugins.
Native extension for iOS target not found
Native extension for Android target not found
Native extension for WindowsStandalone target not found
[Package Manager] Failed to launch server process. Reason: Unity was launched with the -noUpm command-line argument
[Package Manager] Unable to send message (not connected to server process).
[Package Manager] Cannot connect to Unity Package Manager local server
Mono: successfully reloaded assembly
- Finished resetting the current domain, in  1.284 seconds
Domain Reload Profiling: 2487ms
	BeginReloadAssembly (338ms)
		ExecutionOrderSort (0ms)
		DisableScriptedObjects (12ms)
		BackupInstance (0ms)
		ReleaseScriptingObjects (0ms)
		CreateAndSetChildDomain (69ms)
	RebuildCommonClasses (68ms)
	RebuildNativeTypeToScriptingClass (18ms)
	initialDomainReloadingComplete (62ms)
	LoadAllAssembliesAndSetupDomain (715ms)
		LoadAssemblies (633ms)
		RebuildTransferFunctionScriptingTraits (0ms)
		AnalyzeDomain (266ms)
			TypeCache.Refresh (12ms)
				TypeCache.ScanAssembly (1ms)
			BuildScriptInfoCaches (240ms)
			ResolveRequiredComponents (8ms)
	FinalizeReload (1285ms)
		ReleaseScriptCaches (0ms)
		RebuildScriptCaches (0ms)
		SetupLoadedEditorAssemblies (1047ms)
			LogAssemblyErrors (0ms)
			InitializePlatformSupportModulesInManaged (47ms)
			SetLoadedEditorAssemblies (10ms)
			BeforeProcessingInitializeOnLoad (310ms)
			ProcessInitializeOnLoadAttributes (622ms)
			ProcessInitializeOnLoadMethodAttributes (46ms)
			AfterProcessingInitializeOnLoad (12ms)
			EditorAssembliesLoaded (0ms)
		ExecutionOrderSort2 (0ms)
		AwakeInstancesAfterBackupRestoration (11ms)
Refreshing native plugins compatible for Editor in 1.75 ms, found 3 plugins.
Preloading 0 native plugins for Editor in 0.00 ms.
Unloading 0 Unused Serialized files (Serialized files now loaded: 0)
Unloading 3949 unused Assets / (0.9 MB). Loaded Objects now: 4519.
Memory consumption went from 101.1 MB to 100.2 MB.
Total: 8.661000 ms (FindLiveObjects: 0.773200 ms CreateObjectMapping: 1.018000 ms MarkObjects: 5.496400 ms  DeleteObjects: 1.371500 ms)

Prepare: number of updated asset objects reloaded= 0
========================================================================
Received Import Request.
  Time since last request: 4779.830442 seconds.
  path: Assets/models/Builders/conveer.fbx
  artifactKey: Guid(d13c8b9ba76077441843da695bbd793f) Importer(815301076,1909f56bfc062723c751e8b465ee728b)
Start importing Assets/models/Builders/conveer.fbx using Guid(d13c8b9ba76077441843da695bbd793f) Importer(815301076,1909f56bfc062723c751e8b465ee728b) (PreviewImporter) -> (artifact id: '72e2bf1793c6439f6b9825c962b6f279') in 0.2080363 seconds
Number of updated asset objects reloaded before import = 0Number of asset objects unloaded after import = 18

========================================================================
Received Import Request.
  Time since last request: 1.112140 seconds.
  path: Assets/Script/Core/Player/PlayerBuilder.cs
  artifactKey: Guid(2757a79262583d340b780f8f4381acc1) Importer(2089858483,192608db42251d675da83286b1cce702)
Start importing Assets/Script/Core/Player/PlayerBuilder.cs using Guid(2757a79262583d340b780f8f4381acc1) Importer(2089858483,192608db42251d675da83286b1cce702) (ScriptedImporter) -> (artifact id: 'e89a91b564ebbc1daedfffa9f5ff3a20') in 0.1080807 seconds
Number of updated asset objects reloaded before import = 0Number of asset objects unloaded after import = 0

========================================================================
Received Import Request.
  Time since last request: 109.589139 seconds.
  path: Assets/models/Builders/conveer.fbx
  artifactKey: Guid(d13c8b9ba76077441843da695bbd793f) Importer(815301076,1909f56bfc062723c751e8b465ee728b)
Start importing Assets/models/Builders/conveer.fbx using Guid(d13c8b9ba76077441843da695bbd793f) Importer(815301076,1909f56bfc062723c751e8b465ee728b) (PreviewImporter) -> (artifact id: 'e921d3a5cc18b1a59d1bb578a979eb18') in 0.0494868 seconds
Number of updated asset objects reloaded before import = 0Number of asset objects unloaded after import = 10

========================================================================
Received Import Request.
  Time since last request: 0.845403 seconds.
  path: Assets/models/Builders/conveer.fbx
  artifactKey: Guid(d13c8b9ba76077441843da695bbd793f) Importer(2089858483,192608db42251d675da83286b1cce702)
Start importing Assets/models/Builders/conveer.fbx using Guid(d13c8b9ba76077441843da695bbd793f) Importer(2089858483,192608db42251d675da83286b1cce702) (ScriptedImporter) -> (artifact id: '9c75b681b690a2f6488b9f2ca4d7dde3') in 0.116324 seconds
Number of updated asset objects reloaded before import = 0Number of asset objects unloaded after import = 10

========================================================================
Received Import Request.
  Time since last request: 31.449223 seconds.
  path: Assets/models/Builders/conveer.fbx
  artifactKey: Guid(d13c8b9ba76077441843da695bbd793f) Importer(815301076,1909f56bfc062723c751e8b465ee728b)
Start importing Assets/models/Builders/conveer.fbx using Guid(d13c8b9ba76077441843da695bbd793f) Importer(815301076,1909f56bfc062723c751e8b465ee728b) (PreviewImporter) -> (artifact id: '65746285a413cbb06257df41010fadbb') in 0.0406697 seconds
Number of updated asset objects reloaded before import = 0Number of asset objects unloaded after import = 10

========================================================================
Received Import Request.
  Time since last request: 0.908978 seconds.
  path: Assets/models/Builders/conveer.fbx
  artifactKey: Guid(d13c8b9ba76077441843da695bbd793f) Importer(2089858483,192608db42251d675da83286b1cce702)
Start importing Assets/models/Builders/conveer.fbx using Guid(d13c8b9ba76077441843da695bbd793f) Importer(2089858483,192608db42251d675da83286b1cce702) (ScriptedImporter) -> (artifact id: 'e96c4cb346fc01176de2ebe440f9cbe2') in 0.0423546 seconds
Number of updated asset objects reloaded before import = 0Number of asset objects unloaded after import = 10

========================================================================
Received Import Request.
  Time since last request: 24.858034 seconds.
  path: Assets/models/Builders/conveer.fbx
  artifactKey: Guid(d13c8b9ba76077441843da695bbd793f) Importer(815301076,1909f56bfc062723c751e8b465ee728b)
Start importing Assets/models/Builders/conveer.fbx using Guid(d13c8b9ba76077441843da695bbd793f) Importer(815301076,1909f56bfc062723c751e8b465ee728b) (PreviewImporter) -> (artifact id: '1c9841885fdaa3894e011e40a8f6a153') in 0.0448113 seconds
Number of updated asset objects reloaded before import = 0Number of asset objects unloaded after import = 10

========================================================================
Received Import Request.
  Time since last request: 0.911022 seconds.
  path: Assets/models/Builders/conveer.fbx
  artifactKey: Guid(d13c8b9ba76077441843da695bbd793f) Importer(2089858483,192608db42251d675da83286b1cce702)
Start importing Assets/models/Builders/conveer.fbx using Guid(d13c8b9ba76077441843da695bbd793f) Importer(2089858483,192608db42251d675da83286b1cce702) (ScriptedImporter) -> (artifact id: 'b394dbe949d8065b443775c2137b12c4') in 0.0418638 seconds
Number of updated asset objects reloaded before import = 0Number of asset objects unloaded after import = 10

========================================================================
Received Import Request.
  Time since last request: 41.923756 seconds.
  path: Assets/models/Builders/conveer.fbx
  artifactKey: Guid(d13c8b9ba76077441843da695bbd793f) Importer(815301076,1909f56bfc062723c751e8b465ee728b)
Start importing Assets/models/Builders/conveer.fbx using Guid(d13c8b9ba76077441843da695bbd793f) Importer(815301076,1909f56bfc062723c751e8b465ee728b) (PreviewImporter) -> (artifact id: '919d1fc0b01717a4f1e1b9876dc6bb3b') in 0.0388376 seconds
Number of updated asset objects reloaded before import = 0Number of asset objects unloaded after import = 10

========================================================================
Received Import Request.
  Time since last request: 0.899209 seconds.
  path: Assets/models/Builders/conveer.fbx
  artifactKey: Guid(d13c8b9ba76077441843da695bbd793f) Importer(2089858483,192608db42251d675da83286b1cce702)
Start importing Assets/models/Builders/conveer.fbx using Guid(d13c8b9ba76077441843da695bbd793f) Importer(2089858483,192608db42251d675da83286b1cce702) (ScriptedImporter) -> (artifact id: '135a811936f9dfdd907ac916b9cf4130') in 0.0535918 seconds
Number of updated asset objects reloaded before import = 0Number of asset objects unloaded after import = 10

========================================================================
Received Import Request.
  Time since last request: 84.226881 seconds.
  path: Assets/models/Builders/conveer.fbx
  artifactKey: Guid(d13c8b9ba76077441843da695bbd793f) Importer(815301076,1909f56bfc062723c751e8b465ee728b)
Start importing Assets/models/Builders/conveer.fbx using Guid(d13c8b9ba76077441843da695bbd793f) Importer(815301076,1909f56bfc062723c751e8b465ee728b) (PreviewImporter) -> (artifact id: 'c6d40ca17e24ef766cc4502ed1679f62') in 0.0274722 seconds
Number of updated asset objects reloaded before import = 0Number of asset objects unloaded after import = 11

========================================================================
Received Import Request.
  Time since last request: 0.914817 seconds.
  path: Assets/models/Builders/Materials
  artifactKey: Guid(8c5abef6d5e09d94a959d483eb7a328f) Importer(2089858483,192608db42251d675da83286b1cce702)
Start importing Assets/models/Builders/Materials using Guid(8c5abef6d5e09d94a959d483eb7a328f) Importer(2089858483,192608db42251d675da83286b1cce702) (ScriptedImporter) -> (artifact id: '244347ac3ee21afe199fdad6ee8c8657') in 0.0176232 seconds
Number of updated asset objects reloaded before import = 0Number of asset objects unloaded after import = 1

========================================================================
Received Import Request.
  Time since last request: 0.000167 seconds.
  path: Assets/models/Builders/Materials/Material.mat
  artifactKey: Guid(dd554c8f2b0808f43a07ceffca9b3047) Importer(2089858483,192608db42251d675da83286b1cce702)
Start importing Assets/models/Builders/Materials/Material.mat using Guid(dd554c8f2b0808f43a07ceffca9b3047) Importer(2089858483,192608db42251d675da83286b1cce702) (ScriptedImporter) -> (artifact id: '047f298ad0590f34aec6a48f49c1f5cd') in 0.0274794 seconds
Number of updated asset objects reloaded before import = 0Number of asset objects unloaded after import = 1

========================================================================
Received Import Request.
  Time since last request: 24.692088 seconds.
  path: Assets/models/Builders/conveer.fbm
  artifactKey: Guid(66ca38eac29155644980bfb8076a5f96) Importer(815301076,1909f56bfc062723c751e8b465ee728b)
Start importing Assets/models/Builders/conveer.fbm using Guid(66ca38eac29155644980bfb8076a5f96) Importer(815301076,1909f56bfc062723c751e8b465ee728b) (PreviewImporter) -> (artifact id: '816186d9b863944cb3222e758b0bc844') in 0.0010515 seconds
Number of updated asset objects reloaded before import = 0Number of asset objects unloaded after import = 0

========================================================================
Received Import Request.
  Time since last request: 0.032336 seconds.
  path: Assets/models/Builders/conveer.fbm/Без имени.png
  artifactKey: Guid(fd1493ffaeba6fa4aafb746ec571325d) Importer(815301076,1909f56bfc062723c751e8b465ee728b)
Start importing Assets/models/Builders/conveer.fbm/Без имени.png using Guid(fd1493ffaeba6fa4aafb746ec571325d) Importer(815301076,1909f56bfc062723c751e8b465ee728b) (PreviewImporter) -> (artifact id: '00000000000000000000000000000000') in 0.0164646 seconds
Import Error Code:(4)
Message: Build asset version error: assets/models/builders/conveer.fbm/Без имени.png in SourceAssetDB has modification time of '2026-08-09T17:15:12.814552Z' while content on disk has modification time of '2026-08-09T17:15:13.0254231Z'
  ERROR: Build asset version error: assets/models/builders/conveer.fbm/Без имени.png in SourceAssetDB has modification time of '2026-08-09T17:15:12.814552Z' while content on disk has modification time of '2026-08-09T17:15:13.0254231Z'
Number of updated asset objects reloaded before import = 0Number of asset objects unloaded after import = 0

========================================================================
Received Import Request.
  Time since last request: 0.058085 seconds.
  path: Assets/models/Builders/conveer.fbm/Без имени.png
  artifactKey: Guid(fd1493ffaeba6fa4aafb746ec571325d) Importer(815301076,1909f56bfc062723c751e8b465ee728b)
Start importing Assets/models/Builders/conveer.fbm/Без имени.png using Guid(fd1493ffaeba6fa4aafb746ec571325d) Importer(815301076,1909f56bfc062723c751e8b465ee728b) (PreviewImporter) -> (artifact id: '00000000000000000000000000000000') in 0.0099921 seconds
Import Error Code:(4)
Message: Build asset version error: assets/models/builders/conveer.fbm/Без имени.png in SourceAssetDB has modification time of '2026-08-09T17:15:12.814552Z' while content on disk has modification time of '2026-08-09T17:15:13.0254231Z'
  ERROR: Build asset version error: assets/models/builders/conveer.fbm/Без имени.png in SourceAssetDB has modification time of '2026-08-09T17:15:12.814552Z' while content on disk has modification time of '2026-08-09T17:15:13.0254231Z'
Number of updated asset objects reloaded before import = 0Number of asset objects unloaded after import = 0

========================================================================
Received Import Request.
  Time since last request: 0.022483 seconds.
  path: Assets/models/Builders/conveer.fbm/Без имени.png
  artifactKey: Guid(fd1493ffaeba6fa4aafb746ec571325d) Importer(815301076,1909f56bfc062723c751e8b465ee728b)
Start importing Assets/models/Builders/conveer.fbm/Без имени.png using Guid(fd1493ffaeba6fa4aafb746ec571325d) Importer(815301076,1909f56bfc062723c751e8b465ee728b) (PreviewImporter) -> (artifact id: '00000000000000000000000000000000') in 0.0091193 seconds
Import Error Code:(4)
Message: Build asset version error: assets/models/builders/conveer.fbm/Без имени.png in SourceAssetDB has modification time of '2026-08-09T17:15:12.814552Z' while content on disk has modification time of '2026-08-09T17:15:13.0254231Z'
  ERROR: Build asset version error: assets/models/builders/conveer.fbm/Без имени.png in SourceAssetDB has modification time of '2026-08-09T17:15:12.814552Z' while content on disk has modification time of '2026-08-09T17:15:13.0254231Z'
Number of updated asset objects reloaded before import = 0Number of asset objects unloaded after import = 0

========================================================================
Received Import Request.
  Time since last request: 0.011878 seconds.
  path: Assets/models/Builders/conveer.fbm/Без имени.png
  artifactKey: Guid(fd1493ffaeba6fa4aafb746ec571325d) Importer(815301076,1909f56bfc062723c751e8b465ee728b)
Start importing Assets/models/Builders/conveer.fbm/Без имени.png using Guid(fd1493ffaeba6fa4aafb746ec571325d) Importer(815301076,1909f56bfc062723c751e8b465ee728b) (PreviewImporter) -> (artifact id: '00000000000000000000000000000000') in 0.0081409 seconds
Import Error Code:(4)
Message: Build asset version error: assets/models/builders/conveer.fbm/Без имени.png in SourceAssetDB has modification time of '2026-08-09T17:15:12.814552Z' while content on disk has modification time of '2026-08-09T17:15:13.0254231Z'
  ERROR: Build asset version error: assets/models/builders/conveer.fbm/Без имени.png in SourceAssetDB has modification time of '2026-08-09T17:15:12.814552Z' while content on disk has modification time of '2026-08-09T17:15:13.0254231Z'
Number of updated asset objects reloaded before import = 0Number of asset objects unloaded after import = 0

========================================================================
Received Import Request.
  Time since last request: 0.012438 seconds.
  path: Assets/models/Builders/conveer.fbm/Без имени.png
  artifactKey: Guid(fd1493ffaeba6fa4aafb746ec571325d) Importer(815301076,1909f56bfc062723c751e8b465ee728b)
Start importing Assets/models/Builders/conveer.fbm/Без имени.png using Guid(fd1493ffaeba6fa4aafb746ec571325d) Importer(815301076,1909f56bfc062723c751e8b465ee728b) (PreviewImporter) -> (artifact id: '00000000000000000000000000000000') in 0.0108941 seconds
Import Error Code:(4)
Message: Build asset version error: assets/models/builders/conveer.fbm/Без имени.png in SourceAssetDB has modification time of '2026-08-09T17:15:12.814552Z' while content on disk has modification time of '2026-08-09T17:15:13.0254231Z'
  ERROR: Build asset version error: assets/models/builders/conveer.fbm/Без имени.png in SourceAssetDB has modification time of '2026-08-09T17:15:12.814552Z' while content on disk has modification time of '2026-08-09T17:15:13.0254231Z'
Number of updated asset objects reloaded before import = 0Number of asset objects unloaded after import = 0

========================================================================
Received Import Request.
  Time since last request: 0.020915 seconds.
  path: Assets/models/Builders/conveer.fbm/Без имени.png
  artifactKey: Guid(fd1493ffaeba6fa4aafb746ec571325d) Importer(815301076,1909f56bfc062723c751e8b465ee728b)
Start importing Assets/models/Builders/conveer.fbm/Без имени.png using Guid(fd1493ffaeba6fa4aafb746ec571325d) Importer(815301076,1909f56bfc062723c751e8b465ee728b) (PreviewImporter) -> (artifact id: '00000000000000000000000000000000') in 0.0098826 seconds
Import Error Code:(4)
Message: Build asset version error: assets/models/builders/conveer.fbm/Без имени.png in SourceAssetDB has modification time of '2026-08-09T17:15:12.814552Z' while content on disk has modification time of '2026-08-09T17:15:13.0254231Z'
  ERROR: Build asset version error: assets/models/builders/conveer.fbm/Без имени.png in SourceAssetDB has modification time of '2026-08-09T17:15:12.814552Z' while content on disk has modification time of '2026-08-09T17:15:13.0254231Z'
Number of updated asset objects reloaded before import = 0Number of asset objects unloaded after import = 0

========================================================================
Received Import Request.
  Time since last request: 0.024466 seconds.
  path: Assets/models/Builders/conveer.fbm/Без имени.png
  artifactKey: Guid(fd1493ffaeba6fa4aafb746ec571325d) Importer(815301076,1909f56bfc062723c751e8b465ee728b)
Start importing Assets/models/Builders/conveer.fbm/Без имени.png using Guid(fd1493ffaeba6fa4aafb746ec571325d) Importer(815301076,1909f56bfc062723c751e8b465ee728b) (PreviewImporter) -> (artifact id: '00000000000000000000000000000000') in 0.0100182 seconds
Import Error Code:(4)
Message: Build asset version error: assets/models/builders/conveer.fbm/Без имени.png in SourceAssetDB has modification time of '2026-08-09T17:15:12.814552Z' while content on disk has modification time of '2026-08-09T17:15:13.0254231Z'
  ERROR: Build asset version error: assets/models/builders/conveer.fbm/Без имени.png in SourceAssetDB has modification time of '2026-08-09T17:15:12.814552Z' while content on disk has modification time of '2026-08-09T17:15:13.0254231Z'
Number of updated asset objects reloaded before import = 0Number of asset objects unloaded after import = 0

========================================================================
Received Import Request.
  Time since last request: 0.022018 seconds.
  path: Assets/models/Builders/conveer.fbm/Без имени.png
  artifactKey: Guid(fd1493ffaeba6fa4aafb746ec571325d) Importer(815301076,1909f56bfc062723c751e8b465ee728b)
Start importing Assets/models/Builders/conveer.fbm/Без имени.png using Guid(fd1493ffaeba6fa4aafb746ec571325d) Importer(815301076,1909f56bfc062723c751e8b465ee728b) (PreviewImporter) -> (artifact id: '00000000000000000000000000000000') in 0.0094286 seconds
Import Error Code:(4)
Message: Build asset version error: assets/models/builders/conveer.fbm/Без имени.png in SourceAssetDB has modification time of '2026-08-09T17:15:12.814552Z' while content on disk has modification time of '2026-08-09T17:15:13.0254231Z'
  ERROR: Build asset version error: assets/models/builders/conveer.fbm/Без имени.png in SourceAssetDB has modification time of '2026-08-09T17:15:12.814552Z' while content on disk has modification time of '2026-08-09T17:15:13.0254231Z'
Number of updated asset objects reloaded before import = 0Number of asset objects unloaded after import = 0

========================================================================
Received Import Request.
  Time since last request: 0.024565 seconds.
  path: Assets/models/Builders/conveer.fbm/Без имени.png
  artifactKey: Guid(fd1493ffaeba6fa4aafb746ec571325d) Importer(815301076,1909f56bfc062723c751e8b465ee728b)
Start importing Assets/models/Builders/conveer.fbm/Без имени.png using Guid(fd1493ffaeba6fa4aafb746ec571325d) Importer(815301076,1909f56bfc062723c751e8b465ee728b) (PreviewImporter) -> (artifact id: '00000000000000000000000000000000') in 0.0093101 seconds
Import Error Code:(4)
Message: Build asset version error: assets/models/builders/conveer.fbm/Без имени.png in SourceAssetDB has modification time of '2026-08-09T17:15:12.814552Z' while content on disk has modification time of '2026-08-09T17:15:13.0254231Z'
  ERROR: Build asset version error: assets/models/builders/conveer.fbm/Без имени.png in SourceAssetDB has modification time of '2026-08-09T17:15:12.814552Z' while content on disk has modification time of '2026-08-09T17:15:13.0254231Z'
Number of updated asset objects reloaded before import = 0Number of asset objects unloaded after import = 0

========================================================================
Received Import Request.
  Time since last request: 0.019162 seconds.
  path: Assets/models/Builders/conveer.fbm/Без имени.png
  artifactKey: Guid(fd1493ffaeba6fa4aafb746ec571325d) Importer(815301076,1909f56bfc062723c751e8b465ee728b)
Start importing Assets/models/Builders/conveer.fbm/Без имени.png using Guid(fd1493ffaeba6fa4aafb746ec571325d) Importer(815301076,1909f56bfc062723c751e8b465ee728b) (PreviewImporter) -> (artifact id: '00000000000000000000000000000000') in 0.0074208 seconds
Import Error Code:(4)
Message: Build asset version error: assets/models/builders/conveer.fbm/Без имени.png in SourceAssetDB has modification time of '2026-08-09T17:15:12.814552Z' while content on disk has modification time of '2026-08-09T17:15:13.0254231Z'
  ERROR: Build asset version error: assets/models/builders/conveer.fbm/Без имени.png in SourceAssetDB has modification time of '2026-08-09T17:15:12.814552Z' while content on disk has modification time of '2026-08-09T17:15:13.0254231Z'
Number of updated asset objects reloaded before import = 0Number of asset objects unloaded after import = 0

========================================================================
Received Import Request.
  Time since last request: 0.020976 seconds.
  path: Assets/models/Builders/conveer.fbm/Без имени.png
  artifactKey: Guid(fd1493ffaeba6fa4aafb746ec571325d) Importer(815301076,1909f56bfc062723c751e8b465ee728b)
Start importing Assets/models/Builders/conveer.fbm/Без имени.png using Guid(fd1493ffaeba6fa4aafb746ec571325d) Importer(815301076,1909f56bfc062723c751e8b465ee728b) (PreviewImporter) -> (artifact id: '00000000000000000000000000000000') in 0.0075975 seconds
Import Error Code:(4)
Message: Build asset version error: assets/models/builders/conveer.fbm/Без имени.png in SourceAssetDB has modification time of '2026-08-09T17:15:12.814552Z' while content on disk has modification time of '2026-08-09T17:15:13.0254231Z'
  ERROR: Build asset version error: assets/models/builders/conveer.fbm/Без имени.png in SourceAssetDB has modification time of '2026-08-09T17:15:12.814552Z' while content on disk has modification time of '2026-08-09T17:15:13.0254231Z'
Number of updated asset objects reloaded before import = 0Number of asset objects unloaded after import = 0

========================================================================
Received Import Request.
  Time since last request: 0.021137 seconds.
  path: Assets/models/Builders/conveer.fbm/Без имени.png
  artifactKey: Guid(fd1493ffaeba6fa4aafb746ec571325d) Importer(815301076,1909f56bfc062723c751e8b465ee728b)
Start importing Assets/models/Builders/conveer.fbm/Без имени.png using Guid(fd1493ffaeba6fa4aafb746ec571325d) Importer(815301076,1909f56bfc062723c751e8b465ee728b) (PreviewImporter) -> (artifact id: '00000000000000000000000000000000') in 0.0080498 seconds
Import Error Code:(4)
Message: Build asset version error: assets/models/builders/conveer.fbm/Без имени.png in SourceAssetDB has modification time of '2026-08-09T17:15:12.814552Z' while content on disk has modification time of '2026-08-09T17:15:13.0254231Z'
  ERROR: Build asset version error: assets/models/builders/conveer.fbm/Без имени.png in SourceAssetDB has modification time of '2026-08-09T17:15:12.814552Z' while content on disk has modification time of '2026-08-09T17:15:13.0254231Z'
Number of updated asset objects reloaded before import = 0Number of asset objects unloaded after import = 0

========================================================================
Received Import Request.
  Time since last request: 0.019690 seconds.
  path: Assets/models/Builders/conveer.fbm/Без имени.png
  artifactKey: Guid(fd1493ffaeba6fa4aafb746ec571325d) Importer(815301076,1909f56bfc062723c751e8b465ee728b)
Start importing Assets/models/Builders/conveer.fbm/Без имени.png using Guid(fd1493ffaeba6fa4aafb746ec571325d) Importer(815301076,1909f56bfc062723c751e8b465ee728b) (PreviewImporter) -> (artifact id: '00000000000000000000000000000000') in 0.0078307 seconds
Import Error Code:(4)
Message: Build asset version error: assets/models/builders/conveer.fbm/Без имени.png in SourceAssetDB has modification time of '2026-08-09T17:15:12.814552Z' while content on disk has modification time of '2026-08-09T17:15:13.0254231Z'
  ERROR: Build asset version error: assets/models/builders/conveer.fbm/Без имени.png in SourceAssetDB has modification time of '2026-08-09T17:15:12.814552Z' while content on disk has modification time of '2026-08-09T17:15:13.0254231Z'
Number of updated asset objects reloaded before import = 0Number of asset objects unloaded after import = 0

========================================================================
Received Import Request.
  Time since last request: 0.022147 seconds.
  path: Assets/models/Builders/conveer.fbm/Без имени.png
  artifactKey: Guid(fd1493ffaeba6fa4aafb746ec571325d) Importer(815301076,1909f56bfc062723c751e8b465ee728b)
Start importing Assets/models/Builders/conveer.fbm/Без имени.png using Guid(fd1493ffaeba6fa4aafb746ec571325d) Importer(815301076,1909f56bfc062723c751e8b465ee728b) (PreviewImporter) -> (artifact id: '00000000000000000000000000000000') in 0.0075567 seconds
Import Error Code:(4)
Message: Build asset version error: assets/models/builders/conveer.fbm/Без имени.png in SourceAssetDB has modification time of '2026-08-09T17:15:12.814552Z' while content on disk has modification time of '2026-08-09T17:15:13.0254231Z'
  ERROR: Build asset version error: assets/models/builders/conveer.fbm/Без имени.png in SourceAssetDB has modification time of '2026-08-09T17:15:12.814552Z' while content on disk has modification time of '2026-08-09T17:15:13.0254231Z'
Number of updated asset objects reloaded before import = 0Number of asset objects unloaded after import = 0

========================================================================
Received Import Request.
  Time since last request: 0.019129 seconds.
  path: Assets/models/Builders/conveer.fbm/Без имени.png
  artifactKey: Guid(fd1493ffaeba6fa4aafb746ec571325d) Importer(815301076,1909f56bfc062723c751e8b465ee728b)
Start importing Assets/models/Builders/conveer.fbm/Без имени.png using Guid(fd1493ffaeba6fa4aafb746ec571325d) Importer(815301076,1909f56bfc062723c751e8b465ee728b) (PreviewImporter) -> (artifact id: '00000000000000000000000000000000') in 0.0080983 seconds
Import Error Code:(4)
Message: Build asset version error: assets/models/builders/conveer.fbm/Без имени.png in SourceAssetDB has modification time of '2026-08-09T17:15:12.814552Z' while content on disk has modification time of '2026-08-09T17:15:13.0254231Z'
  ERROR: Build asset version error: assets/models/builders/conveer.fbm/Без имени.png in SourceAssetDB has modification time of '2026-08-09T17:15:12.814552Z' while content on disk has modification time of '2026-08-09T17:15:13.0254231Z'
Number of updated asset objects reloaded before import = 0Number of asset objects unloaded after import = 0

========================================================================
Received Import Request.
  Time since last request: 0.020900 seconds.
  path: Assets/models/Builders/conveer.fbm/Без имени.png
  artifactKey: Guid(fd1493ffaeba6fa4aafb746ec571325d) Importer(815301076,1909f56bfc062723c751e8b465ee728b)
Start importing Assets/models/Builders/conveer.fbm/Без имени.png using Guid(fd1493ffaeba6fa4aafb746ec571325d) Importer(815301076,1909f56bfc062723c751e8b465ee728b) (PreviewImporter) -> (artifact id: '00000000000000000000000000000000') in 0.0075799 seconds
Import Error Code:(4)
Message: Build asset version error: assets/models/builders/conveer.fbm/Без имени.png in SourceAssetDB has modification time of '2026-08-09T17:15:12.814552Z' while content on disk has modification time of '2026-08-09T17:15:13.0254231Z'
  ERROR: Build asset version error: assets/models/builders/conveer.fbm/Без имени.png in SourceAssetDB has modification time of '2026-08-09T17:15:12.814552Z' while content on disk has modification time of '2026-08-09T17:15:13.0254231Z'
Number of updated asset objects reloaded before import = 0Number of asset objects unloaded after import = 0

========================================================================
Received Import Request.
  Time since last request: 0.021990 seconds.
  path: Assets/models/Builders/conveer.fbm/Без имени.png
  artifactKey: Guid(fd1493ffaeba6fa4aafb746ec571325d) Importer(815301076,1909f56bfc062723c751e8b465ee728b)
Start importing Assets/models/Builders/conveer.fbm/Без имени.png using Guid(fd1493ffaeba6fa4aafb746ec571325d) Importer(815301076,1909f56bfc062723c751e8b465ee728b) (PreviewImporter) -> (artifact id: '00000000000000000000000000000000') in 0.0084757 seconds
Import Error Code:(4)
Message: Build asset version error: assets/models/builders/conveer.fbm/Без имени.png in SourceAssetDB has modification time of '2026-08-09T17:15:12.814552Z' while content on disk has modification time of '2026-08-09T17:15:13.0254231Z'
  ERROR: Build asset version error: assets/models/builders/conveer.fbm/Без имени.png in SourceAssetDB has modification time of '2026-08-09T17:15:12.814552Z' while content on disk has modification time of '2026-08-09T17:15:13.0254231Z'
Number of updated asset objects reloaded before import = 0Number of asset objects unloaded after import = 0

========================================================================
Received Import Request.
  Time since last request: 0.019817 seconds.
  path: Assets/models/Builders/conveer.fbm/Без имени.png
  artifactKey: Guid(fd1493ffaeba6fa4aafb746ec571325d) Importer(815301076,1909f56bfc062723c751e8b465ee728b)
Start importing Assets/models/Builders/conveer.fbm/Без имени.png using Guid(fd1493ffaeba6fa4aafb746ec571325d) Importer(815301076,1909f56bfc062723c751e8b465ee728b) (PreviewImporter) -> (artifact id: '00000000000000000000000000000000') in 0.0075016 seconds
Import Error Code:(4)
Message: Build asset version error: assets/models/builders/conveer.fbm/Без имени.png in SourceAssetDB has modification time of '2026-08-09T17:15:12.814552Z' while content on disk has modification time of '2026-08-09T17:15:13.0254231Z'
  ERROR: Build asset version error: assets/models/builders/conveer.fbm/Без имени.png in SourceAssetDB has modification time of '2026-08-09T17:15:12.814552Z' while content on disk has modification time of '2026-08-09T17:15:13.0254231Z'
Number of updated asset objects reloaded before import = 0Number of asset objects unloaded after import = 0

========================================================================
Received Import Request.
  Time since last request: 0.023057 seconds.
  path: Assets/models/Builders/conveer.fbm/Без имени.png
  artifactKey: Guid(fd1493ffaeba6fa4aafb746ec571325d) Importer(815301076,1909f56bfc062723c751e8b465ee728b)
Start importing Assets/models/Builders/conveer.fbm/Без имени.png using Guid(fd1493ffaeba6fa4aafb746ec571325d) Importer(815301076,1909f56bfc062723c751e8b465ee728b) (PreviewImporter) -> (artifact id: '00000000000000000000000000000000') in 0.0072285 seconds
Import Error Code:(4)
Message: Build asset version error: assets/models/builders/conveer.fbm/Без имени.png in SourceAssetDB has modification time of '2026-08-09T17:15:12.814552Z' while content on disk has modification time of '2026-08-09T17:15:13.0254231Z'
  ERROR: Build asset version error: assets/models/builders/conveer.fbm/Без имени.png in SourceAssetDB has modification time of '2026-08-09T17:15:12.814552Z' while content on disk has modification time of '2026-08-09T17:15:13.0254231Z'
Number of updated asset objects reloaded before import = 0Number of asset objects unloaded after import = 0

========================================================================
Received Import Request.
  Time since last request: 0.019596 seconds.
  path: Assets/models/Builders/conveer.fbm/Без имени.png
  artifactKey: Guid(fd1493ffaeba6fa4aafb746ec571325d) Importer(815301076,1909f56bfc062723c751e8b465ee728b)
Start importing Assets/models/Builders/conveer.fbm/Без имени.png using Guid(fd1493ffaeba6fa4aafb746ec571325d) Importer(815301076,1909f56bfc062723c751e8b465ee728b) (PreviewImporter) -> (artifact id: '00000000000000000000000000000000') in 0.0075914 seconds
Import Error Code:(4)
Message: Build asset version error: assets/models/builders/conveer.fbm/Без имени.png in SourceAssetDB has modification time of '2026-08-09T17:15:12.814552Z' while content on disk has modification time of '2026-08-09T17:15:13.0254231Z'
  ERROR: Build asset version error: assets/models/builders/conveer.fbm/Без имени.png in SourceAssetDB has modification time of '2026-08-09T17:15:12.814552Z' while content on disk has modification time of '2026-08-09T17:15:13.0254231Z'
Number of updated asset objects reloaded before import = 0Number of asset objects unloaded after import = 0

========================================================================
Received Import Request.
  Time since last request: 0.019588 seconds.
  path: Assets/models/Builders/conveer.fbm/Без имени.png
  artifactKey: Guid(fd1493ffaeba6fa4aafb746ec571325d) Importer(815301076,1909f56bfc062723c751e8b465ee728b)
Start importing Assets/models/Builders/conveer.fbm/Без имени.png using Guid(fd1493ffaeba6fa4aafb746ec571325d) Importer(815301076,1909f56bfc062723c751e8b465ee728b) (PreviewImporter) -> (artifact id: '00000000000000000000000000000000') in 0.0078843 seconds
Import Error Code:(4)
Message: Build asset version error: assets/models/builders/conveer.fbm/Без имени.png in SourceAssetDB has modification time of '2026-08-09T17:15:12.814552Z' while content on disk has modification time of '2026-08-09T17:15:13.0254231Z'
  ERROR: Build asset version error: assets/models/builders/conveer.fbm/Без имени.png in SourceAssetDB has modification time of '2026-08-09T17:15:12.814552Z' while content on disk has modification time of '2026-08-09T17:15:13.0254231Z'
Number of updated asset objects reloaded before import = 0Number of asset objects unloaded after import = 0

========================================================================
Received Import Request.
  Time since last request: 0.020065 seconds.
  path: Assets/models/Builders/conveer.fbm/Без имени.png
  artifactKey: Guid(fd1493ffaeba6fa4aafb746ec571325d) Importer(815301076,1909f56bfc062723c751e8b465ee728b)
Start importing Assets/models/Builders/conveer.fbm/Без имени.png using Guid(fd1493ffaeba6fa4aafb746ec571325d) Importer(815301076,1909f56bfc062723c751e8b465ee728b) (PreviewImporter) -> (artifact id: '00000000000000000000000000000000') in 0.0073671 seconds
Import Error Code:(4)
Message: Build asset version error: assets/models/builders/conveer.fbm/Без имени.png in SourceAssetDB has modification time of '2026-08-09T17:15:12.814552Z' while content on disk has modification time of '2026-08-09T17:15:13.0254231Z'
  ERROR: Build asset version error: assets/models/builders/conveer.fbm/Без имени.png in SourceAssetDB has modification time of '2026-08-09T17:15:12.814552Z' while content on disk has modification time of '2026-08-09T17:15:13.0254231Z'
Number of updated asset objects reloaded before import = 0Number of asset objects unloaded after import = 0

========================================================================
Received Import Request.
  Time since last request: 0.020937 seconds.
  path: Assets/models/Builders/conveer.fbm/Без имени.png
  artifactKey: Guid(fd1493ffaeba6fa4aafb746ec571325d) Importer(815301076,1909f56bfc062723c751e8b465ee728b)
Start importing Assets/models/Builders/conveer.fbm/Без имени.png using Guid(fd1493ffaeba6fa4aafb746ec571325d) Importer(815301076,1909f56bfc062723c751e8b465ee728b) (PreviewImporter) -> (artifact id: '00000000000000000000000000000000') in 0.0080496 seconds
Import Error Code:(4)
Message: Build asset version error: assets/models/builders/conveer.fbm/Без имени.png in SourceAssetDB has modification time of '2026-08-09T17:15:12.814552Z' while content on disk has modification time of '2026-08-09T17:15:13.0254231Z'
  ERROR: Build asset version error: assets/models/builders/conveer.fbm/Без имени.png in SourceAssetDB has modification time of '2026-08-09T17:15:12.814552Z' while content on disk has modification time of '2026-08-09T17:15:13.0254231Z'
Number of updated asset objects reloaded before import = 0Number of asset objects unloaded after import = 0

========================================================================
Received Import Request.
  Time since last request: 0.018020 seconds.
  path: Assets/models/Builders/conveer.fbm/Без имени.png
  artifactKey: Guid(fd1493ffaeba6fa4aafb746ec571325d) Importer(815301076,1909f56bfc062723c751e8b465ee728b)
Start importing Assets/models/Builders/conveer.fbm/Без имени.png using Guid(fd1493ffaeba6fa4aafb746ec571325d) Importer(815301076,1909f56bfc062723c751e8b465ee728b) (PreviewImporter) -> (artifact id: '00000000000000000000000000000000') in 0.008844 seconds
Import Error Code:(4)
Message: Build asset version error: assets/models/builders/conveer.fbm/Без имени.png in SourceAssetDB has modification time of '2026-08-09T17:15:12.814552Z' while content on disk has modification time of '2026-08-09T17:15:13.0254231Z'
  ERROR: Build asset version error: assets/models/builders/conveer.fbm/Без имени.png in SourceAssetDB has modification time of '2026-08-09T17:15:12.814552Z' while content on disk has modification time of '2026-08-09T17:15:13.0254231Z'
Number of updated asset objects reloaded before import = 0Number of asset objects unloaded after import = 0

========================================================================
Received Import Request.
  Time since last request: 0.019724 seconds.
  path: Assets/models/Builders/conveer.fbm/Без имени.png
  artifactKey: Guid(fd1493ffaeba6fa4aafb746ec571325d) Importer(815301076,1909f56bfc062723c751e8b465ee728b)
Start importing Assets/models/Builders/conveer.fbm/Без имени.png using Guid(fd1493ffaeba6fa4aafb746ec571325d) Importer(815301076,1909f56bfc062723c751e8b465ee728b) (PreviewImporter) -> (artifact id: '00000000000000000000000000000000') in 0.0080506 seconds
Import Error Code:(4)
Message: Build asset version error: assets/models/builders/conveer.fbm/Без имени.png in SourceAssetDB has modification time of '2026-08-09T17:15:12.814552Z' while content on disk has modification time of '2026-08-09T17:15:13.0254231Z'
  ERROR: Build asset version error: assets/models/builders/conveer.fbm/Без имени.png in SourceAssetDB has modification time of '2026-08-09T17:15:12.814552Z' while content on disk has modification time of '2026-08-09T17:15:13.0254231Z'
Number of updated asset objects reloaded before import = 0Number of asset objects unloaded after import = 0

========================================================================
Received Import Request.
  Time since last request: 0.018146 seconds.
  path: Assets/models/Builders/conveer.fbm/Без имени.png
  artifactKey: Guid(fd1493ffaeba6fa4aafb746ec571325d) Importer(815301076,1909f56bfc062723c751e8b465ee728b)
Start importing Assets/models/Builders/conveer.fbm/Без имени.png using Guid(fd1493ffaeba6fa4aafb746ec571325d) Importer(815301076,1909f56bfc062723c751e8b465ee728b) (PreviewImporter) -> (artifact id: '00000000000000000000000000000000') in 0.0070656 seconds
Import Error Code:(4)
Message: Build asset version error: assets/models/builders/conveer.fbm/Без имени.png in SourceAssetDB has modification time of '2026-08-09T17:15:12.814552Z' while content on disk has modification time of '2026-08-09T17:15:13.0254231Z'
  ERROR: Build asset version error: assets/models/builders/conveer.fbm/Без имени.png in SourceAssetDB has modification time of '2026-08-09T17:15:12.814552Z' while content on disk has modification time of '2026-08-09T17:15:13.0254231Z'
Number of updated asset objects reloaded before import = 0Number of asset objects unloaded after import = 0

========================================================================
Received Import Request.
  Time since last request: 0.022026 seconds.
  path: Assets/models/Builders/conveer.fbm/Без имени.png
  artifactKey: Guid(fd1493ffaeba6fa4aafb746ec571325d) Importer(815301076,1909f56bfc062723c751e8b465ee728b)
Start importing Assets/models/Builders/conveer.fbm/Без имени.png using Guid(fd1493ffaeba6fa4aafb746ec571325d) Importer(815301076,1909f56bfc062723c751e8b465ee728b) (PreviewImporter) -> (artifact id: '00000000000000000000000000000000') in 0.0074117 seconds
Import Error Code:(4)
Message: Build asset version error: assets/models/builders/conveer.fbm/Без имени.png in SourceAssetDB has modification time of '2026-08-09T17:15:12.814552Z' while content on disk has modification time of '2026-08-09T17:15:13.0254231Z'
  ERROR: Build asset version error: assets/models/builders/conveer.fbm/Без имени.png in SourceAssetDB has modification time of '2026-08-09T17:15:12.814552Z' while content on disk has modification time of '2026-08-09T17:15:13.0254231Z'
Number of updated asset objects reloaded before import = 0Number of asset objects unloaded after import = 0

========================================================================
Received Import Request.
  Time since last request: 0.018598 seconds.
  path: Assets/models/Builders/conveer.fbm/Без имени.png
  artifactKey: Guid(fd1493ffaeba6fa4aafb746ec571325d) Importer(815301076,1909f56bfc062723c751e8b465ee728b)
Start importing Assets/models/Builders/conveer.fbm/Без имени.png using Guid(fd1493ffaeba6fa4aafb746ec571325d) Importer(815301076,1909f56bfc062723c751e8b465ee728b) (PreviewImporter) -> (artifact id: '00000000000000000000000000000000') in 0.0073054 seconds
Import Error Code:(4)
Message: Build asset version error: assets/models/builders/conveer.fbm/Без имени.png in SourceAssetDB has modification time of '2026-08-09T17:15:12.814552Z' while content on disk has modification time of '2026-08-09T17:15:13.0254231Z'
  ERROR: Build asset version error: assets/models/builders/conveer.fbm/Без имени.png in SourceAssetDB has modification time of '2026-08-09T17:15:12.814552Z' while content on disk has modification time of '2026-08-09T17:15:13.0254231Z'
Number of updated asset objects reloaded before import = 0Number of asset objects unloaded after import = 0

========================================================================
Received Import Request.
  Time since last request: 0.021103 seconds.
  path: Assets/models/Builders/conveer.fbm/Без имени.png
  artifactKey: Guid(fd1493ffaeba6fa4aafb746ec571325d) Importer(815301076,1909f56bfc062723c751e8b465ee728b)
Start importing Assets/models/Builders/conveer.fbm/Без имени.png using Guid(fd1493ffaeba6fa4aafb746ec571325d) Importer(815301076,1909f56bfc062723c751e8b465ee728b) (PreviewImporter) -> (artifact id: '00000000000000000000000000000000') in 0.0089398 seconds
Import Error Code:(4)
Message: Build asset version error: assets/models/builders/conveer.fbm/Без имени.png in SourceAssetDB has modification time of '2026-08-09T17:15:12.814552Z' while content on disk has modification time of '2026-08-09T17:15:13.0254231Z'
  ERROR: Build asset version error: assets/models/builders/conveer.fbm/Без имени.png in SourceAssetDB has modification time of '2026-08-09T17:15:12.814552Z' while content on disk has modification time of '2026-08-09T17:15:13.0254231Z'
Number of updated asset objects reloaded before import = 0Number of asset objects unloaded after import = 0

========================================================================
Received Import Request.
  Time since last request: 0.018917 seconds.
  path: Assets/models/Builders/conveer.fbm/Без имени.png
  artifactKey: Guid(fd1493ffaeba6fa4aafb746ec571325d) Importer(815301076,1909f56bfc062723c751e8b465ee728b)
Start importing Assets/models/Builders/conveer.fbm/Без имени.png using Guid(fd1493ffaeba6fa4aafb746ec571325d) Importer(815301076,1909f56bfc062723c751e8b465ee728b) (PreviewImporter) -> (artifact id: '00000000000000000000000000000000') in 0.0087035 seconds
Import Error Code:(4)
Message: Build asset version error: assets/models/builders/conveer.fbm/Без имени.png in SourceAssetDB has modification time of '2026-08-09T17:15:12.814552Z' while content on disk has modification time of '2026-08-09T17:15:13.0254231Z'
  ERROR: Build asset version error: assets/models/builders/conveer.fbm/Без имени.png in SourceAssetDB has modification time of '2026-08-09T17:15:12.814552Z' while content on disk has modification time of '2026-08-09T17:15:13.0254231Z'
Number of updated asset objects reloaded before import = 0Number of asset objects unloaded after import = 0

========================================================================
Received Import Request.
  Time since last request: 0.019704 seconds.
  path: Assets/models/Builders/conveer.fbm/Без имени.png
  artifactKey: Guid(fd1493ffaeba6fa4aafb746ec571325d) Importer(815301076,1909f56bfc062723c751e8b465ee728b)
Start importing Assets/models/Builders/conveer.fbm/Без имени.png using Guid(fd1493ffaeba6fa4aafb746ec571325d) Importer(815301076,1909f56bfc062723c751e8b465ee728b) (PreviewImporter) -> (artifact id: '00000000000000000000000000000000') in 0.0075466 seconds
Import Error Code:(4)
Message: Build asset version error: assets/models/builders/conveer.fbm/Без имени.png in SourceAssetDB has modification time of '2026-08-09T17:15:12.814552Z' while content on disk has modification time of '2026-08-09T17:15:13.0254231Z'
  ERROR: Build asset version error: assets/models/builders/conveer.fbm/Без имени.png in SourceAssetDB has modification time of '2026-08-09T17:15:12.814552Z' while content on disk has modification time of '2026-08-09T17:15:13.0254231Z'
Number of updated asset objects reloaded before import = 0Number of asset objects unloaded after import = 0

========================================================================
Received Import Request.
  Time since last request: 0.019313 seconds.
  path: Assets/models/Builders/conveer.fbm/Без имени.png
  artifactKey: Guid(fd1493ffaeba6fa4aafb746ec571325d) Importer(815301076,1909f56bfc062723c751e8b465ee728b)
Start importing Assets/models/Builders/conveer.fbm/Без имени.png using Guid(fd1493ffaeba6fa4aafb746ec571325d) Importer(815301076,1909f56bfc062723c751e8b465ee728b) (PreviewImporter) -> (artifact id: '00000000000000000000000000000000') in 0.0080244 seconds
Import Error Code:(4)
Message: Build asset version error: assets/models/builders/conveer.fbm/Без имени.png in SourceAssetDB has modification time of '2026-08-09T17:15:12.814552Z' while content on disk has modification time of '2026-08-09T17:15:13.0254231Z'
  ERROR: Build asset version error: assets/models/builders/conveer.fbm/Без имени.png in SourceAssetDB has modification time of '2026-08-09T17:15:12.814552Z' while content on disk has modification time of '2026-08-09T17:15:13.0254231Z'
Number of updated asset objects reloaded before import = 0Number of asset objects unloaded after import = 0

========================================================================
Received Import Request.
  Time since last request: 0.019706 seconds.
  path: Assets/models/Builders/conveer.fbm/Без имени.png
  artifactKey: Guid(fd1493ffaeba6fa4aafb746ec571325d) Importer(815301076,1909f56bfc062723c751e8b465ee728b)
Start importing Assets/models/Builders/conveer.fbm/Без имени.png using Guid(fd1493ffaeba6fa4aafb746ec571325d) Importer(815301076,1909f56bfc062723c751e8b465ee728b) (PreviewImporter) -> (artifact id: '00000000000000000000000000000000') in 0.0067679 seconds
Import Error Code:(4)
Message: Build asset version error: assets/models/builders/conveer.fbm/Без имени.png in SourceAssetDB has modification time of '2026-08-09T17:15:12.814552Z' while content on disk has modification time of '2026-08-09T17:15:13.0254231Z'
  ERROR: Build asset version error: assets/models/builders/conveer.fbm/Без имени.png in SourceAssetDB has modification time of '2026-08-09T17:15:12.814552Z' while content on disk has modification time of '2026-08-09T17:15:13.0254231Z'
Number of updated asset objects reloaded before import = 0Number of asset objects unloaded after import = 0

========================================================================
Received Import Request.
  Time since last request: 0.020073 seconds.
  path: Assets/models/Builders/conveer.fbm/Без имени.png
  artifactKey: Guid(fd1493ffaeba6fa4aafb746ec571325d) Importer(815301076,1909f56bfc062723c751e8b465ee728b)
Start importing Assets/models/Builders/conveer.fbm/Без имени.png using Guid(fd1493ffaeba6fa4aafb746ec571325d) Importer(815301076,1909f56bfc062723c751e8b465ee728b) (PreviewImporter) -> (artifact id: '00000000000000000000000000000000') in 0.0077744 seconds
Import Error Code:(4)
Message: Build asset version error: assets/models/builders/conveer.fbm/Без имени.png in SourceAssetDB has modification time of '2026-08-09T17:15:12.814552Z' while content on disk has modification time of '2026-08-09T17:15:13.0254231Z'
  ERROR: Build asset version error: assets/models/builders/conveer.fbm/Без имени.png in SourceAssetDB has modification time of '2026-08-09T17:15:12.814552Z' while content on disk has modification time of '2026-08-09T17:15:13.0254231Z'
Number of updated asset objects reloaded before import = 0Number of asset objects unloaded after import = 0

========================================================================
Received Import Request.
  Time since last request: 0.019124 seconds.
  path: Assets/models/Builders/conveer.fbm/Без имени.png
  artifactKey: Guid(fd1493ffaeba6fa4aafb746ec571325d) Importer(815301076,1909f56bfc062723c751e8b465ee728b)
Start importing Assets/models/Builders/conveer.fbm/Без имени.png using Guid(fd1493ffaeba6fa4aafb746ec571325d) Importer(815301076,1909f56bfc062723c751e8b465ee728b) (PreviewImporter) -> (artifact id: '00000000000000000000000000000000') in 0.0077285 seconds
Import Error Code:(4)
Message: Build asset version error: assets/models/builders/conveer.fbm/Без имени.png in SourceAssetDB has modification time of '2026-08-09T17:15:12.814552Z' while content on disk has modification time of '2026-08-09T17:15:13.0254231Z'
  ERROR: Build asset version error: assets/models/builders/conveer.fbm/Без имени.png in SourceAssetDB has modification time of '2026-08-09T17:15:12.814552Z' while content on disk has modification time of '2026-08-09T17:15:13.0254231Z'
Number of updated asset objects reloaded before import = 0Number of asset objects unloaded after import = 0

========================================================================
Received Import Request.
  Time since last request: 0.020215 seconds.
  path: Assets/models/Builders/conveer.fbm/Без имени.png
  artifactKey: Guid(fd1493ffaeba6fa4aafb746ec571325d) Importer(815301076,1909f56bfc062723c751e8b465ee728b)
Start importing Assets/models/Builders/conveer.fbm/Без имени.png using Guid(fd1493ffaeba6fa4aafb746ec571325d) Importer(815301076,1909f56bfc062723c751e8b465ee728b) (PreviewImporter) -> (artifact id: '00000000000000000000000000000000') in 0.0077039 seconds
Import Error Code:(4)
Message: Build asset version error: assets/models/builders/conveer.fbm/Без имени.png in SourceAssetDB has modification time of '2026-08-09T17:15:12.814552Z' while content on disk has modification time of '2026-08-09T17:15:13.0254231Z'
  ERROR: Build asset version error: assets/models/builders/conveer.fbm/Без имени.png in SourceAssetDB has modification time of '2026-08-09T17:15:12.814552Z' while content on disk has modification time of '2026-08-09T17:15:13.0254231Z'
Number of updated asset objects reloaded before import = 0Number of asset objects unloaded after import = 0

========================================================================
Received Import Request.
  Time since last request: 0.018921 seconds.
  path: Assets/models/Builders/conveer.fbm/Без имени.png
  artifactKey: Guid(fd1493ffaeba6fa4aafb746ec571325d) Importer(815301076,1909f56bfc062723c751e8b465ee728b)
Start importing Assets/models/Builders/conveer.fbm/Без имени.png using Guid(fd1493ffaeba6fa4aafb746ec571325d) Importer(815301076,1909f56bfc062723c751e8b465ee728b) (PreviewImporter) -> (artifact id: '00000000000000000000000000000000') in 0.0087317 seconds
Import Error Code:(4)
Message: Build asset version error: assets/models/builders/conveer.fbm/Без имени.png in SourceAssetDB has modification time of '2026-08-09T17:15:12.814552Z' while content on disk has modification time of '2026-08-09T17:15:13.0254231Z'
  ERROR: Build asset version error: assets/models/builders/conveer.fbm/Без имени.png in SourceAssetDB has modification time of '2026-08-09T17:15:12.814552Z' while content on disk has modification time of '2026-08-09T17:15:13.0254231Z'
Number of updated asset objects reloaded before import = 0Number of asset objects unloaded after import = 0

========================================================================
Received Import Request.
  Time since last request: 0.005703 seconds.
  path: Assets/models/Builders/conveer.fbm/Без имени.png
  artifactKey: Guid(fd1493ffaeba6fa4aafb746ec571325d) Importer(815301076,1909f56bfc062723c751e8b465ee728b)
Start importing Assets/models/Builders/conveer.fbm/Без имени.png using Guid(fd1493ffaeba6fa4aafb746ec571325d) Importer(815301076,1909f56bfc062723c751e8b465ee728b) (PreviewImporter) -> (artifact id: '00000000000000000000000000000000') in 0.0082844 seconds
Import Error Code:(4)
Message: Build asset version error: assets/models/builders/conveer.fbm/Без имени.png in SourceAssetDB has modification time of '2026-08-09T17:15:12.814552Z' while content on disk has modification time of '2026-08-09T17:15:13.0254231Z'
  ERROR: Build asset version error: assets/models/builders/conveer.fbm/Без имени.png in SourceAssetDB has modification time of '2026-08-09T17:15:12.814552Z' while content on disk has modification time of '2026-08-09T17:15:13.0254231Z'
Number of updated asset objects reloaded before import = 0Number of asset objects unloaded after import = 0

========================================================================
Received Import Request.
  Time since last request: 0.012173 seconds.
  path: Assets/models/Builders/conveer.fbm/Без имени.png
  artifactKey: Guid(fd1493ffaeba6fa4aafb746ec571325d) Importer(815301076,1909f56bfc062723c751e8b465ee728b)
Start importing Assets/models/Builders/conveer.fbm/Без имени.png using Guid(fd1493ffaeba6fa4aafb746ec571325d) Importer(815301076,1909f56bfc062723c751e8b465ee728b) (PreviewImporter) -> (artifact id: '00000000000000000000000000000000') in 0.0069038 seconds
Import Error Code:(4)
Message: Build asset version error: assets/models/builders/conveer.fbm/Без имени.png in SourceAssetDB has modification time of '2026-08-09T17:15:12.814552Z' while content on disk has modification time of '2026-08-09T17:15:13.0254231Z'
  ERROR: Build asset version error: assets/models/builders/conveer.fbm/Без имени.png in SourceAssetDB has modification time of '2026-08-09T17:15:12.814552Z' while content on disk has modification time of '2026-08-09T17:15:13.0254231Z'
Number of updated asset objects reloaded before import = 0Number of asset objects unloaded after import = 0

========================================================================
Received Import Request.
  Time since last request: 0.020817 seconds.
  path: Assets/models/Builders/conveer.fbm/Без имени.png
  artifactKey: Guid(fd1493ffaeba6fa4aafb746ec571325d) Importer(815301076,1909f56bfc062723c751e8b465ee728b)
Start importing Assets/models/Builders/conveer.fbm/Без имени.png using Guid(fd1493ffaeba6fa4aafb746ec571325d) Importer(815301076,1909f56bfc062723c751e8b465ee728b) (PreviewImporter) -> (artifact id: '00000000000000000000000000000000') in 0.0071741 seconds
Import Error Code:(4)
Message: Build asset version error: assets/models/builders/conveer.fbm/Без имени.png in SourceAssetDB has modification time of '2026-08-09T17:15:12.814552Z' while content on disk has modification time of '2026-08-09T17:15:13.0254231Z'
  ERROR: Build asset version error: assets/models/builders/conveer.fbm/Без имени.png in SourceAssetDB has modification time of '2026-08-09T17:15:12.814552Z' while content on disk has modification time of '2026-08-09T17:15:13.0254231Z'
Number of updated asset objects reloaded before import = 0Number of asset objects unloaded after import = 0

========================================================================
Received Import Request.
  Time since last request: 0.017746 seconds.
  path: Assets/models/Builders/conveer.fbm/Без имени.png
  artifactKey: Guid(fd1493ffaeba6fa4aafb746ec571325d) Importer(815301076,1909f56bfc062723c751e8b465ee728b)
Start importing Assets/models/Builders/conveer.fbm/Без имени.png using Guid(fd1493ffaeba6fa4aafb746ec571325d) Importer(815301076,1909f56bfc062723c751e8b465ee728b) (PreviewImporter) -> (artifact id: '00000000000000000000000000000000') in 0.007154 seconds
Import Error Code:(4)
Message: Build asset version error: assets/models/builders/conveer.fbm/Без имени.png in SourceAssetDB has modification time of '2026-08-09T17:15:12.814552Z' while content on disk has modification time of '2026-08-09T17:15:13.0254231Z'
  ERROR: Build asset version error: assets/models/builders/conveer.fbm/Без имени.png in SourceAssetDB has modification time of '2026-08-09T17:15:12.814552Z' while content on disk has modification time of '2026-08-09T17:15:13.0254231Z'
Number of updated asset objects reloaded before import = 0Number of asset objects unloaded after import = 0

========================================================================
Received Import Request.
  Time since last request: 0.018937 seconds.
  path: Assets/models/Builders/conveer.fbm/Без имени.png
  artifactKey: Guid(fd1493ffaeba6fa4aafb746ec571325d) Importer(815301076,1909f56bfc062723c751e8b465ee728b)
Start importing Assets/models/Builders/conveer.fbm/Без имени.png using Guid(fd1493ffaeba6fa4aafb746ec571325d) Importer(815301076,1909f56bfc062723c751e8b465ee728b) (PreviewImporter) -> (artifact id: '00000000000000000000000000000000') in 0.0090618 seconds
Import Error Code:(4)
Message: Build asset version error: assets/models/builders/conveer.fbm/Без имени.png in SourceAssetDB has modification time of '2026-08-09T17:15:12.814552Z' while content on disk has modification time of '2026-08-09T17:15:13.0254231Z'
  ERROR: Build asset version error: assets/models/builders/conveer.fbm/Без имени.png in SourceAssetDB has modification time of '2026-08-09T17:15:12.814552Z' while content on disk has modification time of '2026-08-09T17:15:13.0254231Z'
Number of updated asset objects reloaded before import = 0Number of asset objects unloaded after import = 0

========================================================================
Received Import Request.
  Time since last request: 26.712159 seconds.
  path: Assets/models/Builders/conveer.fbx
  artifactKey: Guid(d13c8b9ba76077441843da695bbd793f) Importer(815301076,1909f56bfc062723c751e8b465ee728b)
Start importing Assets/models/Builders/conveer.fbx using Guid(d13c8b9ba76077441843da695bbd793f) Importer(815301076,1909f56bfc062723c751e8b465ee728b) (PreviewImporter) -> (artifact id: '83f8ccbe535e2cb84a67f394e9ea6d25') in 0.0175805 seconds
Number of updated asset objects reloaded before import = 0Number of asset objects unloaded after import = 11

========================================================================
Received Import Request.
  Time since last request: 0.922693 seconds.
  path: Assets/models/Builders/conveer.fbx
  artifactKey: Guid(d13c8b9ba76077441843da695bbd793f) Importer(2089858483,192608db42251d675da83286b1cce702)
Start importing Assets/models/Builders/conveer.fbx using Guid(d13c8b9ba76077441843da695bbd793f) Importer(2089858483,192608db42251d675da83286b1cce702) (ScriptedImporter) -> (artifact id: '66dd01f2bb1c8c8d4a7f853e5327e92d') in 0.0405539 seconds
Number of updated asset objects reloaded before import = 0Number of asset objects unloaded after import = 10

========================================================================
Received Import Request.
  Time since last request: 169.026668 seconds.
  path: Assets/models/Builders/conveer.fbx
  artifactKey: Guid(d13c8b9ba76077441843da695bbd793f) Importer(815301076,1909f56bfc062723c751e8b465ee728b)
Start importing Assets/models/Builders/conveer.fbx using Guid(d13c8b9ba76077441843da695bbd793f) Importer(815301076,1909f56bfc062723c751e8b465ee728b) (PreviewImporter) -> (artifact id: '4d773cd82acbb24eb6630961f0adbd77') in 0.0190513 seconds
Number of updated asset objects reloaded before import = 0Number of asset objects unloaded after import = 11

========================================================================
Received Import Request.
  Time since last request: 0.913459 seconds.
  path: Assets/models/Builders/conveer.fbx
  artifactKey: Guid(d13c8b9ba76077441843da695bbd793f) Importer(2089858483,192608db42251d675da83286b1cce702)
Start importing Assets/models/Builders/conveer.fbx using Guid(d13c8b9ba76077441843da695bbd793f) Importer(2089858483,192608db42251d675da83286b1cce702) (ScriptedImporter) -> (artifact id: '76f898755e55bb31e50fb9c0a489cb80') in 0.0383379 seconds
Number of updated asset objects reloaded before import = 0Number of asset objects unloaded after import = 10

========================================================================
Received Import Request.
  Time since last request: 23.228962 seconds.
  path: Assets/models/Builders/conveer.fbx
  artifactKey: Guid(d13c8b9ba76077441843da695bbd793f) Importer(815301076,1909f56bfc062723c751e8b465ee728b)
Start importing Assets/models/Builders/conveer.fbx using Guid(d13c8b9ba76077441843da695bbd793f) Importer(815301076,1909f56bfc062723c751e8b465ee728b) (PreviewImporter) -> (artifact id: '575f113099ce79520c6e1b8bba5d8cec') in 0.0355859 seconds
Number of updated asset objects reloaded before import = 0Number of asset objects unloaded after import = 19

========================================================================
Received Import Request.
  Time since last request: 0.935932 seconds.
  path: Assets/models/Builders/conveer.fbx
  artifactKey: Guid(d13c8b9ba76077441843da695bbd793f) Importer(2089858483,192608db42251d675da83286b1cce702)
Start importing Assets/models/Builders/conveer.fbx using Guid(d13c8b9ba76077441843da695bbd793f) Importer(2089858483,192608db42251d675da83286b1cce702) (ScriptedImporter) -> (artifact id: '129a4661dfd98d2e945049611ea63987') in 0.0371937 seconds
Number of updated asset objects reloaded before import = 0Number of asset objects unloaded after import = 15

========================================================================
Received Import Request.
  Time since last request: 24.118314 seconds.
  path: Assets/models/Builders/conveer.fbx
  artifactKey: Guid(d13c8b9ba76077441843da695bbd793f) Importer(815301076,1909f56bfc062723c751e8b465ee728b)
Start importing Assets/models/Builders/conveer.fbx using Guid(d13c8b9ba76077441843da695bbd793f) Importer(815301076,1909f56bfc062723c751e8b465ee728b) (PreviewImporter) -> (artifact id: '3d9504f90c9a4a12793587d9f1f69d02') in 0.0214698 seconds
Number of updated asset objects reloaded before import = 0Number of asset objects unloaded after import = 11

========================================================================
Received Import Request.
  Time since last request: 0.889249 seconds.
  path: Assets/models/Builders/conveer.fbx
  artifactKey: Guid(d13c8b9ba76077441843da695bbd793f) Importer(2089858483,192608db42251d675da83286b1cce702)
Start importing Assets/models/Builders/conveer.fbx using Guid(d13c8b9ba76077441843da695bbd793f) Importer(2089858483,192608db42251d675da83286b1cce702) (ScriptedImporter) -> (artifact id: '472cc7e90a9a667d1d0d76c6a3b6d0ef') in 0.0418171 seconds
Number of updated asset objects reloaded before import = 0Number of asset objects unloaded after import = 10

========================================================================
Received Import Request.
  Time since last request: 66.227799 seconds.
  path: Assets/models/Builders/conveer.fbx
  artifactKey: Guid(d13c8b9ba76077441843da695bbd793f) Importer(815301076,1909f56bfc062723c751e8b465ee728b)
Start importing Assets/models/Builders/conveer.fbx using Guid(d13c8b9ba76077441843da695bbd793f) Importer(815301076,1909f56bfc062723c751e8b465ee728b) (PreviewImporter) -> (artifact id: '406fee299d83bd3844f355a56c853730') in 0.0293509 seconds
Number of updated asset objects reloaded before import = 0Number of asset objects unloaded after import = 11

========================================================================
Received Import Request.
  Time since last request: 0.923906 seconds.
  path: Assets/models/Builders/conveer.fbx
  artifactKey: Guid(d13c8b9ba76077441843da695bbd793f) Importer(2089858483,192608db42251d675da83286b1cce702)
Start importing Assets/models/Builders/conveer.fbx using Guid(d13c8b9ba76077441843da695bbd793f) Importer(2089858483,192608db42251d675da83286b1cce702) (ScriptedImporter) -> (artifact id: '6a51095e7cca81c3b6b48ea335acf85f') in 0.0403652 seconds
Number of updated asset objects reloaded before import = 0Number of asset objects unloaded after import = 10

========================================================================
Received Import Request.
  Time since last request: 52.878050 seconds.
  path: Assets/models/Builders/conveer.fbx
  artifactKey: Guid(d13c8b9ba76077441843da695bbd793f) Importer(815301076,1909f56bfc062723c751e8b465ee728b)
Start importing Assets/models/Builders/conveer.fbx using Guid(d13c8b9ba76077441843da695bbd793f) Importer(815301076,1909f56bfc062723c751e8b465ee728b) (PreviewImporter) -> (artifact id: 'e889709eb7c8fcf3f1306f7bea2831a0') in 0.0175477 seconds
Number of updated asset objects reloaded before import = 0Number of asset objects unloaded after import = 12

========================================================================
Received Import Request.
  Time since last request: 17.321640 seconds.
  path: Assets/models/Builders/Assembler_Mode.prefab
  artifactKey: Guid(a4a639d0ea873f94caf351456ba0a6a1) Importer(815301076,1909f56bfc062723c751e8b465ee728b)
Start importing Assets/models/Builders/Assembler_Mode.prefab using Guid(a4a639d0ea873f94caf351456ba0a6a1) Importer(815301076,1909f56bfc062723c751e8b465ee728b) (PreviewImporter) -> (artifact id: '106d754e7713e751916b7fa5dec9bb02') in 0.0243833 seconds
Number of updated asset objects reloaded before import = 0Number of asset objects unloaded after import = 7

========================================================================
Received Import Request.
  Time since last request: 0.977350 seconds.
  path: Assets/models/Builders/Assembler_Mode.prefab
  artifactKey: Guid(a4a639d0ea873f94caf351456ba0a6a1) Importer(2089858483,192608db42251d675da83286b1cce702)
Start importing Assets/models/Builders/Assembler_Mode.prefab using Guid(a4a639d0ea873f94caf351456ba0a6a1) Importer(2089858483,192608db42251d675da83286b1cce702) (ScriptedImporter) -> (artifact id: 'b3f53dac74f664f33ddc2a6363b4e8e7') in 0.032082 seconds
Number of updated asset objects reloaded before import = 0Number of asset objects unloaded after import = 7

========================================================================
Received Import Request.
  Time since last request: 6.606990 seconds.
  path: Assets/models/Builders/Assembler_Mode.prefab
  artifactKey: Guid(a4a639d0ea873f94caf351456ba0a6a1) Importer(815301076,1909f56bfc062723c751e8b465ee728b)
Start importing Assets/models/Builders/Assembler_Mode.prefab using Guid(a4a639d0ea873f94caf351456ba0a6a1) Importer(815301076,1909f56bfc062723c751e8b465ee728b) (PreviewImporter) -> (artifact id: 'a6fb8657784584c5373c0a5a168d174a') in 0.0255388 seconds
Number of updated asset objects reloaded before import = 0Number of asset objects unloaded after import = 24

========================================================================
Received Import Request.
  Time since last request: 0.925052 seconds.
  path: Assets/models/Builders/Assembler_Mode.prefab
  artifactKey: Guid(a4a639d0ea873f94caf351456ba0a6a1) Importer(2089858483,192608db42251d675da83286b1cce702)
Start importing Assets/models/Builders/Assembler_Mode.prefab using Guid(a4a639d0ea873f94caf351456ba0a6a1) Importer(2089858483,192608db42251d675da83286b1cce702) (ScriptedImporter) -> (artifact id: '8557ff39969bb179e8e91f4077b9a363') in 0.0243779 seconds
Number of updated asset objects reloaded before import = 0Number of asset objects unloaded after import = 13

========================================================================
Received Import Request.
  Time since last request: 2.361332 seconds.
  path: Assets/models/Builders/Assembler_Mode.prefab
  artifactKey: Guid(a4a639d0ea873f94caf351456ba0a6a1) Importer(815301076,1909f56bfc062723c751e8b465ee728b)
Start importing Assets/models/Builders/Assembler_Mode.prefab using Guid(a4a639d0ea873f94caf351456ba0a6a1) Importer(815301076,1909f56bfc062723c751e8b465ee728b) (PreviewImporter) -> (artifact id: 'a4a3d4ee2a8e2ede78fd8d5b63efb8b2') in 0.0238419 seconds
Number of updated asset objects reloaded before import = 0Number of asset objects unloaded after import = 24

========================================================================
Received Import Request.
  Time since last request: 0.195729 seconds.
  path: Assets/models/Builders/Assembler_Mode.prefab
  artifactKey: Guid(a4a639d0ea873f94caf351456ba0a6a1) Importer(815301076,1909f56bfc062723c751e8b465ee728b)
Start importing Assets/models/Builders/Assembler_Mode.prefab using Guid(a4a639d0ea873f94caf351456ba0a6a1) Importer(815301076,1909f56bfc062723c751e8b465ee728b) (PreviewImporter) -> (artifact id: '2581b80f6700bd244d8fd54984f82ac4') in 0.0218322 seconds
Number of updated asset objects reloaded before import = 0Number of asset objects unloaded after import = 24

========================================================================
Received Import Request.
  Time since last request: 0.932153 seconds.
  path: Assets/models/Builders/Assembler_Mode.prefab
  artifactKey: Guid(a4a639d0ea873f94caf351456ba0a6a1) Importer(2089858483,192608db42251d675da83286b1cce702)
Start importing Assets/models/Builders/Assembler_Mode.prefab using Guid(a4a639d0ea873f94caf351456ba0a6a1) Importer(2089858483,192608db42251d675da83286b1cce702) (ScriptedImporter) -> (artifact id: '5448a7f1dd3892c2301152d8b1615860') in 0.0263957 seconds
Number of updated asset objects reloaded before import = 0Number of asset objects unloaded after import = 13

========================================================================
Received Import Request.
  Time since last request: 10.814183 seconds.
  path: Assets/models/Builders/Assembler_Mode.prefab
  artifactKey: Guid(a4a639d0ea873f94caf351456ba0a6a1) Importer(815301076,1909f56bfc062723c751e8b465ee728b)
Start importing Assets/models/Builders/Assembler_Mode.prefab using Guid(a4a639d0ea873f94caf351456ba0a6a1) Importer(815301076,1909f56bfc062723c751e8b465ee728b) (PreviewImporter) -> (artifact id: 'c02123311459d12e29fba20670ad9141') in 0.0245095 seconds
Number of updated asset objects reloaded before import = 0Number of asset objects unloaded after import = 24

========================================================================
Received Import Request.
  Time since last request: 0.942265 seconds.
  path: Assets/models/Builders/Assembler_Mode.prefab
  artifactKey: Guid(a4a639d0ea873f94caf351456ba0a6a1) Importer(2089858483,192608db42251d675da83286b1cce702)
Start importing Assets/models/Builders/Assembler_Mode.prefab using Guid(a4a639d0ea873f94caf351456ba0a6a1) Importer(2089858483,192608db42251d675da83286b1cce702) (ScriptedImporter) -> (artifact id: '5b12e9952491eb71f69a6228ac7fe080') in 0.0280411 seconds
Number of updated asset objects reloaded before import = 0Number of asset objects unloaded after import = 13

========================================================================
Received Import Request.
  Time since last request: 4.092560 seconds.
  path: Assets/models/Builders/Assembler_Mode.prefab
  artifactKey: Guid(a4a639d0ea873f94caf351456ba0a6a1) Importer(815301076,1909f56bfc062723c751e8b465ee728b)
Start importing Assets/models/Builders/Assembler_Mode.prefab using Guid(a4a639d0ea873f94caf351456ba0a6a1) Importer(815301076,1909f56bfc062723c751e8b465ee728b) (PreviewImporter) -> (artifact id: 'f9de39476c9d8c5a3fd3e827d67a9a8a') in 0.0222537 seconds
Number of updated asset objects reloaded before import = 0Number of asset objects unloaded after import = 23

========================================================================
Received Import Request.
  Time since last request: 1.533318 seconds.
  path: Assets/models/Builders/Assembler_Mode.prefab
  artifactKey: Guid(a4a639d0ea873f94caf351456ba0a6a1) Importer(2089858483,192608db42251d675da83286b1cce702)
Start importing Assets/models/Builders/Assembler_Mode.prefab using Guid(a4a639d0ea873f94caf351456ba0a6a1) Importer(2089858483,192608db42251d675da83286b1cce702) (ScriptedImporter) -> (artifact id: '00000000000000000000000000000000') in 0.0214831 seconds
Import Error Code:(4)
Message: Build asset version error: assets/models/builders/assembler_mode.prefab in SourceAssetDB has modification time of '2026-08-09T17:22:32.4969079Z' while content on disk has modification time of '2026-08-09T17:22:34.1589666Z'
  ERROR: Build asset version error: assets/models/builders/assembler_mode.prefab in SourceAssetDB has modification time of '2026-08-09T17:22:32.4969079Z' while content on disk has modification time of '2026-08-09T17:22:34.1589666Z'
Number of updated asset objects reloaded before import = 0Number of asset objects unloaded after import = 1

========================================================================
Received Import Request.
  Time since last request: 0.089993 seconds.
  path: Assets/models/Builders/Assembler_Mode.prefab
  artifactKey: Guid(a4a639d0ea873f94caf351456ba0a6a1) Importer(815301076,1909f56bfc062723c751e8b465ee728b)
Start importing Assets/models/Builders/Assembler_Mode.prefab using Guid(a4a639d0ea873f94caf351456ba0a6a1) Importer(815301076,1909f56bfc062723c751e8b465ee728b) (PreviewImporter) -> (artifact id: '2642767bdf810d4cd0fa0dc7e729b7e0') in 0.013776 seconds
Number of updated asset objects reloaded before import = 0Number of asset objects unloaded after import = 22

========================================================================
Received Import Request.
  Time since last request: 1.863164 seconds.
  path: Assets/models/Builders/Assembler_Mode.prefab
  artifactKey: Guid(a4a639d0ea873f94caf351456ba0a6a1) Importer(815301076,1909f56bfc062723c751e8b465ee728b)
Start importing Assets/models/Builders/Assembler_Mode.prefab using Guid(a4a639d0ea873f94caf351456ba0a6a1) Importer(815301076,1909f56bfc062723c751e8b465ee728b) (PreviewImporter) -> (artifact id: 'c3f2677ad2c362357bbfe90f44ca5445') in 0.0139471 seconds
Number of updated asset objects reloaded before import = 0Number of asset objects unloaded after import = 21

========================================================================
Received Import Request.
  Time since last request: 8.093195 seconds.
  path: Assets/models/Builders/Assembler_Mode.prefab
  artifactKey: Guid(a4a639d0ea873f94caf351456ba0a6a1) Importer(2089858483,192608db42251d675da83286b1cce702)
Start importing Assets/models/Builders/Assembler_Mode.prefab using Guid(a4a639d0ea873f94caf351456ba0a6a1) Importer(2089858483,192608db42251d675da83286b1cce702) (ScriptedImporter) -> (artifact id: 'eabd93f17022ba060865a78331cd233b') in 0.0233451 seconds
Number of updated asset objects reloaded before import = 0Number of asset objects unloaded after import = 10

========================================================================
Received Import Request.
  Time since last request: 21.227972 seconds.
  path: Assets/models/Builders/Assembler_Model_ghost.prefab
  artifactKey: Guid(5f987cf987c548242b4044c57ef21111) Importer(815301076,1909f56bfc062723c751e8b465ee728b)
Start importing Assets/models/Builders/Assembler_Model_ghost.prefab using Guid(5f987cf987c548242b4044c57ef21111) Importer(815301076,1909f56bfc062723c751e8b465ee728b) (PreviewImporter) -> (artifact id: '9e2015e97c8bdf6a44437959aac2a75c') in 0.0376398 seconds
Number of updated asset objects reloaded before import = 0Number of asset objects unloaded after import = 52

========================================================================
Received Import Request.
  Time since last request: 6.741618 seconds.
  path: Assets/models/Builders/Assembler_Mode.prefab
  artifactKey: Guid(a4a639d0ea873f94caf351456ba0a6a1) Importer(815301076,1909f56bfc062723c751e8b465ee728b)
Start importing Assets/models/Builders/Assembler_Mode.prefab using Guid(a4a639d0ea873f94caf351456ba0a6a1) Importer(815301076,1909f56bfc062723c751e8b465ee728b) (PreviewImporter) -> (artifact id: '95e35a0e2abf52ba97b40c3362df11ec') in 0.024204 seconds
Number of updated asset objects reloaded before import = 0Number of asset objects unloaded after import = 51

========================================================================
Received Import Request.
  Time since last request: 0.928868 seconds.
  path: Assets/models/Builders/Assembler_Mode.prefab
  artifactKey: Guid(a4a639d0ea873f94caf351456ba0a6a1) Importer(2089858483,192608db42251d675da83286b1cce702)
Start importing Assets/models/Builders/Assembler_Mode.prefab using Guid(a4a639d0ea873f94caf351456ba0a6a1) Importer(2089858483,192608db42251d675da83286b1cce702) (ScriptedImporter) -> (artifact id: '14dab4278775a9b063132127b2175854') in 0.0310594 seconds
Number of updated asset objects reloaded before import = 0Number of asset objects unloaded after import = 33

========================================================================
Received Import Request.
  Time since last request: 2.791444 seconds.
  path: Assets/models/Builders/Assembler_Mode.prefab
  artifactKey: Guid(a4a639d0ea873f94caf351456ba0a6a1) Importer(815301076,1909f56bfc062723c751e8b465ee728b)
Start importing Assets/models/Builders/Assembler_Mode.prefab using Guid(a4a639d0ea873f94caf351456ba0a6a1) Importer(815301076,1909f56bfc062723c751e8b465ee728b) (PreviewImporter) -> (artifact id: 'b457ea91060a2a5d7e4cafeebad1c3a9') in 0.0232754 seconds
Number of updated asset objects reloaded before import = 0Number of asset objects unloaded after import = 51

========================================================================
Received Import Request.
  Time since last request: 0.937707 seconds.
  path: Assets/models/Builders/Assembler_Mode.prefab
  artifactKey: Guid(a4a639d0ea873f94caf351456ba0a6a1) Importer(2089858483,192608db42251d675da83286b1cce702)
Start importing Assets/models/Builders/Assembler_Mode.prefab using Guid(a4a639d0ea873f94caf351456ba0a6a1) Importer(2089858483,192608db42251d675da83286b1cce702) (ScriptedImporter) -> (artifact id: '659c7dc959cc2db13ab00f80ea1c8893') in 0.0274281 seconds
Number of updated asset objects reloaded before import = 0Number of asset objects unloaded after import = 33

========================================================================
Received Import Request.
  Time since last request: 1.312464 seconds.
  path: Assets/models/Builders/Assembler_Mode.prefab
  artifactKey: Guid(a4a639d0ea873f94caf351456ba0a6a1) Importer(815301076,1909f56bfc062723c751e8b465ee728b)
Start importing Assets/models/Builders/Assembler_Mode.prefab using Guid(a4a639d0ea873f94caf351456ba0a6a1) Importer(815301076,1909f56bfc062723c751e8b465ee728b) (PreviewImporter) -> (artifact id: '413f0edffaf5710eec6c1c14d708b71d') in 0.0217302 seconds
Number of updated asset objects reloaded before import = 0Number of asset objects unloaded after import = 51

========================================================================
Received Import Request.
  Time since last request: 0.939487 seconds.
  path: Assets/models/Builders/Assembler_Mode.prefab
  artifactKey: Guid(a4a639d0ea873f94caf351456ba0a6a1) Importer(2089858483,192608db42251d675da83286b1cce702)
Start importing Assets/models/Builders/Assembler_Mode.prefab using Guid(a4a639d0ea873f94caf351456ba0a6a1) Importer(2089858483,192608db42251d675da83286b1cce702) (ScriptedImporter) -> (artifact id: '4c74c5c6ec6a4fb10dd8e71fe301a7f5') in 0.0287905 seconds
Number of updated asset objects reloaded before import = 0Number of asset objects unloaded after import = 33

========================================================================
Received Import Request.
  Time since last request: 15.642641 seconds.
  path: Assets/models/Builders/Assembler_Mode.prefab
  artifactKey: Guid(a4a639d0ea873f94caf351456ba0a6a1) Importer(815301076,1909f56bfc062723c751e8b465ee728b)
Start importing Assets/models/Builders/Assembler_Mode.prefab using Guid(a4a639d0ea873f94caf351456ba0a6a1) Importer(815301076,1909f56bfc062723c751e8b465ee728b) (PreviewImporter) -> (artifact id: '1d551b97450c241a68a5703779640997') in 0.0244381 seconds
Number of updated asset objects reloaded before import = 0Number of asset objects unloaded after import = 51

========================================================================
Received Import Request.
  Time since last request: 0.934569 seconds.
  path: Assets/models/Builders/Assembler_Mode.prefab
  artifactKey: Guid(a4a639d0ea873f94caf351456ba0a6a1) Importer(2089858483,192608db42251d675da83286b1cce702)
Start importing Assets/models/Builders/Assembler_Mode.prefab using Guid(a4a639d0ea873f94caf351456ba0a6a1) Importer(2089858483,192608db42251d675da83286b1cce702) (ScriptedImporter) -> (artifact id: 'cb6080455f16a08d71eb531dd1ec1e63') in 0.0287188 seconds
Number of updated asset objects reloaded before import = 0Number of asset objects unloaded after import = 33

========================================================================
Received Import Request.
  Time since last request: 7.512170 seconds.
  path: Assets/models/Builders/Assembler_Mode.prefab
  artifactKey: Guid(a4a639d0ea873f94caf351456ba0a6a1) Importer(815301076,1909f56bfc062723c751e8b465ee728b)
Start importing Assets/models/Builders/Assembler_Mode.prefab using Guid(a4a639d0ea873f94caf351456ba0a6a1) Importer(815301076,1909f56bfc062723c751e8b465ee728b) (PreviewImporter) -> (artifact id: 'aa63377fdb5b799d20906a14b6664244') in 0.0253028 seconds
Number of updated asset objects reloaded before import = 0Number of asset objects unloaded after import = 51

========================================================================
Received Import Request.
  Time since last request: 0.930121 seconds.
  path: Assets/models/Builders/Assembler_Mode.prefab
  artifactKey: Guid(a4a639d0ea873f94caf351456ba0a6a1) Importer(2089858483,192608db42251d675da83286b1cce702)
Start importing Assets/models/Builders/Assembler_Mode.prefab using Guid(a4a639d0ea873f94caf351456ba0a6a1) Importer(2089858483,192608db42251d675da83286b1cce702) (ScriptedImporter) -> (artifact id: '1d50c5197e3cf25f134aa0575d6fc4ea') in 0.0320741 seconds
Number of updated asset objects reloaded before import = 0Number of asset objects unloaded after import = 33

========================================================================
Received Import Request.
  Time since last request: 3.323083 seconds.
  path: Assets/models/Builders/Assembler_Mode.prefab
  artifactKey: Guid(a4a639d0ea873f94caf351456ba0a6a1) Importer(815301076,1909f56bfc062723c751e8b465ee728b)
Start importing Assets/models/Builders/Assembler_Mode.prefab using Guid(a4a639d0ea873f94caf351456ba0a6a1) Importer(815301076,1909f56bfc062723c751e8b465ee728b) (PreviewImporter) -> (artifact id: 'fe40dcd27d44157f67089de4de66dee5') in 0.024463 seconds
Number of updated asset objects reloaded before import = 0Number of asset objects unloaded after import = 51

========================================================================
Received Import Request.
  Time since last request: 1.054847 seconds.
  path: Assets/models/Builders/Assembler_Mode.prefab
  artifactKey: Guid(a4a639d0ea873f94caf351456ba0a6a1) Importer(2089858483,192608db42251d675da83286b1cce702)
Start importing Assets/models/Builders/Assembler_Mode.prefab using Guid(a4a639d0ea873f94caf351456ba0a6a1) Importer(2089858483,192608db42251d675da83286b1cce702) (ScriptedImporter) -> (artifact id: '04b1e1b5c1a11c70239be600a8affd7a') in 0.0279386 seconds
Number of updated asset objects reloaded before import = 0Number of asset objects unloaded after import = 33

========================================================================
Received Import Request.
  Time since last request: 1.718154 seconds.
  path: Assets/models/Builders/Assembler_Mode.prefab
  artifactKey: Guid(a4a639d0ea873f94caf351456ba0a6a1) Importer(815301076,1909f56bfc062723c751e8b465ee728b)
Start importing Assets/models/Builders/Assembler_Mode.prefab using Guid(a4a639d0ea873f94caf351456ba0a6a1) Importer(815301076,1909f56bfc062723c751e8b465ee728b) (PreviewImporter) -> (artifact id: 'cf09272b4d6ed1e049cea57c64e5498f') in 0.0230831 seconds
Number of updated asset objects reloaded before import = 0Number of asset objects unloaded after import = 39

========================================================================
Received Import Request.
  Time since last request: 0.399596 seconds.
  path: Assets/models/Builders/Assembler_Mode.prefab
  artifactKey: Guid(a4a639d0ea873f94caf351456ba0a6a1) Importer(815301076,1909f56bfc062723c751e8b465ee728b)
Start importing Assets/models/Builders/Assembler_Mode.prefab using Guid(a4a639d0ea873f94caf351456ba0a6a1) Importer(815301076,1909f56bfc062723c751e8b465ee728b) (PreviewImporter) -> (artifact id: '4e15d09615198c44a9438823fe9ae13f') in 0.0213676 seconds
Number of updated asset objects reloaded before import = 0Number of asset objects unloaded after import = 34

========================================================================
Received Import Request.
  Time since last request: 0.929233 seconds.
  path: Assets/models/Builders/Assembler_Mode.prefab
  artifactKey: Guid(a4a639d0ea873f94caf351456ba0a6a1) Importer(2089858483,192608db42251d675da83286b1cce702)
Start importing Assets/models/Builders/Assembler_Mode.prefab using Guid(a4a639d0ea873f94caf351456ba0a6a1) Importer(2089858483,192608db42251d675da83286b1cce702) (ScriptedImporter) -> (artifact id: '51dafdf220f0c01e3ec8fcf7fa8bf243') in 0.0259013 seconds
Number of updated asset objects reloaded before import = 0Number of asset objects unloaded after import = 23

========================================================================
Received Import Request.
  Time since last request: 0.274350 seconds.
  path: Assets/models/Builders/Assembler_Mode.prefab
  artifactKey: Guid(a4a639d0ea873f94caf351456ba0a6a1) Importer(815301076,1909f56bfc062723c751e8b465ee728b)
Start importing Assets/models/Builders/Assembler_Mode.prefab using Guid(a4a639d0ea873f94caf351456ba0a6a1) Importer(815301076,1909f56bfc062723c751e8b465ee728b) (PreviewImporter) -> (artifact id: 'd95e4a8b35fdf92037cec8202ec461fc') in 0.0232473 seconds
Number of updated asset objects reloaded before import = 0Number of asset objects unloaded after import = 29

========================================================================
Received Import Request.
  Time since last request: 0.598885 seconds.
  path: Assets/models/Builders/Assembler_Mode.prefab
  artifactKey: Guid(a4a639d0ea873f94caf351456ba0a6a1) Importer(815301076,1909f56bfc062723c751e8b465ee728b)
Start importing Assets/models/Builders/Assembler_Mode.prefab using Guid(a4a639d0ea873f94caf351456ba0a6a1) Importer(815301076,1909f56bfc062723c751e8b465ee728b) (PreviewImporter) -> (artifact id: '63254927fe02278d4e70e132c1c7e162') in 0.0229675 seconds
Number of updated asset objects reloaded before import = 0Number of asset objects unloaded after import = 24

========================================================================
Received Import Request.
  Time since last request: 6.676681 seconds.
  path: Assets/models/Builders/Assembler_Mode.prefab
  artifactKey: Guid(a4a639d0ea873f94caf351456ba0a6a1) Importer(815301076,1909f56bfc062723c751e8b465ee728b)
Start importing Assets/models/Builders/Assembler_Mode.prefab using Guid(a4a639d0ea873f94caf351456ba0a6a1) Importer(815301076,1909f56bfc062723c751e8b465ee728b) (PreviewImporter) -> (artifact id: '9e41ce5e78f76449ea830fbd503d16e2') in 0.0225971 seconds
Number of updated asset objects reloaded before import = 0Number of asset objects unloaded after import = 24

========================================================================
Received Import Request.
  Time since last request: 2.557487 seconds.
  path: Assets/models/Builders/Assembler_Mode.prefab
  artifactKey: Guid(a4a639d0ea873f94caf351456ba0a6a1) Importer(815301076,1909f56bfc062723c751e8b465ee728b)
Start importing Assets/models/Builders/Assembler_Mode.prefab using Guid(a4a639d0ea873f94caf351456ba0a6a1) Importer(815301076,1909f56bfc062723c751e8b465ee728b) (PreviewImporter) -> (artifact id: '8bdb8fcc16118a25f6c71aa09d1c58ea') in 0.0238386 seconds
Number of updated asset objects reloaded before import = 0Number of asset objects unloaded after import = 24

========================================================================
Received Import Request.
  Time since last request: 0.178736 seconds.
  path: Assets/models/Builders/Assembler_Mode.prefab
  artifactKey: Guid(a4a639d0ea873f94caf351456ba0a6a1) Importer(2089858483,192608db42251d675da83286b1cce702)
Start importing Assets/models/Builders/Assembler_Mode.prefab using Guid(a4a639d0ea873f94caf351456ba0a6a1) Importer(2089858483,192608db42251d675da83286b1cce702) (ScriptedImporter) -> (artifact id: '257df142e5d393abbc393bedbaf82aa7') in 0.0229043 seconds
Number of updated asset objects reloaded before import = 0Number of asset objects unloaded after import = 13

========================================================================
Received Import Request.
  Time since last request: 6.805328 seconds.
  path: Assets/models/Builders/Assembler_Mode.prefab
  artifactKey: Guid(a4a639d0ea873f94caf351456ba0a6a1) Importer(815301076,1909f56bfc062723c751e8b465ee728b)
Start importing Assets/models/Builders/Assembler_Mode.prefab using Guid(a4a639d0ea873f94caf351456ba0a6a1) Importer(815301076,1909f56bfc062723c751e8b465ee728b) (PreviewImporter) -> (artifact id: '124ec1144194c2b0d043a94cf7d0b0d4') in 0.0222436 seconds
Number of updated asset objects reloaded before import = 0Number of asset objects unloaded after import = 24

========================================================================
Received Import Request.
  Time since last request: 0.936488 seconds.
  path: Assets/models/Builders/Assembler_Mode.prefab
  artifactKey: Guid(a4a639d0ea873f94caf351456ba0a6a1) Importer(2089858483,192608db42251d675da83286b1cce702)
Start importing Assets/models/Builders/Assembler_Mode.prefab using Guid(a4a639d0ea873f94caf351456ba0a6a1) Importer(2089858483,192608db42251d675da83286b1cce702) (ScriptedImporter) -> (artifact id: '620323b75562a66971ea91716a235528') in 0.0253616 seconds
Number of updated asset objects reloaded before import = 0Number of asset objects unloaded after import = 13

========================================================================
Received Import Request.
  Time since last request: 2.652806 seconds.
  path: Assets/models/Builders/Assembler_Mode.prefab
  artifactKey: Guid(a4a639d0ea873f94caf351456ba0a6a1) Importer(815301076,1909f56bfc062723c751e8b465ee728b)
Start importing Assets/models/Builders/Assembler_Mode.prefab using Guid(a4a639d0ea873f94caf351456ba0a6a1) Importer(815301076,1909f56bfc062723c751e8b465ee728b) (PreviewImporter) -> (artifact id: '9ab4d410b5d5041fb51a00d3bcbf26a1') in 0.0247546 seconds
Number of updated asset objects reloaded before import = 0Number of asset objects unloaded after import = 23

========================================================================
Received Import Request.
  Time since last request: 1.393072 seconds.
  path: Assets/models/Builders/Assembler_Mode.prefab
  artifactKey: Guid(a4a639d0ea873f94caf351456ba0a6a1) Importer(2089858483,192608db42251d675da83286b1cce702)
Start importing Assets/models/Builders/Assembler_Mode.prefab using Guid(a4a639d0ea873f94caf351456ba0a6a1) Importer(2089858483,192608db42251d675da83286b1cce702) (ScriptedImporter) -> (artifact id: '00000000000000000000000000000000') in 0.0241532 seconds
Import Error Code:(4)
Message: Build asset version error: assets/models/builders/assembler_mode.prefab in SourceAssetDB has modification time of '2026-08-09T17:24:12.8059998Z' while content on disk has modification time of '2026-08-09T17:24:14.3346856Z'
  ERROR: Build asset version error: assets/models/builders/assembler_mode.prefab in SourceAssetDB has modification time of '2026-08-09T17:24:12.8059998Z' while content on disk has modification time of '2026-08-09T17:24:14.3346856Z'
Number of updated asset objects reloaded before import = 0Number of asset objects unloaded after import = 1

========================================================================
Received Import Request.
  Time since last request: 0.081323 seconds.
  path: Assets/models/Builders/Assembler_Mode.prefab
  artifactKey: Guid(a4a639d0ea873f94caf351456ba0a6a1) Importer(815301076,1909f56bfc062723c751e8b465ee728b)
Start importing Assets/models/Builders/Assembler_Mode.prefab using Guid(a4a639d0ea873f94caf351456ba0a6a1) Importer(815301076,1909f56bfc062723c751e8b465ee728b) (PreviewImporter) -> (artifact id: '933c8eb7e7226021ef9874717ec9962c') in 0.0141839 seconds
Number of updated asset objects reloaded before import = 0Number of asset objects unloaded after import = 22

========================================================================
Received Import Request.
  Time since last request: 1.403580 seconds.
  path: Assets/models/Builders/Assembler_Mode.prefab
  artifactKey: Guid(a4a639d0ea873f94caf351456ba0a6a1) Importer(815301076,1909f56bfc062723c751e8b465ee728b)
Start importing Assets/models/Builders/Assembler_Mode.prefab using Guid(a4a639d0ea873f94caf351456ba0a6a1) Importer(815301076,1909f56bfc062723c751e8b465ee728b) (PreviewImporter) -> (artifact id: 'd88ff8b3e7f0140d92cb0bfc3157e6ae') in 0.0122006 seconds
Number of updated asset objects reloaded before import = 0Number of asset objects unloaded after import = 21

========================================================================
Received Import Request.
  Time since last request: 8.646880 seconds.
  path: Assets/models/Builders/Assembler_Mode.prefab
  artifactKey: Guid(a4a639d0ea873f94caf351456ba0a6a1) Importer(2089858483,192608db42251d675da83286b1cce702)
Start importing Assets/models/Builders/Assembler_Mode.prefab using Guid(a4a639d0ea873f94caf351456ba0a6a1) Importer(2089858483,192608db42251d675da83286b1cce702) (ScriptedImporter) -> (artifact id: '627df1d27bf95f46b13d9f7656d6ce97') in 0.0179647 seconds
Number of updated asset objects reloaded before import = 0Number of asset objects unloaded after import = 10

========================================================================
Received Import Request.
  Time since last request: 6.187939 seconds.
  path: Assets/models/Builders/Assembler_Mode.prefab
  artifactKey: Guid(a4a639d0ea873f94caf351456ba0a6a1) Importer(815301076,1909f56bfc062723c751e8b465ee728b)
Start importing Assets/models/Builders/Assembler_Mode.prefab using Guid(a4a639d0ea873f94caf351456ba0a6a1) Importer(815301076,1909f56bfc062723c751e8b465ee728b) (PreviewImporter) -> (artifact id: 'e3d5a1bcfbf1767f2abe90605159885d') in 0.0121331 seconds
Number of updated asset objects reloaded before import = 0Number of asset objects unloaded after import = 21

========================================================================
Received Import Request.
  Time since last request: 0.946153 seconds.
  path: Assets/models/Builders/Assembler_Mode.prefab
  artifactKey: Guid(a4a639d0ea873f94caf351456ba0a6a1) Importer(2089858483,192608db42251d675da83286b1cce702)
Start importing Assets/models/Builders/Assembler_Mode.prefab using Guid(a4a639d0ea873f94caf351456ba0a6a1) Importer(2089858483,192608db42251d675da83286b1cce702) (ScriptedImporter) -> (artifact id: '2d18b8943c50e96e1714084ba0d94484') in 0.0241233 seconds
Number of updated asset objects reloaded before import = 0Number of asset objects unloaded after import = 10

========================================================================
Received Import Request.
  Time since last request: 26.865358 seconds.
  path: Assets/models/Builders/Assembler_Model_ghost.prefab
  artifactKey: Guid(5f987cf987c548242b4044c57ef21111) Importer(815301076,1909f56bfc062723c751e8b465ee728b)
Start importing Assets/models/Builders/Assembler_Model_ghost.prefab using Guid(5f987cf987c548242b4044c57ef21111) Importer(815301076,1909f56bfc062723c751e8b465ee728b) (PreviewImporter) -> (artifact id: '52c90d242456bc88b3eb6bf1bd12901e') in 0.0269912 seconds
Number of updated asset objects reloaded before import = 0Number of asset objects unloaded after import = 52

========================================================================
Received Import Request.
  Time since last request: 0.918930 seconds.
  path: Assets/models/Builders/Assembler_Model_ghost.prefab
  artifactKey: Guid(5f987cf987c548242b4044c57ef21111) Importer(2089858483,192608db42251d675da83286b1cce702)
Start importing Assets/models/Builders/Assembler_Model_ghost.prefab using Guid(5f987cf987c548242b4044c57ef21111) Importer(2089858483,192608db42251d675da83286b1cce702) (ScriptedImporter) -> (artifact id: 'acc0374555073e24658031b91034a498') in 0.0324112 seconds
Number of updated asset objects reloaded before import = 0Number of asset objects unloaded after import = 34

========================================================================
Received Import Request.
  Time since last request: 1.046353 seconds.
  path: Assets/models/Builders/Assembler_Model_ghost.prefab
  artifactKey: Guid(5f987cf987c548242b4044c57ef21111) Importer(815301076,1909f56bfc062723c751e8b465ee728b)
Start importing Assets/models/Builders/Assembler_Model_ghost.prefab using Guid(5f987cf987c548242b4044c57ef21111) Importer(815301076,1909f56bfc062723c751e8b465ee728b) (PreviewImporter) -> (artifact id: 'e35fa698f22cd3232503e7d3752f6405') in 0.0297127 seconds
Number of updated asset objects reloaded before import = 0Number of asset objects unloaded after import = 52

========================================================================
Received Import Request.
  Time since last request: 0.913006 seconds.
  path: Assets/models/Builders/Assembler_Model_ghost.prefab
  artifactKey: Guid(5f987cf987c548242b4044c57ef21111) Importer(2089858483,192608db42251d675da83286b1cce702)
Start importing Assets/models/Builders/Assembler_Model_ghost.prefab using Guid(5f987cf987c548242b4044c57ef21111) Importer(2089858483,192608db42251d675da83286b1cce702) (ScriptedImporter) -> (artifact id: 'aa0bf5067babf40637629b9a2f2af950') in 0.0323353 seconds
Number of updated asset objects reloaded before import = 0Number of asset objects unloaded after import = 34

========================================================================
Received Import Request.
  Time since last request: 1.839382 seconds.
  path: Assets/models/Builders/Assembler_Model_ghost.prefab
  artifactKey: Guid(5f987cf987c548242b4044c57ef21111) Importer(815301076,1909f56bfc062723c751e8b465ee728b)
Start importing Assets/models/Builders/Assembler_Model_ghost.prefab using Guid(5f987cf987c548242b4044c57ef21111) Importer(815301076,1909f56bfc062723c751e8b465ee728b) (PreviewImporter) -> (artifact id: '552c2572e0d4516f249deebedec164c6') in 0.0288098 seconds
Number of updated asset objects reloaded before import = 0Number of asset objects unloaded after import = 52

========================================================================
Received Import Request.
  Time since last request: 0.932343 seconds.
  path: Assets/models/Builders/Assembler_Model_ghost.prefab
  artifactKey: Guid(5f987cf987c548242b4044c57ef21111) Importer(2089858483,192608db42251d675da83286b1cce702)
Start importing Assets/models/Builders/Assembler_Model_ghost.prefab using Guid(5f987cf987c548242b4044c57ef21111) Importer(2089858483,192608db42251d675da83286b1cce702) (ScriptedImporter) -> (artifact id: 'eecaab0147bbbb880f3b163f5c47c6fc') in 0.0298197 seconds
Number of updated asset objects reloaded before import = 0Number of asset objects unloaded after import = 34

========================================================================
Received Import Request.
  Time since last request: 5.210361 seconds.
  path: Assets/models/Builders/Assembler_Model_ghost.prefab
  artifactKey: Guid(5f987cf987c548242b4044c57ef21111) Importer(815301076,1909f56bfc062723c751e8b465ee728b)
Start importing Assets/models/Builders/Assembler_Model_ghost.prefab using Guid(5f987cf987c548242b4044c57ef21111) Importer(815301076,1909f56bfc062723c751e8b465ee728b) (PreviewImporter) -> (artifact id: '24ed6e03ad24a0a4ccf3c37b8e6af68d') in 0.0277548 seconds
Number of updated asset objects reloaded before import = 0Number of asset objects unloaded after import = 52

========================================================================
Received Import Request.
  Time since last request: 0.925744 seconds.
  path: Assets/models/Builders/Assembler_Model_ghost.prefab
  artifactKey: Guid(5f987cf987c548242b4044c57ef21111) Importer(2089858483,192608db42251d675da83286b1cce702)
Start importing Assets/models/Builders/Assembler_Model_ghost.prefab using Guid(5f987cf987c548242b4044c57ef21111) Importer(2089858483,192608db42251d675da83286b1cce702) (ScriptedImporter) -> (artifact id: '830708bbc10171ff13cbad3a08c3dfe4') in 0.0353097 seconds
Number of updated asset objects reloaded before import = 0Number of asset objects unloaded after import = 34

========================================================================
Received Import Request.
  Time since last request: 0.495233 seconds.
  path: Assets/models/Builders/Assembler_Model_ghost.prefab
  artifactKey: Guid(5f987cf987c548242b4044c57ef21111) Importer(815301076,1909f56bfc062723c751e8b465ee728b)
Start importing Assets/models/Builders/Assembler_Model_ghost.prefab using Guid(5f987cf987c548242b4044c57ef21111) Importer(815301076,1909f56bfc062723c751e8b465ee728b) (PreviewImporter) -> (artifact id: '67dcfcf4cdfaa0567bba6f409e6e14a2') in 0.0283284 seconds
Number of updated asset objects reloaded before import = 0Number of asset objects unloaded after import = 52

========================================================================
Received Import Request.
  Time since last request: 2.919318 seconds.
  path: Assets/models/Builders/Assembler_Model_ghost.prefab
  artifactKey: Guid(5f987cf987c548242b4044c57ef21111) Importer(815301076,1909f56bfc062723c751e8b465ee728b)
Start importing Assets/models/Builders/Assembler_Model_ghost.prefab using Guid(5f987cf987c548242b4044c57ef21111) Importer(815301076,1909f56bfc062723c751e8b465ee728b) (PreviewImporter) -> (artifact id: '9a0b60fb8c1fb6abeddccc6ccd4523f6') in 0.025945 seconds
Number of updated asset objects reloaded before import = 0Number of asset objects unloaded after import = 52

========================================================================
Received Import Request.
  Time since last request: 6.859913 seconds.
  path: Assets/models/Builders/Assembler_Model_ghost.prefab
  artifactKey: Guid(5f987cf987c548242b4044c57ef21111) Importer(2089858483,192608db42251d675da83286b1cce702)
Start importing Assets/models/Builders/Assembler_Model_ghost.prefab using Guid(5f987cf987c548242b4044c57ef21111) Importer(2089858483,192608db42251d675da83286b1cce702) (ScriptedImporter) -> (artifact id: '26ea1733f5b98a3d0348cfd7c72e0a39') in 0.0293662 seconds
Number of updated asset objects reloaded before import = 0Number of asset objects unloaded after import = 34

========================================================================
Received Import Request.
  Time since last request: 0.650243 seconds.
  path: Assets/models/Builders/Assembler_Model_ghost.prefab
  artifactKey: Guid(5f987cf987c548242b4044c57ef21111) Importer(815301076,1909f56bfc062723c751e8b465ee728b)
Start importing Assets/models/Builders/Assembler_Model_ghost.prefab using Guid(5f987cf987c548242b4044c57ef21111) Importer(815301076,1909f56bfc062723c751e8b465ee728b) (PreviewImporter) -> (artifact id: 'f2c0606fad6fbef1e0df9317a4298a3f') in 0.0307266 seconds
Number of updated asset objects reloaded before import = 0Number of asset objects unloaded after import = 52

========================================================================
Received Import Request.
  Time since last request: 0.420825 seconds.
  path: Assets/models/Builders/Assembler_Model_ghost.prefab
  artifactKey: Guid(5f987cf987c548242b4044c57ef21111) Importer(2089858483,192608db42251d675da83286b1cce702)
Start importing Assets/models/Builders/Assembler_Model_ghost.prefab using Guid(5f987cf987c548242b4044c57ef21111) Importer(2089858483,192608db42251d675da83286b1cce702) (ScriptedImporter) -> (artifact id: '8b3d8f8ada8f314530a3502c3c70d2f7') in 0.0332792 seconds
Number of updated asset objects reloaded before import = 0Number of asset objects unloaded after import = 34

========================================================================
Received Import Request.
  Time since last request: 3.824709 seconds.
  path: Assets/models/Builders/Assembler_Model_ghost.prefab
  artifactKey: Guid(5f987cf987c548242b4044c57ef21111) Importer(815301076,1909f56bfc062723c751e8b465ee728b)
Start importing Assets/models/Builders/Assembler_Model_ghost.prefab using Guid(5f987cf987c548242b4044c57ef21111) Importer(815301076,1909f56bfc062723c751e8b465ee728b) (PreviewImporter) -> (artifact id: '669af416a2e398a27bb2ca2379a5b750') in 0.0253786 seconds
Number of updated asset objects reloaded before import = 0Number of asset objects unloaded after import = 52

========================================================================
Received Import Request.
  Time since last request: 0.938946 seconds.
  path: Assets/models/Builders/Assembler_Model_ghost.prefab
  artifactKey: Guid(5f987cf987c548242b4044c57ef21111) Importer(2089858483,192608db42251d675da83286b1cce702)
Start importing Assets/models/Builders/Assembler_Model_ghost.prefab using Guid(5f987cf987c548242b4044c57ef21111) Importer(2089858483,192608db42251d675da83286b1cce702) (ScriptedImporter) -> (artifact id: '185d4ee63a5254ba53af0ba49fdbc238') in 0.0298722 seconds
Number of updated asset objects reloaded before import = 0Number of asset objects unloaded after import = 34

========================================================================
Received Import Request.
  Time since last request: 4.474531 seconds.
  path: Assets/models/Builders/Assembler_Model_ghost.prefab
  artifactKey: Guid(5f987cf987c548242b4044c57ef21111) Importer(815301076,1909f56bfc062723c751e8b465ee728b)
Start importing Assets/models/Builders/Assembler_Model_ghost.prefab using Guid(5f987cf987c548242b4044c57ef21111) Importer(815301076,1909f56bfc062723c751e8b465ee728b) (PreviewImporter) -> (artifact id: '26889ceba83310149e2c6ce3b1f8813b') in 0.0250027 seconds
Number of updated asset objects reloaded before import = 0Number of asset objects unloaded after import = 25

========================================================================
Received Import Request.
  Time since last request: 1.041341 seconds.
  path: Assets/models/Builders/Assembler_Model_ghost.prefab
  artifactKey: Guid(5f987cf987c548242b4044c57ef21111) Importer(2089858483,192608db42251d675da83286b1cce702)
Start importing Assets/models/Builders/Assembler_Model_ghost.prefab using Guid(5f987cf987c548242b4044c57ef21111) Importer(2089858483,192608db42251d675da83286b1cce702) (ScriptedImporter) -> (artifact id: '557f5c5a6b86b91be6c6affcde77ab7f') in 0.0290022 seconds
Number of updated asset objects reloaded before import = 0Number of asset objects unloaded after import = 14

========================================================================
Received Import Request.
  Time since last request: 2.554593 seconds.
  path: Assets/models/Builders/Assembler_Model_ghost.prefab
  artifactKey: Guid(5f987cf987c548242b4044c57ef21111) Importer(815301076,1909f56bfc062723c751e8b465ee728b)
Start importing Assets/models/Builders/Assembler_Model_ghost.prefab using Guid(5f987cf987c548242b4044c57ef21111) Importer(815301076,1909f56bfc062723c751e8b465ee728b) (PreviewImporter) -> (artifact id: '431a61b5675c717b790f911e9bf6083a') in 0.0234524 seconds
Number of updated asset objects reloaded before import = 0Number of asset objects unloaded after import = 24

========================================================================
Received Import Request.
  Time since last request: 1.675595 seconds.
  path: Assets/models/Builders/Assembler_Model_ghost.prefab
  artifactKey: Guid(5f987cf987c548242b4044c57ef21111) Importer(2089858483,192608db42251d675da83286b1cce702)
Start importing Assets/models/Builders/Assembler_Model_ghost.prefab using Guid(5f987cf987c548242b4044c57ef21111) Importer(2089858483,192608db42251d675da83286b1cce702) (ScriptedImporter) -> (artifact id: '00000000000000000000000000000000') in 0.0237582 seconds
Import Error Code:(4)
Message: Build asset version error: assets/models/builders/assembler_model_ghost.prefab in SourceAssetDB has modification time of '2026-08-09T17:25:34.9760815Z' while content on disk has modification time of '2026-08-09T17:25:36.7760134Z'
  ERROR: Build asset version error: assets/models/builders/assembler_model_ghost.prefab in SourceAssetDB has modification time of '2026-08-09T17:25:34.9760815Z' while content on disk has modification time of '2026-08-09T17:25:36.7760134Z'
Number of updated asset objects reloaded before import = 0Number of asset objects unloaded after import = 2

========================================================================
Received Import Request.
  Time since last request: 0.074984 seconds.
  path: Assets/models/Builders/Assembler_Model_ghost.prefab
  artifactKey: Guid(5f987cf987c548242b4044c57ef21111) Importer(815301076,1909f56bfc062723c751e8b465ee728b)
Start importing Assets/models/Builders/Assembler_Model_ghost.prefab using Guid(5f987cf987c548242b4044c57ef21111) Importer(815301076,1909f56bfc062723c751e8b465ee728b) (PreviewImporter) -> (artifact id: '17d2b26496a5de487ea2e436df8fbcc1') in 0.0135644 seconds
Number of updated asset objects reloaded before import = 0Number of asset objects unloaded after import = 22

========================================================================
Received Import Request.
  Time since last request: 1.472960 seconds.
  path: Assets/models/Builders/Assembler_Model_ghost.prefab
  artifactKey: Guid(5f987cf987c548242b4044c57ef21111) Importer(815301076,1909f56bfc062723c751e8b465ee728b)
Start importing Assets/models/Builders/Assembler_Model_ghost.prefab using Guid(5f987cf987c548242b4044c57ef21111) Importer(815301076,1909f56bfc062723c751e8b465ee728b) (PreviewImporter) -> (artifact id: 'fccdca8830b76a217d148c6c3c25142b') in 0.0132526 seconds
Number of updated asset objects reloaded before import = 0Number of asset objects unloaded after import = 21

========================================================================
Received Import Request.
  Time since last request: 8.624517 seconds.
  path: Assets/models/Builders/Assembler_Model_ghost.prefab
  artifactKey: Guid(5f987cf987c548242b4044c57ef21111) Importer(2089858483,192608db42251d675da83286b1cce702)
Start importing Assets/models/Builders/Assembler_Model_ghost.prefab using Guid(5f987cf987c548242b4044c57ef21111) Importer(2089858483,192608db42251d675da83286b1cce702) (ScriptedImporter) -> (artifact id: '08439ad147016553a559c5fd5623f217') in 0.0295695 seconds
Number of updated asset objects reloaded before import = 0Number of asset objects unloaded after import = 10

========================================================================
Received Import Request.
  Time since last request: 0.437434 seconds.
  path: Assets/models/Builders/Assembler_Model_ghost.prefab
  artifactKey: Guid(5f987cf987c548242b4044c57ef21111) Importer(815301076,1909f56bfc062723c751e8b465ee728b)
Start importing Assets/models/Builders/Assembler_Model_ghost.prefab using Guid(5f987cf987c548242b4044c57ef21111) Importer(815301076,1909f56bfc062723c751e8b465ee728b) (PreviewImporter) -> (artifact id: '5bc0506170e38bca4b2c9db72774181a') in 0.0148563 seconds
Number of updated asset objects reloaded before import = 0Number of asset objects unloaded after import = 21

========================================================================
Received Import Request.
  Time since last request: 10.040429 seconds.
  path: Assets/models/Builders/Assembler_Model_ghost.prefab
  artifactKey: Guid(5f987cf987c548242b4044c57ef21111) Importer(2089858483,192608db42251d675da83286b1cce702)
Start importing Assets/models/Builders/Assembler_Model_ghost.prefab using Guid(5f987cf987c548242b4044c57ef21111) Importer(2089858483,192608db42251d675da83286b1cce702) (ScriptedImporter) -> (artifact id: '011dd53e8dcd4a5ab814d0d2f215aa1d') in 0.0216281 seconds
Number of updated asset objects reloaded before import = 0Number of asset objects unloaded after import = 10

========================================================================
Received Import Request.
  Time since last request: 12.926945 seconds.
  path: Assets/models/Builders/Materials
  artifactKey: Guid(8c5abef6d5e09d94a959d483eb7a328f) Importer(815301076,1909f56bfc062723c751e8b465ee728b)
Start importing Assets/models/Builders/Materials using Guid(8c5abef6d5e09d94a959d483eb7a328f) Importer(815301076,1909f56bfc062723c751e8b465ee728b) (PreviewImporter) -> (artifact id: '6357dc9db266ef46e8687b9ee4c53cea') in 0.0007966 seconds
Number of updated asset objects reloaded before import = 0Number of asset objects unloaded after import = 0

========================================================================
Received Import Request.
  Time since last request: 0.028785 seconds.
  path: Assets/models/Builders/Materials/Material.mat
  artifactKey: Guid(dd554c8f2b0808f43a07ceffca9b3047) Importer(815301076,1909f56bfc062723c751e8b465ee728b)
Start importing Assets/models/Builders/Materials/Material.mat using Guid(dd554c8f2b0808f43a07ceffca9b3047) Importer(815301076,1909f56bfc062723c751e8b465ee728b) (PreviewImporter) -> (artifact id: 'ac1ebb5fbec0a983b764d8299c8d9c67') in 0.0210554 seconds
Number of updated asset objects reloaded before import = 0Number of asset objects unloaded after import = 1

========================================================================
Received Import Request.
  Time since last request: 0.000053 seconds.
  path: Assets/models/Builders/Materials/Без имени.mat
  artifactKey: Guid(c9c3cdeee80ddad4e86b7368327d475e) Importer(815301076,1909f56bfc062723c751e8b465ee728b)
Start importing Assets/models/Builders/Materials/Без имени.mat using Guid(c9c3cdeee80ddad4e86b7368327d475e) Importer(815301076,1909f56bfc062723c751e8b465ee728b) (PreviewImporter) -> (artifact id: '07217dc31e44ec4851be54c8ea278299') in 0.0288099 seconds
Number of updated asset objects reloaded before import = 0Number of asset objects unloaded after import = 2

========================================================================
Received Import Request.
  Time since last request: 13.100233 seconds.
  path: Assets/models/Builders/Materials/Material 1.mat
  artifactKey: Guid(561f74a5909f26940897324adcf434d9) Importer(815301076,1909f56bfc062723c751e8b465ee728b)
Start importing Assets/models/Builders/Materials/Material 1.mat using Guid(561f74a5909f26940897324adcf434d9) Importer(815301076,1909f56bfc062723c751e8b465ee728b) (PreviewImporter) -> (artifact id: '5da78d59ae8a9511b9b04591e9d4717c') in 0.0218299 seconds
Number of updated asset objects reloaded before import = 0Number of asset objects unloaded after import = 1

========================================================================
Received Import Request.
  Time since last request: 0.000097 seconds.
  path: Assets/models/Builders/Materials/Без имени 1.mat
  artifactKey: Guid(163f7753a7a36d4408479eae97c09980) Importer(815301076,1909f56bfc062723c751e8b465ee728b)
Start importing Assets/models/Builders/Materials/Без имени 1.mat using Guid(163f7753a7a36d4408479eae97c09980) Importer(815301076,1909f56bfc062723c751e8b465ee728b) (PreviewImporter) -> (artifact id: 'b21ed85a180aa9b2fe87d85e9789bfc4') in 0.0215154 seconds
Number of updated asset objects reloaded before import = 0Number of asset objects unloaded after import = 2

========================================================================
Received Import Request.
  Time since last request: 0.822974 seconds.
  path: Assets/ScriptableObjects/Builders/Assembler.asset
  artifactKey: Guid(a6f6efc8d7ff3de4d88c3e747f9532ef) Importer(2089858483,192608db42251d675da83286b1cce702)
Start importing Assets/ScriptableObjects/Builders/Assembler.asset using Guid(a6f6efc8d7ff3de4d88c3e747f9532ef) Importer(2089858483,192608db42251d675da83286b1cce702) (ScriptedImporter) -> (artifact id: '03bf660800b34b4bfccc225fbe8a098d') in 0.1483951 seconds
Number of updated asset objects reloaded before import = 0Number of asset objects unloaded after import = 73

========================================================================
Received Import Request.
  Time since last request: 0.000053 seconds.
  path: Assets/models/Builders/Materials/Material 1.mat
  artifactKey: Guid(561f74a5909f26940897324adcf434d9) Importer(2089858483,192608db42251d675da83286b1cce702)
Start importing Assets/models/Builders/Materials/Material 1.mat using Guid(561f74a5909f26940897324adcf434d9) Importer(2089858483,192608db42251d675da83286b1cce702) (ScriptedImporter) -> (artifact id: '1fd86be101fe82eaa61c3e50481bcaba') in 0.0260364 seconds
Number of updated asset objects reloaded before import = 0Number of asset objects unloaded after import = 1

========================================================================
Received Import Request.
  Time since last request: 0.000086 seconds.
  path: Assets/models/Builders/Materials/Material.001 1.mat
  artifactKey: Guid(d62743db18c9adf4280859eaa142d57b) Importer(2089858483,192608db42251d675da83286b1cce702)
Start importing Assets/models/Builders/Materials/Material.001 1.mat using Guid(d62743db18c9adf4280859eaa142d57b) Importer(2089858483,192608db42251d675da83286b1cce702) (ScriptedImporter) -> (artifact id: 'c9741c4ed2547632c513b41438033a75') in 0.0229179 seconds
Number of updated asset objects reloaded before import = 0Number of asset objects unloaded after import = 1

========================================================================
Received Import Request.
  Time since last request: 0.000330 seconds.
  path: Assets/ScriptableObjects/recipes/plankRecipe 1.asset
  artifactKey: Guid(f151608f38544b9469cdd3fb90000d9f) Importer(2089858483,192608db42251d675da83286b1cce702)
Start importing Assets/ScriptableObjects/recipes/plankRecipe 1.asset using Guid(f151608f38544b9469cdd3fb90000d9f) Importer(2089858483,192608db42251d675da83286b1cce702) (ScriptedImporter) -> (artifact id: '6e3d2126eda71b61c5c6a7fa84d317cc') in 0.1055592 seconds
Number of updated asset objects reloaded before import = 0Number of asset objects unloaded after import = 45

========================================================================
Received Import Request.
  Time since last request: 6.248864 seconds.
  path: Assets/models/Builders/Materials/WMaterial 1.mat
  artifactKey: Guid(561f74a5909f26940897324adcf434d9) Importer(815301076,1909f56bfc062723c751e8b465ee728b)
Start importing Assets/models/Builders/Materials/WMaterial 1.mat using Guid(561f74a5909f26940897324adcf434d9) Importer(815301076,1909f56bfc062723c751e8b465ee728b) (PreviewImporter) -> (artifact id: '4f944042c7fdf4ccea96e4f05704cfdd') in 0.0221295 seconds
Number of updated asset objects reloaded before import = 0Number of asset objects unloaded after import = 1

========================================================================
Received Import Request.
  Time since last request: 0.902928 seconds.
  path: Assets/models/Builders/Materials/WMaterial 1.mat
  artifactKey: Guid(561f74a5909f26940897324adcf434d9) Importer(2089858483,192608db42251d675da83286b1cce702)
Start importing Assets/models/Builders/Materials/WMaterial 1.mat using Guid(561f74a5909f26940897324adcf434d9) Importer(2089858483,192608db42251d675da83286b1cce702) (ScriptedImporter) -> (artifact id: 'e3eebc5bdae1bab59a5d0d7786ed5543') in 0.0235805 seconds
Number of updated asset objects reloaded before import = 0Number of asset objects unloaded after import = 1

========================================================================
Received Import Request.
  Time since last request: 2.947125 seconds.
  path: Assets/models/Builders/Materials/WMaterial.001 1.mat
  artifactKey: Guid(d62743db18c9adf4280859eaa142d57b) Importer(815301076,1909f56bfc062723c751e8b465ee728b)
Start importing Assets/models/Builders/Materials/WMaterial.001 1.mat using Guid(d62743db18c9adf4280859eaa142d57b) Importer(815301076,1909f56bfc062723c751e8b465ee728b) (PreviewImporter) -> (artifact id: '07c6a5b2866d7f1a5c54c7a13cac9203') in 0.0219372 seconds
Number of updated asset objects reloaded before import = 0Number of asset objects unloaded after import = 1

========================================================================
Received Import Request.
  Time since last request: 0.902149 seconds.
  path: Assets/models/Builders/Materials/WMaterial.001 1.mat
  artifactKey: Guid(d62743db18c9adf4280859eaa142d57b) Importer(2089858483,192608db42251d675da83286b1cce702)
Start importing Assets/models/Builders/Materials/WMaterial.001 1.mat using Guid(d62743db18c9adf4280859eaa142d57b) Importer(2089858483,192608db42251d675da83286b1cce702) (ScriptedImporter) -> (artifact id: '4c6c5ee3a02c0f3ff9824a538da86bce') in 0.0208304 seconds
Number of updated asset objects reloaded before import = 0Number of asset objects unloaded after import = 1

========================================================================
Received Import Request.
  Time since last request: 2.136243 seconds.
  path: Assets/models/Builders/Materials/WБез имени 1.mat
  artifactKey: Guid(163f7753a7a36d4408479eae97c09980) Importer(815301076,1909f56bfc062723c751e8b465ee728b)
Start importing Assets/models/Builders/Materials/WБез имени 1.mat using Guid(163f7753a7a36d4408479eae97c09980) Importer(815301076,1909f56bfc062723c751e8b465ee728b) (PreviewImporter) -> (artifact id: '948546f21c3e0dea7f356c7cfb7df40b') in 0.0233269 seconds
Number of updated asset objects reloaded before import = 0Number of asset objects unloaded after import = 2

========================================================================
Received Import Request.
  Time since last request: 0.918793 seconds.
  path: Assets/models/Builders/Materials/WБез имени 1.mat
  artifactKey: Guid(163f7753a7a36d4408479eae97c09980) Importer(2089858483,192608db42251d675da83286b1cce702)
Start importing Assets/models/Builders/Materials/WБез имени 1.mat using Guid(163f7753a7a36d4408479eae97c09980) Importer(2089858483,192608db42251d675da83286b1cce702) (ScriptedImporter) -> (artifact id: '6b8ae02e85f8b088e53f2ec19831c0c2') in 0.0254827 seconds
Number of updated asset objects reloaded before import = 0Number of asset objects unloaded after import = 2

========================================================================
Received Import Request.
  Time since last request: 64.895893 seconds.
  path: Assets/models/Builders/Assembler_Model_ghost.prefab
  artifactKey: Guid(5f987cf987c548242b4044c57ef21111) Importer(2089858483,192608db42251d675da83286b1cce702)
Start importing Assets/models/Builders/Assembler_Model_ghost.prefab using Guid(5f987cf987c548242b4044c57ef21111) Importer(2089858483,192608db42251d675da83286b1cce702) (ScriptedImporter) -> (artifact id: 'ef046a7a98cb76cd540342be9a960eb0') in 0.0247857 seconds
Number of updated asset objects reloaded before import = 0Number of asset objects unloaded after import = 10

========================================================================
Received Import Request.
  Time since last request: 3.372913 seconds.
  path: Assets/models/Builders/Assembler_Model_ghost.prefab
  artifactKey: Guid(5f987cf987c548242b4044c57ef21111) Importer(2089858483,192608db42251d675da83286b1cce702)
Start importing Assets/models/Builders/Assembler_Model_ghost.prefab using Guid(5f987cf987c548242b4044c57ef21111) Importer(2089858483,192608db42251d675da83286b1cce702) (ScriptedImporter) -> (artifact id: 'c1097d1a2a0435ecfde0ab40595bd7f8') in 0.0242442 seconds
Number of updated asset objects reloaded before import = 0Number of asset objects unloaded after import = 10

========================================================================
Received Import Request.
  Time since last request: 2.431806 seconds.
  path: Assets/models/Builders/Assembler_Model_ghost.prefab
  artifactKey: Guid(5f987cf987c548242b4044c57ef21111) Importer(2089858483,192608db42251d675da83286b1cce702)
Start importing Assets/models/Builders/Assembler_Model_ghost.prefab using Guid(5f987cf987c548242b4044c57ef21111) Importer(2089858483,192608db42251d675da83286b1cce702) (ScriptedImporter) -> (artifact id: '87019de9559f5794490828b18951611e') in 0.0216461 seconds
Number of updated asset objects reloaded before import = 0Number of asset objects unloaded after import = 10

========================================================================
Received Import Request.
  Time since last request: 2.825785 seconds.
  path: Assets/models/Builders/Assembler_Model_ghost.prefab
  artifactKey: Guid(5f987cf987c548242b4044c57ef21111) Importer(815301076,1909f56bfc062723c751e8b465ee728b)
Start importing Assets/models/Builders/Assembler_Model_ghost.prefab using Guid(5f987cf987c548242b4044c57ef21111) Importer(815301076,1909f56bfc062723c751e8b465ee728b) (PreviewImporter) -> (artifact id: '5eb129f5a6744e02b259fca85ddd307e') in 0.0143124 seconds
Number of updated asset objects reloaded before import = 0Number of asset objects unloaded after import = 24

========================================================================
Received Import Request.
  Time since last request: 21.571197 seconds.
  path: Assets/models/Builders/Assembler_Model_ghost.prefab
  artifactKey: Guid(5f987cf987c548242b4044c57ef21111) Importer(815301076,1909f56bfc062723c751e8b465ee728b)
Start importing Assets/models/Builders/Assembler_Model_ghost.prefab using Guid(5f987cf987c548242b4044c57ef21111) Importer(815301076,1909f56bfc062723c751e8b465ee728b) (PreviewImporter) -> (artifact id: '4d755f1325114710bf03e67ef66ccee8') in 0.0153583 seconds
Number of updated asset objects reloaded before import = 0Number of asset objects unloaded after import = 23

========================================================================
Received Import Request.
  Time since last request: 0.235244 seconds.
  path: Assets/models/Builders/Assembler_Model_ghost.prefab
  artifactKey: Guid(5f987cf987c548242b4044c57ef21111) Importer(815301076,1909f56bfc062723c751e8b465ee728b)
Start importing Assets/models/Builders/Assembler_Model_ghost.prefab using Guid(5f987cf987c548242b4044c57ef21111) Importer(815301076,1909f56bfc062723c751e8b465ee728b) (PreviewImporter) -> (artifact id: '0b50881b4f4435bd816f4945c9650bf3') in 0.0127573 seconds
Number of updated asset objects reloaded before import = 0Number of asset objects unloaded after import = 22

========================================================================
Received Import Request.
  Time since last request: 46.322194 seconds.
  path: Assets/models/Builders/Conveyor_model.prefab
  artifactKey: Guid(e01d40c699de2984f96cd8930e8257c5) Importer(815301076,1909f56bfc062723c751e8b465ee728b)
Start importing Assets/models/Builders/Conveyor_model.prefab using Guid(e01d40c699de2984f96cd8930e8257c5) Importer(815301076,1909f56bfc062723c751e8b465ee728b) (PreviewImporter) -> (artifact id: '601dc0b969f831751e979addc515cb3b') in 0.0242081 seconds
Number of updated asset objects reloaded before import = 0Number of asset objects unloaded after import = 51

========================================================================
Received Import Request.
  Time since last request: 0.915561 seconds.
  path: Assets/models/Builders/Conveyor_model.prefab
  artifactKey: Guid(e01d40c699de2984f96cd8930e8257c5) Importer(2089858483,192608db42251d675da83286b1cce702)
Start importing Assets/models/Builders/Conveyor_model.prefab using Guid(e01d40c699de2984f96cd8930e8257c5) Importer(2089858483,192608db42251d675da83286b1cce702) (ScriptedImporter) -> (artifact id: 'd52ef86c138f1d439cc1e82afcfc4124') in 0.0334856 seconds
Number of updated asset objects reloaded before import = 0Number of asset objects unloaded after import = 33

========================================================================
Received Import Request.
  Time since last request: 1.689348 seconds.
  path: Assets/models/Builders/Conveyor_model.prefab
  artifactKey: Guid(e01d40c699de2984f96cd8930e8257c5) Importer(815301076,1909f56bfc062723c751e8b465ee728b)
Start importing Assets/models/Builders/Conveyor_model.prefab using Guid(e01d40c699de2984f96cd8930e8257c5) Importer(815301076,1909f56bfc062723c751e8b465ee728b) (PreviewImporter) -> (artifact id: '2066aab000f57ef4eef9a708d3fdc538') in 0.0250991 seconds
Number of updated asset objects reloaded before import = 0Number of asset objects unloaded after import = 51

========================================================================
Received Import Request.
  Time since last request: 0.932215 seconds.
  path: Assets/models/Builders/Conveyor_model.prefab
  artifactKey: Guid(e01d40c699de2984f96cd8930e8257c5) Importer(2089858483,192608db42251d675da83286b1cce702)
Start importing Assets/models/Builders/Conveyor_model.prefab using Guid(e01d40c699de2984f96cd8930e8257c5) Importer(2089858483,192608db42251d675da83286b1cce702) (ScriptedImporter) -> (artifact id: '198639902820ec6d1c2148ff8b97944b') in 0.0327807 seconds
Number of updated asset objects reloaded before import = 0Number of asset objects unloaded after import = 33

========================================================================
Received Import Request.
  Time since last request: 6.736995 seconds.
  path: Assets/models/Builders/Conveyor_model.prefab
  artifactKey: Guid(e01d40c699de2984f96cd8930e8257c5) Importer(815301076,1909f56bfc062723c751e8b465ee728b)
Start importing Assets/models/Builders/Conveyor_model.prefab using Guid(e01d40c699de2984f96cd8930e8257c5) Importer(815301076,1909f56bfc062723c751e8b465ee728b) (PreviewImporter) -> (artifact id: '18b049bd6d61e63d15480c5e046c020a') in 0.0323104 seconds
Number of updated asset objects reloaded before import = 0Number of asset objects unloaded after import = 51

========================================================================
Received Import Request.
  Time since last request: 0.925802 seconds.
  path: Assets/models/Builders/Conveyor_model.prefab
  artifactKey: Guid(e01d40c699de2984f96cd8930e8257c5) Importer(2089858483,192608db42251d675da83286b1cce702)
Start importing Assets/models/Builders/Conveyor_model.prefab using Guid(e01d40c699de2984f96cd8930e8257c5) Importer(2089858483,192608db42251d675da83286b1cce702) (ScriptedImporter) -> (artifact id: '9d5b1455072cad16f72137c23bd421fb') in 0.0273717 seconds
Number of updated asset objects reloaded before import = 0Number of asset objects unloaded after import = 33

========================================================================
Received Import Request.
  Time since last request: 5.279476 seconds.
  path: Assets/models/Builders/Conveyor_model.prefab
  artifactKey: Guid(e01d40c699de2984f96cd8930e8257c5) Importer(815301076,1909f56bfc062723c751e8b465ee728b)
Start importing Assets/models/Builders/Conveyor_model.prefab using Guid(e01d40c699de2984f96cd8930e8257c5) Importer(815301076,1909f56bfc062723c751e8b465ee728b) (PreviewImporter) -> (artifact id: 'e0b59069b28050bece136e55fd4a39ed') in 0.0247524 seconds
Number of updated asset objects reloaded before import = 0Number of asset objects unloaded after import = 51

========================================================================
Received Import Request.
  Time since last request: 0.942000 seconds.
  path: Assets/models/Builders/Conveyor_model.prefab
  artifactKey: Guid(e01d40c699de2984f96cd8930e8257c5) Importer(2089858483,192608db42251d675da83286b1cce702)
Start importing Assets/models/Builders/Conveyor_model.prefab using Guid(e01d40c699de2984f96cd8930e8257c5) Importer(2089858483,192608db42251d675da83286b1cce702) (ScriptedImporter) -> (artifact id: '445797cf19b01c8daa5ff729d08a84d2') in 0.0333085 seconds
Number of updated asset objects reloaded before import = 0Number of asset objects unloaded after import = 33

========================================================================
Received Import Request.
  Time since last request: 3.607677 seconds.
  path: Assets/models/Builders/Conveyor_model.prefab
  artifactKey: Guid(e01d40c699de2984f96cd8930e8257c5) Importer(815301076,1909f56bfc062723c751e8b465ee728b)
Start importing Assets/models/Builders/Conveyor_model.prefab using Guid(e01d40c699de2984f96cd8930e8257c5) Importer(815301076,1909f56bfc062723c751e8b465ee728b) (PreviewImporter) -> (artifact id: 'c592a4321c4cfff3b851a510d8613b1e') in 0.0223636 seconds
Number of updated asset objects reloaded before import = 0Number of asset objects unloaded after import = 51

========================================================================
Received Import Request.
  Time since last request: 0.938844 seconds.
  path: Assets/models/Builders/Conveyor_model.prefab
  artifactKey: Guid(e01d40c699de2984f96cd8930e8257c5) Importer(2089858483,192608db42251d675da83286b1cce702)
Start importing Assets/models/Builders/Conveyor_model.prefab using Guid(e01d40c699de2984f96cd8930e8257c5) Importer(2089858483,192608db42251d675da83286b1cce702) (ScriptedImporter) -> (artifact id: '1a166bc56454c9f90c4e7a280b4676d4') in 0.0277758 seconds
Number of updated asset objects reloaded before import = 0Number of asset objects unloaded after import = 33

========================================================================
Received Import Request.
  Time since last request: 1.089622 seconds.
  path: Assets/models/Builders/Conveyor_model.prefab
  artifactKey: Guid(e01d40c699de2984f96cd8930e8257c5) Importer(815301076,1909f56bfc062723c751e8b465ee728b)
Start importing Assets/models/Builders/Conveyor_model.prefab using Guid(e01d40c699de2984f96cd8930e8257c5) Importer(815301076,1909f56bfc062723c751e8b465ee728b) (PreviewImporter) -> (artifact id: 'b26260c046ce44f46a678ef5e799599c') in 0.0264053 seconds
Number of updated asset objects reloaded before import = 0Number of asset objects unloaded after import = 51

========================================================================
Received Import Request.
  Time since last request: 0.941505 seconds.
  path: Assets/models/Builders/Conveyor_model.prefab
  artifactKey: Guid(e01d40c699de2984f96cd8930e8257c5) Importer(2089858483,192608db42251d675da83286b1cce702)
Start importing Assets/models/Builders/Conveyor_model.prefab using Guid(e01d40c699de2984f96cd8930e8257c5) Importer(2089858483,192608db42251d675da83286b1cce702) (ScriptedImporter) -> (artifact id: '3dbe7d8d29e886aff376670e9e38cab6') in 0.027663 seconds
Number of updated asset objects reloaded before import = 0Number of asset objects unloaded after import = 33

========================================================================
Received Import Request.
  Time since last request: 2.350578 seconds.
  path: Assets/models/Builders/Conveyor_model.prefab
  artifactKey: Guid(e01d40c699de2984f96cd8930e8257c5) Importer(815301076,1909f56bfc062723c751e8b465ee728b)
Start importing Assets/models/Builders/Conveyor_model.prefab using Guid(e01d40c699de2984f96cd8930e8257c5) Importer(815301076,1909f56bfc062723c751e8b465ee728b) (PreviewImporter) -> (artifact id: '33e3fdc03fd4cd60fb80f29b72ba1b94') in 0.0249219 seconds
Number of updated asset objects reloaded before import = 0Number of asset objects unloaded after import = 51

========================================================================
Received Import Request.
  Time since last request: 0.931525 seconds.
  path: Assets/models/Builders/Conveyor_model.prefab
  artifactKey: Guid(e01d40c699de2984f96cd8930e8257c5) Importer(2089858483,192608db42251d675da83286b1cce702)
Start importing Assets/models/Builders/Conveyor_model.prefab using Guid(e01d40c699de2984f96cd8930e8257c5) Importer(2089858483,192608db42251d675da83286b1cce702) (ScriptedImporter) -> (artifact id: 'f66f64f493215afcedead6917fd1d984') in 0.0298476 seconds
Number of updated asset objects reloaded before import = 0Number of asset objects unloaded after import = 33

========================================================================
Received Import Request.
  Time since last request: 2.443082 seconds.
  path: Assets/models/Builders/Conveyor_model.prefab
  artifactKey: Guid(e01d40c699de2984f96cd8930e8257c5) Importer(815301076,1909f56bfc062723c751e8b465ee728b)
Start importing Assets/models/Builders/Conveyor_model.prefab using Guid(e01d40c699de2984f96cd8930e8257c5) Importer(815301076,1909f56bfc062723c751e8b465ee728b) (PreviewImporter) -> (artifact id: '2271dd48c3981f37fbe9dfa13f0a5b54') in 0.0200836 seconds
Number of updated asset objects reloaded before import = 0Number of asset objects unloaded after import = 24

========================================================================
Received Import Request.
  Time since last request: 0.942079 seconds.
  path: Assets/models/Builders/Conveyor_model.prefab
  artifactKey: Guid(e01d40c699de2984f96cd8930e8257c5) Importer(2089858483,192608db42251d675da83286b1cce702)
Start importing Assets/models/Builders/Conveyor_model.prefab using Guid(e01d40c699de2984f96cd8930e8257c5) Importer(2089858483,192608db42251d675da83286b1cce702) (ScriptedImporter) -> (artifact id: '0a76422ef7fa514a8e53677c5a8d3c20') in 0.0256689 seconds
Number of updated asset objects reloaded before import = 0Number of asset objects unloaded after import = 13

========================================================================
Received Import Request.
  Time since last request: 3.634268 seconds.
  path: Assets/models/Builders/Conveyor_model.prefab
  artifactKey: Guid(e01d40c699de2984f96cd8930e8257c5) Importer(815301076,1909f56bfc062723c751e8b465ee728b)
Start importing Assets/models/Builders/Conveyor_model.prefab using Guid(e01d40c699de2984f96cd8930e8257c5) Importer(815301076,1909f56bfc062723c751e8b465ee728b) (PreviewImporter) -> (artifact id: '2be4da27adf5ebbff5bf9048b64eb127') in 0.0221275 seconds
Number of updated asset objects reloaded before import = 0Number of asset objects unloaded after import = 23

========================================================================
Received Import Request.
  Time since last request: 1.034261 seconds.
  path: Assets/models/Builders/Conveyor_model.prefab
  artifactKey: Guid(e01d40c699de2984f96cd8930e8257c5) Importer(2089858483,192608db42251d675da83286b1cce702)
Start importing Assets/models/Builders/Conveyor_model.prefab using Guid(e01d40c699de2984f96cd8930e8257c5) Importer(2089858483,192608db42251d675da83286b1cce702) (ScriptedImporter) -> (artifact id: '00000000000000000000000000000000') in 0.0226874 seconds
Import Error Code:(4)
Message: Build asset version error: assets/models/builders/conveyor_model.prefab in SourceAssetDB has modification time of '2026-08-09T17:29:35.4711266Z' while content on disk has modification time of '2026-08-09T17:29:36.6406919Z'
  ERROR: Build asset version error: assets/models/builders/conveyor_model.prefab in SourceAssetDB has modification time of '2026-08-09T17:29:35.4711266Z' while content on disk has modification time of '2026-08-09T17:29:36.6406919Z'
Number of updated asset objects reloaded before import = 0Number of asset objects unloaded after import = 1

========================================================================
Received Import Request.
  Time since last request: 0.087304 seconds.
  path: Assets/models/Builders/Conveyor_model.prefab
  artifactKey: Guid(e01d40c699de2984f96cd8930e8257c5) Importer(815301076,1909f56bfc062723c751e8b465ee728b)
Start importing Assets/models/Builders/Conveyor_model.prefab using Guid(e01d40c699de2984f96cd8930e8257c5) Importer(815301076,1909f56bfc062723c751e8b465ee728b) (PreviewImporter) -> (artifact id: 'b5a25c89a3594a01fae238ea749e8362') in 0.0123455 seconds
Number of updated asset objects reloaded before import = 0Number of asset objects unloaded after import = 22

========================================================================
Received Import Request.
  Time since last request: 1.309121 seconds.
  path: Assets/models/Builders/Conveyor_model.prefab
  artifactKey: Guid(e01d40c699de2984f96cd8930e8257c5) Importer(815301076,1909f56bfc062723c751e8b465ee728b)
Start importing Assets/models/Builders/Conveyor_model.prefab using Guid(e01d40c699de2984f96cd8930e8257c5) Importer(815301076,1909f56bfc062723c751e8b465ee728b) (PreviewImporter) -> (artifact id: 'e562516a0e84c58af5db1f01d66c62ab') in 0.0162317 seconds
Number of updated asset objects reloaded before import = 0Number of asset objects unloaded after import = 21

========================================================================
Received Import Request.
  Time since last request: 2.870699 seconds.
  path: Assets/models/Builders/Conveyor_model.prefab
  artifactKey: Guid(e01d40c699de2984f96cd8930e8257c5) Importer(815301076,1909f56bfc062723c751e8b465ee728b)
Start importing Assets/models/Builders/Conveyor_model.prefab using Guid(e01d40c699de2984f96cd8930e8257c5) Importer(815301076,1909f56bfc062723c751e8b465ee728b) (PreviewImporter) -> (artifact id: '2ef45a1e326e5282068dd5f8cd291b02') in 0.0118934 seconds
Number of updated asset objects reloaded before import = 0Number of asset objects unloaded after import = 21

========================================================================
Received Import Request.
  Time since last request: 5.600257 seconds.
  path: Assets/models/Builders/Conveyor_model.prefab
  artifactKey: Guid(e01d40c699de2984f96cd8930e8257c5) Importer(815301076,1909f56bfc062723c751e8b465ee728b)
Start importing Assets/models/Builders/Conveyor_model.prefab using Guid(e01d40c699de2984f96cd8930e8257c5) Importer(815301076,1909f56bfc062723c751e8b465ee728b) (PreviewImporter) -> (artifact id: '55b165e0b197830d0f33123ec0bd3d0b') in 0.0131855 seconds
Number of updated asset objects reloaded before import = 0Number of asset objects unloaded after import = 21

========================================================================
Received Import Request.
  Time since last request: 0.212896 seconds.
  path: Assets/models/Builders/Conveyor_model.prefab
  artifactKey: Guid(e01d40c699de2984f96cd8930e8257c5) Importer(2089858483,192608db42251d675da83286b1cce702)
Start importing Assets/models/Builders/Conveyor_model.prefab using Guid(e01d40c699de2984f96cd8930e8257c5) Importer(2089858483,192608db42251d675da83286b1cce702) (ScriptedImporter) -> (artifact id: '901e1956b4ef4fc9e172b15666df8c6d') in 0.0175174 seconds
Number of updated asset objects reloaded before import = 0Number of asset objects unloaded after import = 10

========================================================================
Received Import Request.
  Time since last request: 1.857095 seconds.
  path: Assets/models/Builders/Conveyor_model.prefab
  artifactKey: Guid(e01d40c699de2984f96cd8930e8257c5) Importer(815301076,1909f56bfc062723c751e8b465ee728b)
Start importing Assets/models/Builders/Conveyor_model.prefab using Guid(e01d40c699de2984f96cd8930e8257c5) Importer(815301076,1909f56bfc062723c751e8b465ee728b) (PreviewImporter) -> (artifact id: '772b21f900193a11520fd4657ad68e9a') in 0.0133798 seconds
Number of updated asset objects reloaded before import = 0Number of asset objects unloaded after import = 21

========================================================================
Received Import Request.
  Time since last request: 0.104964 seconds.
  path: Assets/models/Builders/Conveyor_model.prefab
  artifactKey: Guid(e01d40c699de2984f96cd8930e8257c5) Importer(2089858483,192608db42251d675da83286b1cce702)
Start importing Assets/models/Builders/Conveyor_model.prefab using Guid(e01d40c699de2984f96cd8930e8257c5) Importer(2089858483,192608db42251d675da83286b1cce702) (ScriptedImporter) -> (artifact id: '6770c389ce0c6eed5b84b405128f0006') in 0.0161585 seconds
Number of updated asset objects reloaded before import = 0Number of asset objects unloaded after import = 10

========================================================================
Received Import Request.
  Time since last request: 10.535551 seconds.
  path: Assets/models/Builders/Conveyor_model_ghost.prefab
  artifactKey: Guid(5a4479ae761e1de4cba4c055cf89b480) Importer(815301076,1909f56bfc062723c751e8b465ee728b)
Start importing Assets/models/Builders/Conveyor_model_ghost.prefab using Guid(5a4479ae761e1de4cba4c055cf89b480) Importer(815301076,1909f56bfc062723c751e8b465ee728b) (PreviewImporter) -> (artifact id: 'f1ff4c173e9dc54c9e280361e442f0c2') in 0.0241706 seconds
Number of updated asset objects reloaded before import = 0Number of asset objects unloaded after import = 52

========================================================================
Received Import Request.
  Time since last request: 0.912603 seconds.
  path: Assets/models/Builders/Conveyor_model_ghost.prefab
  artifactKey: Guid(5a4479ae761e1de4cba4c055cf89b480) Importer(2089858483,192608db42251d675da83286b1cce702)
Start importing Assets/models/Builders/Conveyor_model_ghost.prefab using Guid(5a4479ae761e1de4cba4c055cf89b480) Importer(2089858483,192608db42251d675da83286b1cce702) (ScriptedImporter) -> (artifact id: '07e3d3592236794639545f14c0646e27') in 0.0320276 seconds
Number of updated asset objects reloaded before import = 0Number of asset objects unloaded after import = 34

========================================================================
Received Import Request.
  Time since last request: 7.872315 seconds.
  path: Assets/models/Builders/Conveyor_model_ghost.prefab
  artifactKey: Guid(5a4479ae761e1de4cba4c055cf89b480) Importer(815301076,1909f56bfc062723c751e8b465ee728b)
Start importing Assets/models/Builders/Conveyor_model_ghost.prefab using Guid(5a4479ae761e1de4cba4c055cf89b480) Importer(815301076,1909f56bfc062723c751e8b465ee728b) (PreviewImporter) -> (artifact id: '4ad7849dc6d28f36307d7dbef00f6a7a') in 0.0239686 seconds
Number of updated asset objects reloaded before import = 0Number of asset objects unloaded after import = 25

========================================================================
Received Import Request.
  Time since last request: 0.946459 seconds.
  path: Assets/models/Builders/Conveyor_model_ghost.prefab
  artifactKey: Guid(5a4479ae761e1de4cba4c055cf89b480) Importer(2089858483,192608db42251d675da83286b1cce702)
Start importing Assets/models/Builders/Conveyor_model_ghost.prefab using Guid(5a4479ae761e1de4cba4c055cf89b480) Importer(2089858483,192608db42251d675da83286b1cce702) (ScriptedImporter) -> (artifact id: 'a7ab6185cd875120908510d960914139') in 0.0289345 seconds
Number of updated asset objects reloaded before import = 0Number of asset objects unloaded after import = 14

========================================================================
Received Import Request.
  Time since last request: 8.719560 seconds.
  path: Assets/models/Builders/Conveyor_model_ghost.prefab
  artifactKey: Guid(5a4479ae761e1de4cba4c055cf89b480) Importer(815301076,1909f56bfc062723c751e8b465ee728b)
Start importing Assets/models/Builders/Conveyor_model_ghost.prefab using Guid(5a4479ae761e1de4cba4c055cf89b480) Importer(815301076,1909f56bfc062723c751e8b465ee728b) (PreviewImporter) -> (artifact id: '12550142b429aa38e3a3e942ada8c381') in 0.0137414 seconds
Number of updated asset objects reloaded before import = 0Number of asset objects unloaded after import = 25

========================================================================
Received Import Request.
  Time since last request: 0.833575 seconds.
  path: Assets/models/Builders/Conveyor_model_ghost.prefab
  artifactKey: Guid(5a4479ae761e1de4cba4c055cf89b480) Importer(815301076,1909f56bfc062723c751e8b465ee728b)
Start importing Assets/models/Builders/Conveyor_model_ghost.prefab using Guid(5a4479ae761e1de4cba4c055cf89b480) Importer(815301076,1909f56bfc062723c751e8b465ee728b) (PreviewImporter) -> (artifact id: '9dbe4e6cec09eea767e21fd829a991ed') in 0.0148388 seconds
Number of updated asset objects reloaded before import = 0Number of asset objects unloaded after import = 25

========================================================================
Received Import Request.
  Time since last request: 0.945776 seconds.
  path: Assets/models/Builders/Conveyor_model_ghost.prefab
  artifactKey: Guid(5a4479ae761e1de4cba4c055cf89b480) Importer(2089858483,192608db42251d675da83286b1cce702)
Start importing Assets/models/Builders/Conveyor_model_ghost.prefab using Guid(5a4479ae761e1de4cba4c055cf89b480) Importer(2089858483,192608db42251d675da83286b1cce702) (ScriptedImporter) -> (artifact id: '3695446a0f1aeea2ad60ce8dec514894') in 0.0265272 seconds
Number of updated asset objects reloaded before import = 0Number of asset objects unloaded after import = 14

========================================================================
Received Import Request.
  Time since last request: 1.298459 seconds.
  path: Assets/models/Builders/Conveyor_model_ghost.prefab
  artifactKey: Guid(5a4479ae761e1de4cba4c055cf89b480) Importer(815301076,1909f56bfc062723c751e8b465ee728b)
Start importing Assets/models/Builders/Conveyor_model_ghost.prefab using Guid(5a4479ae761e1de4cba4c055cf89b480) Importer(815301076,1909f56bfc062723c751e8b465ee728b) (PreviewImporter) -> (artifact id: '36181a100861310f55a89570a137014e') in 0.0140342 seconds
Number of updated asset objects reloaded before import = 0Number of asset objects unloaded after import = 25

========================================================================
Received Import Request.
  Time since last request: 0.942908 seconds.
  path: Assets/models/Builders/Conveyor_model_ghost.prefab
  artifactKey: Guid(5a4479ae761e1de4cba4c055cf89b480) Importer(2089858483,192608db42251d675da83286b1cce702)
Start importing Assets/models/Builders/Conveyor_model_ghost.prefab using Guid(5a4479ae761e1de4cba4c055cf89b480) Importer(2089858483,192608db42251d675da83286b1cce702) (ScriptedImporter) -> (artifact id: 'ac8ba5a0a6fff499110799d60fa42ba0') in 0.0272012 seconds
Number of updated asset objects reloaded before import = 0Number of asset objects unloaded after import = 14

========================================================================
Received Import Request.
  Time since last request: 9.597813 seconds.
  path: Assets/models/Builders/Conveyor_model_ghost.prefab
  artifactKey: Guid(5a4479ae761e1de4cba4c055cf89b480) Importer(815301076,1909f56bfc062723c751e8b465ee728b)
Start importing Assets/models/Builders/Conveyor_model_ghost.prefab using Guid(5a4479ae761e1de4cba4c055cf89b480) Importer(815301076,1909f56bfc062723c751e8b465ee728b) (PreviewImporter) -> (artifact id: '2ef7ac22ad99988047cd46a3e17d6a20') in 0.0196987 seconds
Number of updated asset objects reloaded before import = 0Number of asset objects unloaded after import = 24

========================================================================
Received Import Request.
  Time since last request: 1.941312 seconds.
  path: Assets/models/Builders/Conveyor_model_ghost.prefab
  artifactKey: Guid(5a4479ae761e1de4cba4c055cf89b480) Importer(2089858483,192608db42251d675da83286b1cce702)
Start importing Assets/models/Builders/Conveyor_model_ghost.prefab using Guid(5a4479ae761e1de4cba4c055cf89b480) Importer(2089858483,192608db42251d675da83286b1cce702) (ScriptedImporter) -> (artifact id: '7586db158cf701d932188ae64a1fb095') in 0.0266974 seconds
Number of updated asset objects reloaded before import = 0Number of asset objects unloaded after import = 13

========================================================================
Received Import Request.
  Time since last request: 1.243718 seconds.
  path: Assets/models/Builders/Conveyor_model_ghost.prefab
  artifactKey: Guid(5a4479ae761e1de4cba4c055cf89b480) Importer(815301076,1909f56bfc062723c751e8b465ee728b)
Start importing Assets/models/Builders/Conveyor_model_ghost.prefab using Guid(5a4479ae761e1de4cba4c055cf89b480) Importer(815301076,1909f56bfc062723c751e8b465ee728b) (PreviewImporter) -> (artifact id: '9b2d0463a7d63ed393df09c9211777c0') in 0.0135946 seconds
Number of updated asset objects reloaded before import = 0Number of asset objects unloaded after import = 22

========================================================================
Received Import Request.
  Time since last request: 1.373624 seconds.
  path: Assets/models/Builders/Conveyor_model_ghost.prefab
  artifactKey: Guid(5a4479ae761e1de4cba4c055cf89b480) Importer(2089858483,192608db42251d675da83286b1cce702)
Start importing Assets/models/Builders/Conveyor_model_ghost.prefab using Guid(5a4479ae761e1de4cba4c055cf89b480) Importer(2089858483,192608db42251d675da83286b1cce702) (ScriptedImporter)Assertion failed on expression: 'res'
UnityEngine.Debug:ExtractStackTraceNoAlloc (byte*,int,string)
UnityEngine.StackTraceUtility:ExtractStackTrace ()
UnityEditor.AssetDatabase:GetDependencies (string,bool)
UnityEditor.Search.AssetIndexer:IndexDependencies (int&,string&)
UnityEditor.Search.AssetIndexer:IndexDocument (string,bool)
UnityEditor.Search.SearchIndexEntryImporter:OnImportAsset (UnityEditor.AssetImporters.AssetImportContext)
UnityEditor.AssetImporters.ScriptedImporter:GenerateAssetData (UnityEditor.AssetImporters.AssetImportContext)

[C:\build\output\unity\unity\Runtime\Serialize\SerializationCaching\FileCacherRead.cpp line 170]

Assertion failed on expression: 'res'
UnityEngine.Debug:ExtractStackTraceNoAlloc (byte*,int,string)
UnityEngine.StackTraceUtility:ExtractStackTrace ()
UnityEditor.AssetDatabase:GetDependencies (string,bool)
UnityEditor.Search.AssetIndexer:IndexDependencies (int&,string&)
UnityEditor.Search.AssetIndexer:IndexDocument (string,bool)
UnityEditor.Search.SearchIndexEntryImporter:OnImportAsset (UnityEditor.AssetImporters.AssetImportContext)
UnityEditor.AssetImporters.ScriptedImporter:GenerateAssetData (UnityEditor.AssetImporters.AssetImportContext)

[C:\build\output\unity\unity\Runtime\Serialize\SerializationCaching\FileCacherRead.cpp line 170]

Assertion failed on expression: 'res'
UnityEngine.Debug:ExtractStackTraceNoAlloc (byte*,int,string)
UnityEngine.StackTraceUtility:ExtractStackTrace ()
UnityEditor.AssetDatabase:GetDependencies (string,bool)
UnityEditor.Search.AssetIndexer:IndexDependencies (int&,string&)
UnityEditor.Search.AssetIndexer:IndexDocument (string,bool)
UnityEditor.Search.SearchIndexEntryImporter:OnImportAsset (UnityEditor.AssetImporters.AssetImportContext)
UnityEditor.AssetImporters.ScriptedImporter:GenerateAssetData (UnityEditor.AssetImporters.AssetImportContext)

[C:\build\output\unity\unity\Runtime\Serialize\SerializationCaching\FileCacherRead.cpp line 170]

Duplicate identifier 849159068187520027. File: "Assets/models/Builders/Conveyor_model_ghost.prefab".
UnityEngine.Debug:ExtractStackTraceNoAlloc (byte*,int,string)
UnityEngine.StackTraceUtility:ExtractStackTrace ()
UnityEditor.AssetDatabase:GetDependencies (string,bool)
UnityEditor.Search.AssetIndexer:IndexDependencies (int&,string&)
UnityEditor.Search.AssetIndexer:IndexDocument (string,bool)
UnityEditor.Search.SearchIndexEntryImporter:OnImportAsset (UnityEditor.AssetImporters.AssetImportContext)
UnityEditor.AssetImporters.ScriptedImporter:GenerateAssetData (UnityEditor.AssetImporters.AssetImportContext)

[C:\build\output\unity\unity\Runtime\Serialize\SerializedFile.cpp line 1117]

Error loading the file 'Assets/models/Builders/Conveyor_model_ghost.prefab'. File has multiple objects with same identifiers. Probably caused by a merge.
UnityEngine.Debug:ExtractStackTraceNoAlloc (byte*,int,string)
UnityEngine.StackTraceUtility:ExtractStackTrace ()
UnityEditor.AssetDatabase:GetDependencies (string,bool)
UnityEditor.Search.AssetIndexer:IndexDependencies (int&,string&)
UnityEditor.Search.AssetIndexer:IndexDocument (string,bool)
UnityEditor.Search.SearchIndexEntryImporter:OnImportAsset (UnityEditor.AssetImporters.AssetImportContext)
UnityEditor.AssetImporters.ScriptedImporter:GenerateAssetData (UnityEditor.AssetImporters.AssetImportContext)

[ line 0]

 -> (artifact id: '00000000000000000000000000000000') in 0.0209099 seconds
Import Error Code:(4)
Message: Build asset version error: assets/models/builders/conveyor_model_ghost.prefab in SourceAssetDB has modification time of '2026-08-09T17:30:34.782249Z' while content on disk has modification time of '2026-08-09T17:30:36.2650496Z'
  ERROR: Build asset version error: assets/models/builders/conveyor_model_ghost.prefab in SourceAssetDB has modification time of '2026-08-09T17:30:34.782249Z' while content on disk has modification time of '2026-08-09T17:30:36.2650496Z'
Number of updated asset objects reloaded before import = 0Number of asset objects unloaded after import = 1

========================================================================
Received Import Request.
  Time since last request: 0.069510 seconds.
  path: Assets/models/Builders/Conveyor_model_ghost.prefab
  artifactKey: Guid(5a4479ae761e1de4cba4c055cf89b480) Importer(815301076,1909f56bfc062723c751e8b465ee728b)
Start importing Assets/models/Builders/Conveyor_model_ghost.prefab using Guid(5a4479ae761e1de4cba4c055cf89b480) Importer(815301076,1909f56bfc062723c751e8b465ee728b) (PreviewImporter) -> (artifact id: '00bba3fc3a62ddaf4a4a3ae0b6095526') in 0.0122714 seconds
Number of updated asset objects reloaded before import = 0Number of asset objects unloaded after import = 21

========================================================================
Received Import Request.
  Time since last request: 10.264337 seconds.
  path: Assets/models/Builders/Conveyor_model_ghost.prefab
  artifactKey: Guid(5a4479ae761e1de4cba4c055cf89b480) Importer(2089858483,192608db42251d675da83286b1cce702)
Start importing Assets/models/Builders/Conveyor_model_ghost.prefab using Guid(5a4479ae761e1de4cba4c055cf89b480) Importer(2089858483,192608db42251d675da83286b1cce702) (ScriptedImporter) -> (artifact id: '1c4c2f85b947021a3ad4d5f2b6607d6e') in 0.0234522 seconds
Number of updated asset objects reloaded before import = 0Number of asset objects unloaded after import = 10

========================================================================
Received Import Request.
  Time since last request: 1.235308 seconds.
  path: Assets/models/Builders/Conveyor_model_ghost.prefab
  artifactKey: Guid(5a4479ae761e1de4cba4c055cf89b480) Importer(2089858483,192608db42251d675da83286b1cce702)
Start importing Assets/models/Builders/Conveyor_model_ghost.prefab using Guid(5a4479ae761e1de4cba4c055cf89b480) Importer(2089858483,192608db42251d675da83286b1cce702) (ScriptedImporter) -> (artifact id: 'ff9465abffb2489c12631cab7094cd9f') in 0.0199881 seconds
Number of updated asset objects reloaded before import = 0Number of asset objects unloaded after import = 10

========================================================================
Received Import Request.
  Time since last request: 4.086919 seconds.
  path: Assets/models/Builders/Conveyor_model_ghost.prefab
  artifactKey: Guid(5a4479ae761e1de4cba4c055cf89b480) Importer(2089858483,192608db42251d675da83286b1cce702)
Start importing Assets/models/Builders/Conveyor_model_ghost.prefab using Guid(5a4479ae761e1de4cba4c055cf89b480) Importer(2089858483,192608db42251d675da83286b1cce702) (ScriptedImporter) -> (artifact id: '979934531de781d400ee2183af0f5024') in 0.0210264 seconds
Number of updated asset objects reloaded before import = 0Number of asset objects unloaded after import = 10

========================================================================
Received Import Request.
  Time since last request: 58.342326 seconds.
  path: Assets/models/Builders/Conveyor_model_ghost.prefab
  artifactKey: Guid(5a4479ae761e1de4cba4c055cf89b480) Importer(815301076,1909f56bfc062723c751e8b465ee728b)
Start importing Assets/models/Builders/Conveyor_model_ghost.prefab using Guid(5a4479ae761e1de4cba4c055cf89b480) Importer(815301076,1909f56bfc062723c751e8b465ee728b) (PreviewImporter) -> (artifact id: '7491d3ce65576b9e6a5dd2d82b2cba0c') in 0.0161333 seconds
Number of updated asset objects reloaded before import = 0Number of asset objects unloaded after import = 24

========================================================================
Received Import Request.
  Time since last request: 13.437957 seconds.
  path: Assets/models/Builders/Materials/conveer.fbm
  artifactKey: Guid(66ca38eac29155644980bfb8076a5f96) Importer(2089858483,192608db42251d675da83286b1cce702)
Start importing Assets/models/Builders/Materials/conveer.fbm using Guid(66ca38eac29155644980bfb8076a5f96) Importer(2089858483,192608db42251d675da83286b1cce702) (ScriptedImporter) -> (artifact id: '586d268d5062d8e372cd466ef0f52137') in 0.0178406 seconds
Number of updated asset objects reloaded before import = 0Number of asset objects unloaded after import = 1

========================================================================
Received Import Request.
  Time since last request: 2.773702 seconds.
  path: Assets/models/Builders/Materials/conveer.fbx
  artifactKey: Guid(d13c8b9ba76077441843da695bbd793f) Importer(2089858483,192608db42251d675da83286b1cce702)
Start importing Assets/models/Builders/Materials/conveer.fbx using Guid(d13c8b9ba76077441843da695bbd793f) Importer(2089858483,192608db42251d675da83286b1cce702) (ScriptedImporter) -> (artifact id: '3cd7216192f8f1bdac93a3b9f1857001') in 0.0391695 seconds
Number of updated asset objects reloaded before import = 0Number of asset objects unloaded after import = 11

========================================================================
Received Import Request.
  Time since last request: 10.052093 seconds.
  path: Assets/models/Builders/CONVEER_FROM_BLENDER
  artifactKey: Guid(8c5abef6d5e09d94a959d483eb7a328f) Importer(815301076,1909f56bfc062723c751e8b465ee728b)
Start importing Assets/models/Builders/CONVEER_FROM_BLENDER using Guid(8c5abef6d5e09d94a959d483eb7a328f) Importer(815301076,1909f56bfc062723c751e8b465ee728b) (PreviewImporter) -> (artifact id: 'd8304ee9811c3040189bd807ca88aa61') in 0.0007805 seconds
Number of updated asset objects reloaded before import = 0Number of asset objects unloaded after import = 0

========================================================================
Received Import Request.
  Time since last request: 0.919870 seconds.
  path: Assets/models/Builders/CONVEER_FROM_BLENDER
  artifactKey: Guid(8c5abef6d5e09d94a959d483eb7a328f) Importer(2089858483,192608db42251d675da83286b1cce702)
Start importing Assets/models/Builders/CONVEER_FROM_BLENDER using Guid(8c5abef6d5e09d94a959d483eb7a328f) Importer(2089858483,192608db42251d675da83286b1cce702) (ScriptedImporter) -> (artifact id: 'b07aaeec7514f899ec08f5e8d1ceeef5') in 0.0232512 seconds
Number of updated asset objects reloaded before import = 0Number of asset objects unloaded after import = 1

========================================================================
Received Import Request.
  Time since last request: 0.000532 seconds.
  path: Assets/models/Builders/CONVEER_FROM_BLENDER/WMaterial 1.mat
  artifactKey: Guid(561f74a5909f26940897324adcf434d9) Importer(2089858483,192608db42251d675da83286b1cce702)
Start importing Assets/models/Builders/CONVEER_FROM_BLENDER/WMaterial 1.mat using Guid(561f74a5909f26940897324adcf434d9) Importer(2089858483,192608db42251d675da83286b1cce702) (ScriptedImporter) -> (artifact id: 'fc04b86abccccfcce5ece57ab5102afe') in 0.0246991 seconds
Number of updated asset objects reloaded before import = 0Number of asset objects unloaded after import = 1

========================================================================
Received Import Request.
  Time since last request: 0.000098 seconds.
  path: Assets/models/Builders/CONVEER_FROM_BLENDER/conveer.fbm/Без имени.png
  artifactKey: Guid(fd1493ffaeba6fa4aafb746ec571325d) Importer(2089858483,192608db42251d675da83286b1cce702)
Start importing Assets/models/Builders/CONVEER_FROM_BLENDER/conveer.fbm/Без имени.png using Guid(fd1493ffaeba6fa4aafb746ec571325d) Importer(2089858483,192608db42251d675da83286b1cce702) (ScriptedImporter) -> (artifact id: '57111fe836f3d476bac099acd1ca8061') in 0.1138665 seconds
Number of updated asset objects reloaded before import = 0Number of asset objects unloaded after import = 1

========================================================================
Received Import Request.
  Time since last request: 0.000086 seconds.
  path: Assets/models/Builders/CONVEER_FROM_BLENDER/Без имени.mat
  artifactKey: Guid(c9c3cdeee80ddad4e86b7368327d475e) Importer(2089858483,192608db42251d675da83286b1cce702)
Start importing Assets/models/Builders/CONVEER_FROM_BLENDER/Без имени.mat using Guid(c9c3cdeee80ddad4e86b7368327d475e) Importer(2089858483,192608db42251d675da83286b1cce702) (ScriptedImporter) -> (artifact id: 'fc8844d9bd3a2c3753e01aae0b504077') in 0.0246607 seconds
Number of updated asset objects reloaded before import = 0Number of asset objects unloaded after import = 2

========================================================================
Received Import Request.
  Time since last request: 0.000033 seconds.
  path: Assets/models/Builders/CONVEER_FROM_BLENDER/Material.mat
  artifactKey: Guid(dd554c8f2b0808f43a07ceffca9b3047) Importer(2089858483,192608db42251d675da83286b1cce702)
Start importing Assets/models/Builders/CONVEER_FROM_BLENDER/Material.mat using Guid(dd554c8f2b0808f43a07ceffca9b3047) Importer(2089858483,192608db42251d675da83286b1cce702) (ScriptedImporter) -> (artifact id: 'f1adef0302a4fdbd5672bd632afa3610') in 0.0276168 seconds
Number of updated asset objects reloaded before import = 0Number of asset objects unloaded after import = 1

========================================================================
Received Import Request.
  Time since last request: 0.000163 seconds.
  path: Assets/models/Builders/CONVEER_FROM_BLENDER/Material.001.mat
  artifactKey: Guid(cdaf90ad0b9d40f41b63767d59de3849) Importer(2089858483,192608db42251d675da83286b1cce702)
Start importing Assets/models/Builders/CONVEER_FROM_BLENDER/Material.001.mat using Guid(cdaf90ad0b9d40f41b63767d59de3849) Importer(2089858483,192608db42251d675da83286b1cce702) (ScriptedImporter) -> (artifact id: '6c8a620c353381c09be93e0a731743f5') in 0.0226435 seconds
Number of updated asset objects reloaded before import = 0Number of asset objects unloaded after import = 1

Editor requested this worker to shutdown with reason: Scaling down because of idle timeout
AssetImportWorker is now disconnected from the server
Process exiting
Exiting without the bug reporter. Application will terminate with return code 0